user_id,puntaje_sisben,puntaje_centrado,elegible,tratado,edad,genero,estrato,tam_hogar,num_menores,zona,nivel_educativo,cod_departamento,cod_municipio
USER_000001,0.04745071229516849,0.009450712295168494,0,0,20,2,1,6,1,1,2,73,73090
USER_000002,0.03792603548243223,-7.396451756776917e-05,1,1,70,1,1,6,1,2,4,68,68052
USER_000003,0.04971532807151039,0.011715328071510392,0,0,20,2,1,2,4,2,2,13,13004
USER_000004,0.06284544784612038,0.024845447846120382,0,0,44,2,1,7,1,1,2,25,25089
USER_000005,0.03648769937914996,-0.0015123006208500392,1,1,19,1,1,3,0,1,2,66,66033
USER_000006,0.03648794564576229,-0.0015120543542377074,1,1,20,2,1,2,0,1,4,47,47078
USER_000007,0.06368819223261087,0.025688192232610867,0,0,34,2,1,4,1,1,5,11,11071
USER_000008,0.05151152093729363,0.01351152093729363,0,0,63,2,1,5,3,1,4,11,11026
USER_000009,0.03295788421097572,-0.005042115789024276,1,1,56,1,1,5,1,1,4,11,11016
USER_000010,0.04813840065378947,0.010138400653789473,0,0,71,1,2,2,2,1,3,19,19051
USER_000011,0.03304873460781307,-0.004951265392186932,1,1,70,2,1,3,0,1,2,54,54012
USER_000012,0.033014053696446145,-0.004985946303553854,1,1,55,2,1,3,0,1,4,19,19095
USER_000013,0.043629434073490514,0.005629434073490515,0,0,57,2,1,7,1,1,2,73,73088
USER_000014,0.011300796330133034,-0.026699203669866965,1,1,36,2,1,3,1,1,1,68,68008
USER_000015,0.01412623251230451,-0.02387376748769549,1,1,36,1,1,6,2,1,3,52,52012
USER_000016,0.03156568706138541,-0.006434312938614586,1,1,61,2,2,4,1,2,3,5,5036
USER_000017,0.024807533194983643,-0.013192466805016356,1,1,22,1,1,5,0,1,4,11,11078
USER_000018,0.04471370998892911,0.0067137099889291105,0,0,22,2,3,8,0,2,3,66,66083
USER_000019,0.026379638867181834,-0.011620361132818165,1,1,31,2,2,3,1,2,4,11,11074
USER_000020,0.018815444479970626,-0.019184555520029373,1,1,44,2,2,5,2,2,4,68,68080
USER_000021,0.06198473153382331,0.023984731533823314,0,0,66,2,1,4,3,1,1,50,50075
USER_000022,0.03661335549270196,-0.0013866445072980363,1,1,65,2,1,3,2,1,4,52,52048
USER_000023,0.04101292307031886,0.0030129230703188625,0,0,53,2,2,4,1,2,4,11,11033
USER_000024,0.01862877720679815,-0.01937122279320185,1,1,74,2,1,5,1,1,4,50,50008
USER_000025,0.03183425913212226,-0.006165740867877738,1,1,57,2,1,5,4,1,4,68,68027
USER_000026,0.04166383884564799,0.0036638388456479917,0,1,52,2,2,8,0,1,2,19,19030
USER_000027,0.02273509633866546,-0.015264903661334539,1,1,38,2,3,8,1,2,2,5,5012
USER_000028,0.04563547027518508,0.007635470275185081,0,0,22,2,1,8,1,1,3,25,25092
USER_000029,0.030990419651217925,-0.007009580348782074,1,1,72,2,1,2,0,1,2,63,63013
USER_000030,0.03562459375310085,-0.0023754062468991505,1,0,41,2,1,5,1,2,3,19,19073
USER_000031,0.03097440081655905,-0.00702559918344095,1,1,74,2,1,4,3,1,3,11,11089
USER_000032,0.06778417276763407,0.029784172767634072,0,0,56,2,1,4,1,1,2,66,66025
USER_000033,0.03979754162893099,0.0017975416289309903,0,0,67,2,2,2,3,2,4,11,11044
USER_000034,0.024134336065661503,-0.013865663934338496,1,1,41,1,2,6,1,1,3,8,8080
USER_000035,0.052338173681547834,0.014338173681547835,0,0,57,2,3,5,1,1,4,73,73074
USER_000036,0.021687345250434666,-0.016312654749565333,1,1,60,1,1,3,0,1,1,25,25089
USER_000037,0.043132953925071334,0.005132953925071335,0,0,63,2,1,3,0,1,2,11,11006
USER_000038,0.010604948141803369,-0.02739505185819663,1,1,67,2,2,3,4,1,1,76,76040
USER_000039,0.020077209266523545,-0.017922790733476454,1,1,30,2,2,1,0,1,3,76,76059
USER_000040,0.04295291853803685,0.004952918538036852,0,0,55,1,2,4,3,1,2,66,66031
USER_000041,0.05107699869993116,0.013076998699931161,0,0,62,1,1,4,2,1,2,50,50001
USER_000042,0.042570524217849556,0.004570524217849557,0,0,18,2,3,5,1,2,4,52,52014
USER_000043,0.03826527576417639,0.00026527576417639115,0,0,60,1,1,3,1,1,4,63,63078
USER_000044,0.03548344456616067,-0.0025165554338393292,1,1,56,1,3,7,3,1,2,5,5078
USER_000045,0.01782217014448859,-0.02017782985551141,1,1,27,2,2,4,1,1,3,19,19047
USER_000046,0.02920233687407937,-0.008797663125920629,1,1,19,2,1,6,3,1,3,13,13096
USER_000047,0.03309041843560319,-0.00490958156439681,1,1,33,2,3,3,2,1,1,25,25055
USER_000048,0.055856833393283734,0.017856833393283734,0,0,54,2,1,4,2,1,5,11,11089
USER_000049,0.04515427434352692,0.007154274343526924,0,0,33,2,3,4,2,1,2,11,11016
USER_000050,0.013554397669558993,-0.024445602330441005,1,1,40,2,2,4,0,1,2,8,8052
USER_000051,0.044861259540921926,0.006861259540921927,0,0,43,2,2,2,1,1,3,11,11074
USER_000052,0.03422376579375525,-0.003776234206244747,1,1,33,1,1,1,0,1,3,52,52053
USER_000053,0.02984616999541062,-0.008153830004589378,1,1,44,2,1,4,2,1,2,25,25048
USER_000054,0.04917514433261302,0.011175144332613018,0,1,64,2,3,3,2,1,4,73,73014
USER_000055,0.05546499283743926,0.017464992837439262,0,0,58,2,1,2,0,1,4,11,11090
USER_000056,0.05396920178674298,0.01596920178674298,0,1,47,1,2,4,0,1,4,13,13041
USER_000057,0.027411737151660422,-0.010588262848339577,1,0,50,2,2,1,1,2,4,11,11096
USER_000058,0.035361814362231785,-0.0026381856377682145,1,1,49,2,2,3,2,1,3,8,8049
USER_000059,0.04496895147105346,0.006968951471053461,0,0,26,2,2,7,2,1,4,8,8051
USER_000060,0.05463317690683539,0.01663317690683539,0,0,28,2,1,3,2,1,5,54,54012
USER_000061,0.03281238643232065,-0.005187613567679349,1,1,54,2,1,3,4,1,2,76,76009
USER_000062,0.037215115350042745,-0.0007848846499572543,1,1,23,2,2,1,2,2,4,25,25082
USER_000063,0.02340497538990958,-0.01459502461009042,1,1,47,2,2,4,1,2,2,5,5066
USER_000064,0.02205690063878994,-0.01594309936121006,1,1,57,1,2,4,1,1,3,68,68005
USER_000065,0.05218788733591297,0.014187887335912974,0,0,32,2,1,6,1,1,3,8,8066
USER_000066,0.06034360042856234,0.022343600428562344,0,0,65,2,3,4,0,1,4,11,11086
USER_000067,0.03891984817629499,0.0009198481762949934,0,0,47,2,2,8,3,2,4,8,8002
USER_000068,0.055052993468380364,0.017052993468380365,0,0,35,2,1,2,0,1,4,8,8066
USER_000069,0.045424540375714514,0.007424540375714515,0,0,29,1,2,3,1,2,3,54,54089
USER_000070,0.030323203680923137,-0.007676796319076862,1,1,72,2,2,5,2,1,1,11,11021
USER_000071,0.04542093408262621,0.0074209340826262085,0,0,21,1,2,3,0,1,3,11,11028
USER_000072,0.06307054849698954,0.025070548496989538,0,0,74,1,2,3,0,1,2,19,19059
USER_000073,0.03946260941335073,0.0014626094133507322,0,0,71,2,1,4,2,1,3,11,11045
USER_000074,0.0634696548372101,0.025469654837210094,0,0,33,2,1,3,0,1,2,11,11076
USER_000075,0.0007038234386538368,-0.037296176561346164,1,1,40,2,1,2,0,1,2,11,11052
USER_000076,0.05232853756562836,0.014328537565628359,0,0,28,2,1,4,0,1,3,25,25045
USER_000077,0.04130570602357257,0.003305706023572573,0,1,71,1,1,6,0,1,4,11,11030
USER_000078,0.035514889743011986,-0.002485110256988013,1,1,41,1,1,3,2,1,3,54,54077
USER_000079,0.04137641164803253,0.003376411648032533,0,0,39,2,2,8,1,2,3,13,13089
USER_000080,0.01018646628098661,-0.02781353371901339,1,1,56,2,1,3,0,1,3,11,11068
USER_000081,0.03670492168243732,-0.0012950783175626757,1,1,73,1,2,7,0,1,2,68,68015
USER_000082,0.0453566885726762,0.007356688572676198,0,0,32,2,1,7,2,1,2,11,11032
USER_000083,0.06216841067112274,0.024168410671122742,0,0,66,2,1,5,2,1,4,68,68001
USER_000084,0.032225946725895294,-0.005774053274104705,1,1,32,2,1,6,2,1,2,66,66057
USER_000085,0.027872595956602186,-0.010127404043397813,1,1,27,1,2,3,1,1,3,54,54092
USER_000086,0.032473644346231956,-0.005526355653768043,1,1,45,2,1,7,1,1,4,11,11054
USER_000087,0.05373103176553111,0.01573103176553111,0,0,53,2,1,3,1,1,2,25,25022
USER_000088,0.04493126664489527,0.0069312666448952676,0,0,71,1,1,8,3,1,4,8,8031
USER_000089,0.03205359694349442,-0.005946403056505581,1,1,34,1,1,7,1,2,3,5,5095
USER_000090,0.04769901149670034,0.009699011496700341,0,0,53,1,2,7,1,2,4,11,11008
USER_000091,0.041456163240220605,0.0034561632402206055,0,1,39,2,2,3,0,1,3,25,25096
USER_000092,0.054529674857993336,0.016529674857993337,0,0,40,2,1,3,0,1,1,66,66092
USER_000093,0.029469203591839715,-0.008530796408160284,1,1,46,1,1,3,1,2,4,50,50077
USER_000094,0.03508506780103348,-0.002914932198966519,1,1,39,2,1,3,3,1,2,19,19063
USER_000095,0.034118377703017636,-0.0038816222969823636,1,1,28,2,2,7,1,1,3,19,19099
USER_000096,0.018047275778018224,-0.019952724221981775,1,1,53,2,1,3,1,2,1,76,76015
USER_000097,0.04444180415596864,0.006441804155968643,0,0,61,2,2,4,2,1,4,13,13077
USER_000098,0.04391582908269834,0.005915829082698339,0,0,46,2,2,5,1,1,2,11,11093
USER_000099,0.040076701849636916,0.0020767018496369166,0,0,72,1,1,5,0,1,2,13,13047
USER_000100,0.03648119299937279,-0.0015188070006272106,1,1,59,2,2,2,1,1,3,73,73056
USER_000101,0.018769438869243787,-0.01923056113075621,1,1,49,1,1,6,1,1,5,8,8094
USER_000102,0.03369032015851962,-0.004309679841480382,1,1,31,2,1,3,2,1,3,50,50064
USER_000103,0.03485928225209846,-0.0031407177479015405,1,1,35,2,1,5,0,1,2,68,68024
USER_000104,0.027965840961675717,-0.010034159038324282,1,1,55,1,1,5,1,2,2,25,25015
USER_000105,0.03758071432500986,-0.0004192856749901386,1,0,54,1,2,5,0,2,4,11,11031
USER_000106,0.04606076285221808,0.00806076285221808,0,0,51,2,2,2,1,1,5,11,11089
USER_000107,0.06829278851815795,0.030292788518157955,0,0,74,1,3,5,1,1,3,8,8064
USER_000108,0.04261866719247759,0.004618667192477589,0,0,62,1,1,5,2,2,3,25,25040
USER_000109,0.04386325586084146,0.005863255860841458,0,0,40,2,1,5,0,1,4,66,66083
USER_000110,0.0388833112635075,0.0008833112635074983,0,0,49,2,1,5,2,1,3,63,63039
USER_000111,0.011218431770514379,-0.02678156822948562,1,0,63,1,2,4,0,2,4,11,11056
USER_000112,0.039602291868261745,0.001602291868261746,0,0,20,2,1,3,0,2,4,68,68009
USER_000113,0.0409034531491154,0.002903453149115401,0,0,72,2,1,4,1,1,4,11,11002
USER_000114,0.07694863168727929,0.03894863168727929,0,0,60,2,1,6,0,1,2,68,68047
USER_000115,0.037114585528283166,-0.0008854144717168333,1,1,39,2,1,5,0,1,1,68,68074
USER_000116,0.04452321013500419,0.00652321013500419,0,0,40,1,1,2,2,1,5,66,66060
USER_000117,0.03947932345442135,0.0014793234544213524,0,0,21,1,1,7,2,1,5,73,73014
USER_000118,0.02246982943570702,-0.01553017056429298,1,0,30,1,1,6,2,1,4,73,73064
USER_000119,0.05714234221772531,0.01914234221772531,0,0,49,1,1,6,2,1,2,5,5047
USER_000120,0.05127899549030161,0.013278995490301614,0,0,46,2,1,6,1,2,3,25,25002
USER_000121,0.0518654792056457,0.013865479205645702,0,0,57,2,2,2,2,1,4,11,11099
USER_000122,0.02635918817807892,-0.01164081182192108,1,1,57,2,1,6,1,2,2,73,73049
USER_000123,0.06104191466404149,0.023041914664041492,0,0,72,2,1,2,1,1,5,25,25011
USER_000124,0.018972234058115788,-0.01902776594188421,1,1,62,2,2,3,2,1,4,25,25022
USER_000125,0.048802856407004054,0.010802856407004055,0,0,72,2,1,4,1,1,4,50,50009
USER_000126,0.07285683438714968,0.034856834387149684,0,0,27,2,2,5,0,1,4,11,11049
USER_000127,0.025141955123039676,-0.012858044876960323,1,1,30,2,1,4,2,1,3,47,47045
USER_000128,0.03150553405595842,-0.006494465944041579,1,1,62,1,1,3,0,2,2,11,11042
USER_000129,0.04149477047631462,0.003494770476314621,0,0,73,1,1,4,0,1,2,25,25044
USER_000130,0.032447865188257013,-0.0055521348117429856,1,1,34,1,2,3,0,1,3,73,73064
USER_000131,0.016740048534008012,-0.021259951465991987,1,1,55,1,1,8,2,1,5,76,76062
USER_000132,0.04102844462209041,0.003028444622090412,0,0,19,2,1,4,1,1,1,11,11070
USER_000133,0.024065444294108427,-0.013934555705891572,1,1,34,2,1,8,1,1,4,19,19077
USER_000134,0.047103886459527726,0.009103886459527727,0,0,61,2,1,6,1,1,4,11,11097
USER_000135,0.02620863648649295,-0.011791363513507049,1,1,43,2,1,5,2,2,4,63,63035
USER_000136,0.06324901607526309,0.025249016075263093,0,0,72,2,1,3,0,1,5,11,11051
USER_000137,0.028251200614956444,-0.009748799385043555,1,1,55,1,2,3,0,1,2,11,11005
USER_000138,0.035169077256914864,-0.0028309227430851347,1,1,54,2,1,4,1,1,2,47,47056
USER_000139,0.052202758260545046,0.014202758260545047,0,0,22,1,2,3,2,1,2,11,11099
USER_000140,0.021537035253490672,-0.016462964746509327,1,1,42,2,1,6,2,1,4,19,19038
USER_000141,0.04341189901906194,0.005411899019061944,0,0,26,1,1,4,3,1,2,8,8036
USER_000142,0.059607141314236424,0.021607141314236425,0,0,45,2,3,5,2,1,1,19,19008
USER_000143,0.01588775148158159,-0.02211224851841841,1,1,39,2,2,5,2,1,1,25,25084
USER_000144,0.042769507877984565,0.004769507877984566,0,0,46,2,1,6,0,2,3,66,66018
USER_000145,0.043898241913726356,0.005898241913726357,0,0,52,1,1,7,3,2,3,13,13074
USER_000146,0.05172734307665965,0.013727343076659654,0,0,72,2,2,4,0,1,2,11,11050
USER_000147,0.02144573933682877,-0.016554260663171227,1,0,37,2,3,3,1,2,2,73,73092
USER_000148,0.020193150803735856,-0.017806849196264143,1,1,22,1,2,4,1,2,2,13,13060
USER_000149,0.047829123484253465,0.009829123484253466,0,0,56,2,2,3,2,1,3,8,8066
USER_000150,0.04445477009849779,0.006454770098497792,0,0,61,2,1,4,1,1,3,66,66025
USER_000151,0.04375739275518815,0.005757392755188148,0,0,49,2,3,5,0,1,4,8,8065
USER_000152,0.04519672314245464,0.0071967231424546405,0,0,56,1,1,4,1,1,3,25,25050
USER_000153,0.029799629176322638,-0.008200370823677361,1,1,27,2,1,5,2,1,2,68,68091
USER_000154,0.04348380545741505,0.005483805457415052,0,0,57,1,3,9,1,1,4,66,66071
USER_000155,0.044396087099480216,0.006396087099480217,0,0,34,1,1,5,1,1,2,52,52098
USER_000156,0.029284728729604484,-0.008715271270395515,1,1,54,1,1,3,0,1,4,25,25059
USER_000157,0.06798661766717135,0.029986617667171346,0,1,32,1,1,6,1,2,4,66,66042
USER_000158,0.047107493813676814,0.009107493813676815,0,0,26,2,2,5,2,2,2,8,8074
USER_000159,0.022130447541960273,-0.015869552458039726,1,1,49,1,1,4,1,1,3,76,76035
USER_000160,0.04984830412950745,0.01184830412950745,0,0,40,2,1,2,3,1,3,5,5074
USER_000161,0.02537977494659018,-0.01262022505340982,1,1,28,2,1,8,5,1,4,25,25061
USER_000162,0.05180626905613678,0.013806269056136779,0,0,30,2,1,5,0,1,3,11,11016
USER_000163,0.05737893368511106,0.01937893368511106,0,0,35,2,2,4,1,1,2,68,68084
USER_000164,0.027689765224724345,-0.010310234775275654,1,1,66,2,1,9,1,2,4,73,73057
USER_000165,0.05445064193866483,0.01645064193866483,0,0,73,2,1,2,0,1,4,11,11098
USER_000166,0.04619171390404748,0.008191713904047479,0,0,26,1,1,7,2,2,4,76,76053
USER_000167,0.05233090239991735,0.014330902399917349,0,0,59,2,1,4,1,2,3,54,54057
USER_000168,0.06845189473980921,0.030451894739809214,0,0,22,1,1,3,0,1,4,68,68010
USER_000169,0.036319178259956945,-0.0016808217400430536,1,1,60,1,1,5,0,1,2,52,52073
USER_000170,0.028693957534637656,-0.009306042465362343,1,1,39,2,1,7,2,1,4,76,76047
USER_000171,0.026657283555617153,-0.011342716444382846,1,1,49,1,1,4,1,2,2,11,11088
USER_000172,0.027762845725518428,-0.010237154274481571,1,1,64,2,3,4,1,1,4,8,8005
USER_000173,0.03884347435878844,0.0008434743587884402,0,0,19,1,2,4,0,1,2,54,54069
USER_000174,0.04511727962224965,0.007117279622249652,0,0,38,2,1,7,2,1,4,25,25077
USER_000175,0.04415036198995029,0.006150361989950288,0,0,45,1,1,5,1,1,2,66,66046
USER_000176,0.052407748735540355,0.014407748735540356,0,0,69,1,1,4,2,1,4,25,25006
USER_000177,0.04019502837816861,0.002195028378168609,0,0,41,2,3,5,0,1,2,73,73092
USER_000178,0.061803011157359755,0.023803011157359756,0,0,41,2,1,7,2,1,3,25,25061
USER_000179,0.03603014750143066,-0.0019698524985693397,1,1,31,2,1,5,4,1,4,68,68005
USER_000180,0.08080253749884428,0.04280253749884428,0,1,54,2,3,2,1,1,4,66,66002
USER_000181,0.049385010216475095,0.011385010216475096,0,0,44,1,1,7,0,1,4,11,11049
USER_000182,0.027142636653755763,-0.010857363346244236,1,1,41,2,1,6,4,2,4,47,47028
USER_000183,0.02393661252908332,-0.01406338747091668,1,1,23,2,1,6,2,1,3,11,11061
USER_000184,0.04723708622864778,0.00923708622864778,0,0,43,2,1,6,1,1,2,25,25083
USER_000185,0.03664805822011224,-0.0013519417798877609,1,1,71,1,1,5,0,2,2,54,54044
USER_000186,0.05071000741138138,0.012710007411381383,0,0,32,2,2,4,3,1,3,66,66004
USER_000187,0.04709856436860317,0.009098564368603172,0,0,46,2,1,6,1,1,5,50,50057
USER_000188,0.03890756631014691,0.0009075663101469136,0,0,53,2,2,5,0,2,4,76,76028
USER_000189,0.027298094228973925,-0.010701905771026074,1,1,27,1,3,3,0,1,1,11,11090
USER_000190,0.017277291629712033,-0.020722708370287966,1,1,45,2,2,3,3,1,2,19,19086
USER_000191,0.03330227571899468,-0.004697724281005317,1,1,68,2,2,5,1,2,4,25,25052
USER_000192,0.05284598191485208,0.014845981914852084,0,0,26,1,3,2,1,1,2,47,47022
USER_000193,0.04321140616195306,0.005211406161953064,0,0,38,2,1,8,0,1,3,25,25050
USER_000194,0.021313918319320183,-0.016686081680679817,1,1,27,2,1,5,2,1,5,11,11082
USER_000195,0.04259771388776773,0.004597713887767731,0,0,21,1,3,2,1,2,5,11,11010
USER_000196,0.04577976069593255,0.007779760695932551,0,0,71,1,1,2,1,1,2,52,52053
USER_000197,0.026742138456983006,-0.011257861543016993,1,1,21,1,1,3,2,1,3,73,73036
USER_000198,0.04230587658918292,0.004305876589182918,0,1,23,1,1,1,0,1,4,68,68062
USER_000199,0.04087313077669,0.0028731307766899986,0,0,43,1,2,3,1,1,2,47,47009
USER_000200,0.022855445532540656,-0.015144554467459343,1,1,57,1,3,5,0,1,1,11,11022
USER_000201,0.04536681040522425,0.007366810405224251,0,0,33,1,1,3,2,1,2,73,73086
USER_000202,0.04841176789552352,0.010411767895523519,0,0,25,2,1,6,1,1,5,19,19026
USER_000203,0.05624576864762915,0.018245768647629154,0,0,45,2,1,5,0,1,4,8,8066
USER_000204,0.05580703078052354,0.017807030780523543,0,0,33,2,2,5,2,2,2,52,52056
USER_000205,0.019334959480643635,-0.018665040519356364,1,1,55,2,1,5,0,1,4,73,73006
USER_000206,0.02593262440127316,-0.01206737559872684,1,1,66,1,1,1,4,2,4,11,11014
USER_000207,0.047725529008129895,0.009725529008129896,0,0,18,2,1,5,1,1,3,25,25025
USER_000208,0.04770678926368313,0.009706789263683131,0,0,36,1,2,2,0,1,3,54,54048
USER_000209,0.047725715294590715,0.009725715294590716,0,1,67,2,2,6,3,1,4,8,8090
USER_000210,0.09779097235982082,0.05979097235982082,0,0,34,1,1,2,3,1,3,11,11083
USER_000211,0.0485633576603975,0.010563357660397503,0,0,66,1,2,6,3,1,3,50,50040
USER_000212,0.05703348460270898,0.019033484602708983,0,0,45,1,1,4,2,1,2,73,73034
USER_000213,0.05431002645239803,0.016310026452398034,0,0,61,2,1,4,2,1,4,11,11006
USER_000214,0.04977086876958697,0.011770868769586974,0,0,29,1,1,4,1,1,2,5,5002
USER_000215,0.03527096133039482,-0.00272903866960518,1,1,23,1,1,5,3,1,4,52,52084
USER_000216,0.05138453830739901,0.01338453830739901,0,0,24,1,1,6,0,1,4,13,13005
USER_000217,0.028407621781936423,-0.009592378218063576,1,1,25,2,1,5,3,2,3,73,73091
USER_000218,0.03644772089889987,-0.001552279101100132,1,1,20,2,1,5,2,1,3,11,11015
USER_000219,0.03271954678256345,-0.005280453217436552,1,1,66,2,1,5,2,1,5,8,8009
USER_000220,0.04122811209079484,0.003228112090794842,0,0,38,2,1,5,0,2,3,52,52090
USER_000221,0.07471987850010263,0.03671987850010263,0,0,25,2,1,5,1,1,4,73,73007
USER_000222,0.011991022111123777,-0.02600897788887622,1,1,45,1,1,5,1,1,2,25,25025
USER_000223,0.0502939028556177,0.012293902855617704,0,0,47,2,2,9,1,2,2,25,25037
USER_000224,0.015809261932155223,-0.022190738067844776,1,1,49,2,1,4,1,1,2,11,11028
USER_000225,0.032921022013158496,-0.005078977986841503,1,0,28,2,2,3,5,1,3,8,8045
USER_000226,0.0563342589545105,0.018334258954510498,0,0,37,2,1,2,1,1,5,68,68001
USER_000227,0.04096420028643194,0.002964200286431941,0,0,67,2,2,6,0,1,1,11,11068
USER_000228,0.02383382833106041,-0.01416617166893959,1,1,33,2,1,4,1,1,4,11,11038
USER_000229,0.02927044436110048,-0.00872955563889952,1,1,42,2,1,6,0,1,4,13,13046
USER_000230,0.050193966234020136,0.012193966234020137,0,0,62,2,2,2,1,1,3,66,66092
USER_000231,0.029044500524242952,-0.008955499475757047,1,1,26,1,1,5,0,1,4,19,19011
USER_000232,0.04324687884372962,0.005246878843729624,0,0,68,1,1,5,2,2,5,11,11024
USER_000233,0.04068357759855721,0.0026835775985572102,0,0,56,2,3,5,1,1,3,11,11097
USER_000234,0.030225994785912747,-0.007774005214087252,1,1,66,1,3,3,2,1,5,25,25010
USER_000235,0.07215916133987989,0.03415916133987989,0,0,57,1,2,4,1,1,2,25,25077
USER_000236,0.04950878533477017,0.01150878533477017,0,0,57,2,1,2,0,1,1,8,8002
USER_000237,0.009622861200135894,-0.028377138799864105,1,1,20,2,2,4,1,1,2,25,25034
USER_000238,0.04279681472154141,0.004796814721541413,0,0,33,2,1,6,3,1,5,8,8073
USER_000239,0.03007320302847418,-0.007926796971525818,1,1,29,2,3,3,0,1,3,11,11001
USER_000240,0.05278650002194336,0.014786500021943358,0,0,32,1,2,2,1,1,3,25,25035
USER_000241,0.02811218892350949,-0.009887811076490508,1,1,70,2,1,5,1,1,4,19,19068
USER_000242,0.038278953377996514,0.0002789533779965145,0,0,21,2,1,4,2,1,4,8,8056
USER_000243,0.04757480918470686,0.009574809184706858,0,0,40,2,2,4,1,1,3,11,11027
USER_000244,0.052986327912551826,0.014986327912551826,0,0,44,2,2,2,1,1,4,11,11093
USER_000245,0.02199555389416336,-0.01600444610583664,1,1,56,1,2,6,1,1,3,25,25002
USER_000246,0.03498248146238578,-0.003017518537614221,1,1,60,1,3,5,2,2,2,63,63003
USER_000247,0.03287582033258566,-0.005124179667414339,1,0,73,2,1,3,1,2,3,5,5054
USER_000248,0.030200061511394323,-0.007799938488605676,1,1,54,2,1,4,1,2,4,25,25018
USER_000249,0.06648181360421646,0.028481813604216456,0,0,30,1,2,9,1,1,2,54,54083
USER_000250,0.04607472566441433,0.008074725664414334,0,0,60,2,1,5,5,1,2,11,11010
USER_000251,0.021086740684974323,-0.016913259315025676,1,1,54,2,3,4,3,2,2,11,11087
USER_000252,0.053767929205821643,0.015767929205821644,0,0,57,2,2,3,1,2,4,25,25048
USER_000253,0.0718323429551895,0.033832342955189505,0,0,38,2,3,3,1,1,3,76,76020
USER_000254,0.055486978908267204,0.017486978908267205,0,0,46,2,1,4,1,2,2,8,8029
USER_000255,0.0172094505106898,-0.0207905494893102,1,1,46,2,1,3,3,1,3,25,25005
USER_000256,0.03273648890700623,-0.005263511092993771,1,1,66,2,1,5,0,2,4,11,11029
USER_000257,0.05900366723779934,0.02100366723779934,0,0,28,1,1,2,1,1,3,54,54086
USER_000258,0.02938495801571829,-0.008615041984281709,1,1,68,1,2,8,1,1,2,8,8076
USER_000259,0.04665729142219343,0.00865729142219343,0,0,67,1,1,4,0,1,2,11,11013
USER_000260,0.051619510801440054,0.013619510801440055,0,0,45,2,2,9,1,1,4,5,5089
USER_000261,0.026096042926328757,-0.011903957073671242,1,1,27,2,1,7,3,1,2,25,25023
USER_000262,0.039107119659073,0.0011071196590730012,0,0,22,2,2,2,2,1,2,8,8094
USER_000263,0.0,-0.038,1,1,73,2,2,5,1,1,5,68,68086
USER_000264,0.024634185379985653,-0.013365814620014346,1,1,74,1,3,7,0,1,3,68,68045
USER_000265,0.0362114777291026,-0.0017885222708974025,1,1,42,1,1,3,3,1,2,63,63070
USER_000266,0.02128325227052726,-0.01671674772947274,1,0,50,2,1,6,1,1,4,8,8001
USER_000267,0.06448616955897453,0.02648616955897453,0,0,34,1,2,4,3,1,2,11,11006
USER_000268,0.018547879330590513,-0.019452120669409486,1,1,66,1,1,4,1,1,3,5,5089
USER_000269,0.033399332699545245,-0.004600667300454754,1,1,50,2,1,1,1,1,1,63,63074
USER_000270,0.04196110865929137,0.003961108659291369,0,0,42,2,3,4,2,1,5,68,68043
USER_000271,0.06161909933599173,0.023619099335991732,0,0,50,1,1,5,1,1,4,25,25073
USER_000272,0.01846206773230841,-0.01953793226769159,1,1,72,2,1,3,0,2,5,68,68082
USER_000273,0.057447456282324394,0.019447456282324395,0,0,71,2,1,4,0,1,3,8,8049
USER_000274,0.0401534959152938,0.0021534959152938044,0,0,26,1,1,5,0,1,4,25,25032
USER_000275,0.025277370234280738,-0.012722629765719261,1,1,44,2,2,3,1,1,2,63,63048
USER_000276,0.04693155211394906,0.00893155211394906,0,0,42,2,1,3,1,1,3,68,68058
USER_000277,0.04298589543360205,0.004985895433602054,0,0,21,1,2,6,1,1,2,8,8034
USER_000278,0.03099674684261808,-0.0070032531573819175,1,1,26,2,1,2,0,1,2,11,11073
USER_000279,0.041047031274850286,0.003047031274850287,0,0,63,2,2,6,3,1,2,8,8036
USER_000280,0.0342202960470736,-0.0037797039529264,1,0,32,2,1,6,0,2,3,47,47051
USER_000281,0.04170276017876872,0.0037027601787687214,0,0,33,2,2,4,0,2,2,11,11068
USER_000282,0.0499319601178157,0.0119319601178157,0,0,33,2,3,7,2,1,2,73,73051
USER_000283,0.06379025224218028,0.025790252242180282,0,0,30,1,2,4,0,2,2,11,11095
USER_000284,0.021432767517597266,-0.016567232482402734,1,1,31,2,1,4,3,1,5,25,25087
USER_000285,0.071995500619844,0.033995500619844,0,0,39,2,1,4,0,1,4,11,11006
USER_000286,0.010718683007162473,-0.027281316992837527,1,0,38,1,1,3,2,1,2,11,11073
USER_000287,0.03772322357446625,-0.00027677642553374654,1,1,26,2,2,7,0,1,5,73,73085
USER_000288,0.04882475809726864,0.010824758097268641,0,0,72,1,1,3,1,2,4,66,66095
USER_000289,0.04421487801602549,0.0062148780160254935,0,0,58,2,2,9,2,1,3,8,8045
USER_000290,0.030659507202691092,-0.007340492797308907,1,1,70,2,3,5,1,1,2,63,63039
USER_000291,0.036878166244640874,-0.001121833755359125,1,1,21,2,1,2,3,1,2,11,11089
USER_000292,0.032604985980117504,-0.005395014019882495,1,1,27,2,1,3,1,1,3,11,11019
USER_000293,0.031159528645836824,-0.006840471354163175,1,1,52,2,3,3,3,1,4,68,68082
USER_000294,0.05274403145531537,0.014744031455315373,0,0,70,2,1,1,0,1,4,13,13021
USER_000295,0.04535523228947571,0.0073552322894757105,0,0,26,1,1,6,0,1,1,73,73087
USER_000296,0.02960635607109019,-0.00839364392890981,1,1,68,1,2,4,0,1,3,5,5077
USER_000297,0.053493998131498764,0.015493998131498765,0,0,65,2,1,5,1,1,3,11,11069
USER_000298,0.04460949281314914,0.00660949281314914,0,0,33,1,3,6,1,1,4,54,54082
USER_000299,0.052192931782584405,0.014192931782584406,0,0,66,2,2,6,2,1,3,11,11089
USER_000300,0.04944443262885419,0.011444432628854188,0,0,35,2,1,5,2,1,2,8,8055
USER_000301,0.027565074836168914,-0.010434925163831085,1,1,27,1,1,3,2,1,3,25,25012
USER_000302,0.031597284397045455,-0.006402715602954544,1,1,38,1,3,5,0,1,3,50,50069
USER_000303,0.05120940407684893,0.013209404076848931,0,0,68,2,2,6,1,1,3,5,5012
USER_000304,0.049155553981501975,0.011155553981501976,0,0,71,1,1,7,1,2,2,25,25001
USER_000305,0.03968647609053778,0.001686476090537778,0,0,32,2,1,5,3,1,2,54,54049
USER_000306,0.04175991074963173,0.00375991074963173,0,0,32,1,1,4,0,1,1,47,47029
USER_000307,0.059164973436826376,0.021164973436826377,0,0,28,1,3,8,2,2,2,8,8090
USER_000308,0.03112642916746255,-0.006873570832537448,1,1,57,2,1,6,1,1,4,68,68097
USER_000309,0.04820646071755057,0.010206460717550568,0,0,71,2,1,7,0,2,1,8,8049
USER_000310,0.03696711021349159,-0.0010328897865084091,1,1,65,2,3,4,2,1,3,13,13017
USER_000311,0.036734781951591695,-0.0012652180484083037,1,1,59,1,1,3,1,1,3,11,11099
USER_000312,0.05648165277980786,0.01848165277980786,0,0,58,2,1,5,2,1,4,50,50035
USER_000313,0.05238124523482045,0.014381245234820449,0,0,64,2,3,5,4,1,4,11,11063
USER_000314,0.05220264454000958,0.014202644540009579,0,0,71,2,1,6,0,1,5,25,25004
USER_000315,0.05958218210731494,0.02158218210731494,0,0,54,2,3,2,0,1,3,54,54021
USER_000316,0.040315057624491384,0.0023150576244913845,0,0,37,1,1,2,0,1,5,19,19035
USER_000317,0.05022929456942446,0.01222929456942446,0,0,51,2,1,6,2,1,2,54,54055
USER_000318,0.03534599865109816,-0.002654001348901841,1,1,39,2,1,3,3,2,1,68,68073
USER_000319,0.04486249528732663,0.006862495287326631,0,0,65,2,3,4,1,1,2,11,11053
USER_000320,0.03804785418448473,4.7854184484733e-05,0,0,35,2,1,7,1,1,4,19,19072
USER_000321,0.041454939474890776,0.0034549394748907766,0,0,33,2,1,5,0,1,1,50,50004
USER_000322,0.048927355381553704,0.010927355381553705,0,0,22,1,1,3,0,1,2,47,47049
USER_000323,0.027726689751497915,-0.010273310248502084,1,1,18,2,1,3,0,1,5,13,13072
USER_000324,0.0713858091352819,0.033385809135281906,0,0,36,1,2,2,1,1,3,11,11023
USER_000325,0.02490973927750447,-0.013090260722495528,1,1,27,2,1,7,2,2,1,5,5042
USER_000326,0.021787170808184018,-0.01621282919181598,1,1,38,1,2,6,1,1,2,76,76086
USER_000327,0.05737166310250102,0.01937166310250102,0,0,30,2,2,4,1,2,3,8,8066
USER_000328,0.051874940409444036,0.013874940409444037,0,0,72,2,1,5,0,1,1,19,19036
USER_000329,0.049361797255782325,0.011361797255782326,0,0,41,1,1,2,2,1,3,19,19078
USER_000330,0.0494251826389642,0.0114251826389642,0,0,40,2,1,1,0,1,5,73,73022
USER_000331,0.03981629840729628,0.001816298407296281,0,0,40,2,3,9,2,2,2,11,11033
USER_000332,0.026541184427712528,-0.011458815572287472,1,1,28,1,1,5,1,1,2,63,63052
USER_000333,0.04113706837290589,0.0031370683729058935,0,0,64,1,1,4,1,1,1,8,8023
USER_000334,0.029842574327318325,-0.008157425672681674,1,1,19,2,2,5,1,1,1,8,8023
USER_000335,0.05462679600126627,0.01662679600126627,0,0,23,1,3,6,0,2,4,76,76013
USER_000336,0.03779413927746792,-0.000205860722532078,1,1,70,2,1,4,1,2,2,8,8001
USER_000337,0.02761754204811233,-0.01038245795188767,1,1,28,2,2,3,2,1,1,11,11083
USER_000338,0.0351792123752051,-0.0028207876247949015,1,1,32,2,1,8,3,2,3,63,63034
USER_000339,0.04619397181413437,0.008193971814134372,0,0,26,2,1,5,0,2,2,66,66038
USER_000340,0.031544131707940376,-0.006455868292059623,1,1,29,2,1,2,0,2,2,8,8024
USER_000341,0.02766669406650353,-0.010333305933496469,1,0,53,2,2,5,0,1,3,11,11065
USER_000342,0.043655308172378685,0.0056553081723786855,0,0,45,2,1,4,0,1,2,11,11069
USER_000343,0.043674498566630846,0.0056744985666308465,0,0,40,2,1,4,3,1,1,54,54007
USER_000344,0.032395852369433056,-0.005604147630566943,1,1,44,1,1,3,1,2,3,68,68062
USER_000345,0.03293442541572516,-0.00506557458427484,1,1,41,1,1,3,2,1,2,11,11028
USER_000346,0.043480749060364546,0.005480749060364547,0,1,31,2,1,3,3,2,3,73,73001
USER_000347,0.01827873487754014,-0.01972126512245986,1,1,71,2,1,2,2,1,4,8,8013
USER_000348,0.018888043384351672,-0.019111956615648327,1,1,52,1,1,6,2,1,2,63,63051
USER_000349,0.02922333668121346,-0.00877666331878654,1,1,44,2,1,4,0,1,4,8,8071
USER_000350,0.03679829272432229,-0.0012017072756777061,1,1,38,2,1,8,1,1,2,68,68050
USER_000351,0.04466361348397007,0.006663613483970071,0,0,66,2,1,5,0,1,4,76,76061
USER_000352,0.06213034325424328,0.024130343254243278,0,0,30,2,1,6,1,1,1,8,8056
USER_000353,0.05286489434803029,0.014864894348030289,0,0,25,1,1,5,0,2,4,13,13022
USER_000354,0.037600922050548595,-0.00039907794945140407,1,0,61,2,1,5,1,1,2,68,68053
USER_000355,0.039714756881459666,0.001714756881459667,0,0,61,1,2,5,1,2,3,76,76021
USER_000356,0.02496205953043287,-0.01303794046956713,1,1,61,2,1,7,2,1,2,19,19016
USER_000357,0.03972230296011415,0.0017223029601141499,0,0,51,2,1,5,0,1,2,25,25058
USER_000358,0.03567012041619793,-0.002329879583802069,1,1,59,2,2,5,0,1,3,11,11077
USER_000359,0.04484077840507134,0.006840778405071343,0,0,40,2,1,4,0,2,3,11,11015
USER_000360,0.027591535846715157,-0.010408464153284842,1,1,26,2,2,5,0,1,1,66,66053
USER_000361,0.04779019771361759,0.009790197713617589,0,0,18,2,1,7,0,1,1,19,19020
USER_000362,0.06299108369503867,0.02499108369503867,0,0,53,2,1,4,2,1,4,63,63095
USER_000363,0.038368597773147134,0.0003685977731471349,0,0,72,2,1,2,2,1,3,25,25053
USER_000364,0.04602567583148412,0.00802567583148412,0,0,63,2,3,6,0,1,2,73,73023
USER_000365,0.050352159875666685,0.012352159875666686,0,0,33,2,1,2,0,2,2,11,11085
USER_000366,0.03398169292171246,-0.004018307078287542,1,1,42,1,3,7,3,2,1,8,8083
USER_000367,0.04336138722715625,0.005361387227156254,0,0,35,2,1,5,0,1,2,11,11057
USER_000368,0.040188886011726925,0.002188886011726926,0,0,51,2,3,2,0,1,3,66,66020
USER_000369,0.04146514147823248,0.0034651414782324794,0,0,55,2,1,6,0,2,3,19,19031
USER_000370,0.028404853242168005,-0.009595146757831994,1,1,20,2,2,2,1,2,4,54,54048
USER_000371,0.04036765261388414,0.0023676526138841428,0,0,37,1,2,4,1,1,3,52,52009
USER_000372,0.04746997436868174,0.009469974368681744,0,0,36,1,2,4,1,1,2,73,73005
USER_000373,0.06176715411692563,0.023767154116925628,0,0,30,1,1,5,1,2,3,47,47014
USER_000374,0.0543890623912781,0.016389062391278103,0,0,34,2,2,6,0,1,3,25,25039
USER_000375,0.07229773686267335,0.03429773686267335,0,0,31,1,2,5,2,2,3,8,8049
USER_000376,0.028489786556679258,-0.009510213443320741,1,1,47,2,1,5,2,1,3,8,8010
USER_000377,0.05308480955081017,0.015084809550810173,0,0,39,1,2,7,2,1,4,5,5032
USER_000378,0.042750130086075276,0.004750130086075277,0,0,60,2,1,3,0,1,2,68,68064
USER_000379,0.07284704399826508,0.03484704399826508,0,0,65,1,1,4,0,2,2,11,11070
USER_000380,0.02787552571967273,-0.01012447428032727,1,1,60,2,2,5,1,1,3,8,8060
USER_000381,0.02740417236728836,-0.010595827632711639,1,1,46,1,2,5,1,1,3,47,47027
USER_000382,0.03100911031833967,-0.006990889681660329,1,1,67,2,1,5,3,1,5,13,13002
USER_000383,0.0081415641353529,-0.0298584358646471,1,1,19,1,2,6,0,1,5,11,11084
USER_000384,0.03211367467478859,-0.005886325325211411,1,1,72,1,2,4,1,2,2,50,50084
USER_000385,0.02861301007669453,-0.009386989923305469,1,0,70,2,1,7,4,1,1,13,13041
USER_000386,0.04225590679714312,0.004255906797143119,0,0,25,1,1,3,0,1,4,13,13051
USER_000387,0.045126339636657395,0.007126339636657396,0,0,31,2,2,6,0,1,1,68,68067
USER_000388,0.0681425625882383,0.030142562588238296,0,0,51,2,1,6,1,2,3,68,68097
USER_000389,0.05425635757279076,0.01625635757279076,0,0,30,2,1,2,2,2,3,54,54061
USER_000390,0.031346445165063956,-0.006653554834936043,1,1,27,2,1,4,2,2,2,73,73008
USER_000391,0.026523779929774633,-0.011476220070225366,1,1,25,2,2,7,0,1,2,68,68006
USER_000392,0.047378787572597586,0.009378787572597587,0,0,24,2,2,5,1,1,5,8,8057
USER_000393,0.02019650189469037,-0.01780349810530963,1,1,30,2,1,6,2,1,2,52,52056
USER_000394,0.0674718814878153,0.0294718814878153,0,0,43,1,1,7,2,1,1,8,8022
USER_000395,0.0576916018108193,0.019691601810819304,0,0,73,2,2,4,0,1,2,11,11078
USER_000396,0.03296236521842943,-0.005037634781570571,1,1,49,2,1,7,1,1,2,76,76090
USER_000397,0.014302982063636832,-0.02369701793636317,1,1,36,1,3,8,0,1,3,68,68050
USER_000398,0.0603080856124812,0.022308085612481203,0,1,73,2,1,3,3,1,4,11,11036
USER_000399,0.03828190232121073,0.00028190232121073217,0,0,32,2,1,5,0,1,3,11,11037
USER_000400,0.05856724467960193,0.02056724467960193,0,1,71,1,1,3,3,1,4,76,76062
USER_000401,0.016083585118084495,-0.021916414881915505,1,1,19,1,1,5,1,1,5,11,11029
USER_000402,0.03100937465569341,-0.0069906253443065905,1,1,71,2,1,5,0,1,1,25,25065
USER_000403,0.04007865549577275,0.002078655495772748,0,0,54,2,3,4,0,1,3,76,76098
USER_000404,0.04070470890647113,0.0027047089064711344,0,0,36,1,1,4,1,1,3,11,11077
USER_000405,0.03324901792781135,-0.004750982072188652,1,1,50,2,2,3,1,2,3,8,8007
USER_000406,0.04934274898521248,0.01134274898521248,0,0,56,2,1,5,2,1,4,66,66009
USER_000407,0.023985693559261084,-0.014014306440738915,1,1,67,2,1,2,0,1,2,11,11081
USER_000408,0.0378643077246806,-0.00013569227531939898,1,0,50,1,3,5,0,1,1,54,54086
USER_000409,0.041804434475678484,0.003804434475678485,0,0,18,2,1,5,0,2,3,8,8011
USER_000410,0.047716582510881234,0.009716582510881235,0,0,56,1,1,4,2,1,3,11,11061
USER_000411,0.05067422317133334,0.012674223171333342,0,0,45,1,1,3,2,1,4,11,11004
USER_000412,0.023130368622431965,-0.014869631377568034,1,1,34,1,2,4,1,2,3,13,13062
USER_000413,0.016988287438965667,-0.021011712561034332,1,1,74,2,3,3,0,2,5,11,11063
USER_000414,0.05916515232847763,0.021165152328477634,0,0,23,2,1,3,1,2,4,76,76040
USER_000415,0.044984710179693875,0.006984710179693876,0,0,69,1,2,4,0,1,3,11,11094
USER_000416,0.028772701951651696,-0.009227298048348303,1,1,61,2,1,4,1,2,5,11,11021
USER_000417,0.06326727963283785,0.025267279632837848,0,0,37,1,2,6,4,2,1,11,11082
USER_000418,0.041735119514392884,0.0037351195143928845,0,0,64,2,3,5,2,1,3,66,66025
USER_000419,0.057689457760957394,0.019689457760957395,0,1,30,2,1,11,1,1,3,76,76042
USER_000420,0.04101277722115163,0.003012777221151633,0,0,29,2,2,4,4,1,5,19,19083
USER_000421,0.0709112188732298,0.03291121887322981,0,0,47,2,1,2,0,1,2,68,68049
USER_000422,0.06633011263664806,0.028330112636648065,0,0,38,2,2,6,1,2,2,68,68029
USER_000423,0.0362655377728139,-0.0017344622271861024,1,1,19,1,1,6,1,1,1,52,52061
USER_000424,0.05457356426431533,0.016573564264315332,0,0,70,2,2,5,3,1,2,66,66080
USER_000425,0.04968063924377721,0.011680639243777213,0,0,35,2,1,4,1,1,2,54,54010
USER_000426,0.06052947336298523,0.022529473362985233,0,0,45,1,1,2,2,1,3,52,52041
USER_000427,0.025526148091298433,-0.012473851908701566,1,1,21,1,2,3,4,1,1,11,11046
USER_000428,0.05029077189997659,0.012290771899976592,0,0,59,2,1,5,1,1,4,25,25097
USER_000429,0.05587636730274382,0.01787636730274382,0,0,60,2,1,6,0,1,2,8,8059
USER_000430,0.013618907703653288,-0.02438109229634671,1,1,70,1,1,6,0,2,3,47,47086
USER_000431,0.022251122310013374,-0.015748877689986625,1,1,23,2,1,2,2,1,4,50,50069
USER_000432,0.009411517333598494,-0.028588482666401505,1,1,55,2,2,4,1,1,4,66,66058
USER_000433,0.035958897483331635,-0.002041102516668364,1,1,26,2,2,4,0,1,3,25,25004
USER_000434,0.05076313383693943,0.01276313383693943,0,0,37,2,1,3,0,1,3,11,11041
USER_000435,0.06253535578144043,0.024535355781440428,0,0,62,2,2,5,3,1,3,13,13017
USER_000436,0.04111142170629663,0.0031114217062966285,0,0,47,1,2,8,2,1,2,76,76054
USER_000437,0.06442923318356938,0.026429233183569385,0,0,54,2,1,4,0,1,3,68,68064
USER_000438,0.01929847812677663,-0.018701521873223367,1,1,55,2,1,6,2,1,5,76,76092
USER_000439,0.014449263409672682,-0.023550736590327317,1,1,21,2,3,5,0,1,3,13,13047
USER_000440,0.03916678451655072,0.001166784516550723,0,0,55,2,1,6,3,1,3,66,66079
USER_000441,0.04576098173408961,0.007760981734089609,0,0,67,2,1,4,2,1,1,11,11098
USER_000442,0.03950957877858861,0.0015095787785886078,0,0,30,2,2,5,2,1,3,76,76072
USER_000443,0.008988368499401853,-0.029011631500598146,1,1,72,1,2,5,0,1,2,73,73055
USER_000444,0.038663199407308176,0.0006631994073081765,0,0,52,2,2,5,0,1,3,73,73041
USER_000445,0.020432957492427205,-0.017567042507572794,1,1,47,1,3,2,1,2,3,5,5013
USER_000446,0.050045088232450574,0.012045088232450575,0,1,59,2,1,3,1,2,2,19,19084
USER_000447,0.045498973691452727,0.0074989736914527275,0,0,21,2,2,4,0,1,2,50,50050
USER_000448,0.025901803205089672,-0.012098196794910327,1,1,42,2,3,4,2,1,3,73,73040
USER_000449,0.0322919962399496,-0.005708003760050401,1,0,48,2,1,2,2,2,4,13,13058
USER_000450,0.024111797171665728,-0.013888202828334271,1,1,64,1,2,6,1,2,1,54,54033
USER_000451,0.039059813540902426,0.0010598135409024267,0,0,29,1,1,5,3,2,3,19,19032
USER_000452,0.05432713480751857,0.016327134807518573,0,0,32,2,1,5,0,2,3,66,66082
USER_000453,0.025214109304966845,-0.012785890695033154,1,1,70,2,2,3,5,1,2,5,5045
USER_000454,0.047560697732767665,0.009560697732767666,0,1,74,2,3,3,1,2,2,19,19085
USER_000455,0.03204613572441339,-0.005953864275586612,1,1,43,1,1,3,1,1,3,68,68011
USER_000456,0.028106907516064837,-0.009893092483935162,1,1,27,2,1,3,0,1,3,19,19075
USER_000457,0.03839454460068163,0.00039454460068163305,0,0,29,2,3,5,0,2,4,8,8073
USER_000458,0.02447136516370939,-0.013528634836290607,1,1,39,1,1,9,0,1,2,25,25080
USER_000459,0.03169526041979227,-0.006304739580207726,1,1,57,1,2,3,0,2,3,13,13028
USER_000460,0.022031831611167275,-0.015968168388832724,1,1,70,2,1,4,1,1,4,11,11086
USER_000461,0.06947087699374584,0.03147087699374584,0,0,38,2,1,5,1,2,3,68,68039
USER_000462,0.04052895327957593,0.0025289532795759323,0,0,52,2,1,1,1,1,3,19,19032
USER_000463,0.02950411738011122,-0.008495882619888779,1,1,24,2,1,3,1,2,4,11,11086
USER_000464,0.04320969866101333,0.005209698661013333,0,0,35,1,1,2,1,1,4,8,8060
USER_000465,0.038315079254637556,0.0003150792546375569,0,0,44,2,1,3,2,1,2,73,73003
USER_000466,0.03668545600700166,-0.0013145439929983377,1,1,52,1,1,6,0,1,2,54,54094
USER_000467,0.04921250050065138,0.011212500500651382,0,0,64,2,1,3,0,1,3,8,8075
USER_000468,0.05136261565070958,0.013362615650709578,0,0,19,2,1,6,1,1,2,8,8087
USER_000469,0.03204248278584209,-0.005957517214157909,1,1,49,2,3,3,1,1,3,25,25077
USER_000470,0.031362726390329804,-0.006637273609670195,1,1,32,2,1,10,1,1,3,11,11026
USER_000471,0.03587422454272534,-0.002125775457274659,1,1,62,1,1,7,3,1,4,47,47026
USER_000472,0.00547118252896623,-0.03252881747103377,1,0,41,1,1,6,2,1,5,50,50019
USER_000473,0.01727213406702172,-0.02072786593297828,1,1,37,2,1,5,2,2,3,11,11097
USER_000474,0.060503114011667865,0.022503114011667866,0,0,27,2,2,2,2,1,3,19,19085
USER_000475,0.06467451570251925,0.026674515702519254,0,0,73,2,1,4,0,2,3,68,68099
USER_000476,0.03626445940665433,-0.001735540593345672,1,1,41,2,2,5,1,1,3,66,66060
USER_000477,0.0486483544458365,0.010648354445836498,0,0,41,1,1,4,3,2,4,52,52088
USER_000478,0.044668752318153045,0.006668752318153046,0,0,41,2,1,4,1,1,5,68,68046
USER_000479,0.08618321212682857,0.04818321212682857,0,0,57,2,1,4,0,2,1,54,54022
USER_000480,0.056793623671518655,0.018793623671518656,0,0,65,2,2,2,2,1,4,54,54014
USER_000481,0.0380812361277885,8.123612778850042e-05,0,0,74,2,1,4,0,2,3,19,19035
USER_000482,0.025666893390993616,-0.012333106609006383,1,1,65,2,2,3,0,1,3,13,13005
USER_000483,0.015903305196136416,-0.022096694803863583,1,1,51,2,1,5,1,1,2,11,11086
USER_000484,0.04305195453800835,0.0050519545380083505,0,0,58,1,1,2,5,1,3,73,73089
USER_000485,0.02865473882073545,-0.009345261179264548,1,1,57,1,2,5,1,1,3,47,47098
USER_000486,0.01866619435603489,-0.01933380564396511,1,1,28,1,1,5,1,2,4,54,54034
USER_000487,0.030301406736362103,-0.007698593263637896,1,1,43,1,2,4,1,2,3,8,8041
USER_000488,0.023776779945784074,-0.014223220054215925,1,1,18,2,1,3,1,1,4,68,68079
USER_000489,0.06530712452608847,0.027307124526088473,0,0,47,2,3,4,0,1,3,11,11010
USER_000490,0.05322459635424176,0.015224596354241761,0,0,70,2,3,7,0,1,5,52,52055
USER_000491,0.03988041038025074,0.0018804103802507396,0,0,60,2,2,1,2,1,2,11,11047
USER_000492,0.06219916208335039,0.024199162083350392,0,0,35,2,2,6,2,1,3,8,8011
USER_000493,0.041160524614714276,0.0031605246147142774,0,0,43,2,2,3,2,1,2,11,11068
USER_000494,0.027080736980076046,-0.010919263019923953,1,1,70,2,1,4,2,1,3,11,11072
USER_000495,0.06284686115904486,0.024846861159044865,0,0,64,1,2,3,0,2,2,8,8075
USER_000496,0.04808365065526988,0.01008365065526988,0,0,73,2,1,2,0,1,3,11,11093
USER_000497,0.024441307685103157,-0.013558692314896842,1,1,26,1,1,4,0,2,4,25,25052
USER_000498,0.037144919828745876,-0.0008550801712541231,1,1,26,2,3,1,1,1,4,25,25090
USER_000499,0.02686572619922864,-0.011134273800771359,1,1,18,1,2,4,1,2,5,54,54031
USER_000500,0.01925800403553496,-0.01874199596446504,1,1,24,2,1,2,1,2,4,25,25025
USER_000501,0.053892663212974624,0.015892663212974625,0,0,61,1,3,1,2,1,4,66,66034
USER_000502,0.06864124960705195,0.030641249607051953,0,1,73,2,2,1,0,2,4,50,50075
USER_000503,0.019021486392712884,-0.018978513607287115,1,0,59,2,1,2,0,1,2,8,8027
USER_000504,0.04844453855035857,0.010444538550358567,0,0,68,2,2,4,3,1,3,54,54077
USER_000505,0.030240361463172594,-0.007759638536827405,1,1,33,2,1,4,1,1,4,11,11065
USER_000506,0.03269311924352956,-0.005306880756470442,1,1,55,2,2,2,1,1,3,5,5074
USER_000507,0.031114091136416965,-0.0068859088635830346,1,1,28,2,1,6,0,1,3,5,5013
USER_000508,0.02704013845480276,-0.01095986154519724,1,1,68,1,1,5,2,1,2,11,11038
USER_000509,0.04072782441917241,0.002727824419172409,0,0,42,2,1,5,0,1,5,11,11066
USER_000510,0.027535748253834435,-0.010464251746165564,1,0,46,2,1,5,1,1,1,13,13065
USER_000511,0.044056852386697584,0.006056852386697585,0,0,36,2,1,5,1,2,5,73,73002
USER_000512,0.03924642835826295,0.001246428358262948,0,0,35,2,1,4,1,1,2,25,25032
USER_000513,0.036415779297003854,-0.0015842207029961447,1,1,74,1,2,7,1,2,3,5,5076
USER_000514,0.026386545069376034,-0.011613454930623966,1,1,64,2,1,4,1,1,3,68,68039
USER_000515,0.03134843004147501,-0.0066515699585249916,1,1,46,2,1,12,1,1,1,5,5033
USER_000516,0.05133086838738634,0.013330868387386341,0,1,33,1,1,4,1,1,4,76,76036
USER_000517,0.04751375781436571,0.009513757814365711,0,0,63,2,2,2,0,1,1,73,73021
USER_000518,0.025336671328021736,-0.012663328671978263,1,1,57,1,1,3,3,2,2,19,19005
USER_000519,0.04148998458143839,0.003489984581438392,0,0,25,2,1,4,1,1,2,25,25080
USER_000520,0.05127080685057683,0.013270806850576834,0,1,51,2,1,4,0,1,3,13,13014
USER_000521,0.014958920783179425,-0.023041079216820574,1,1,23,1,2,7,2,1,3,8,8054
USER_000522,0.04815040288569902,0.010150402885699024,0,0,62,2,1,3,2,1,4,5,5012
USER_000523,0.030060643615812302,-0.007939356384187697,1,1,62,1,1,5,0,2,3,25,25035
USER_000524,0.04855898002889739,0.010558980028897394,0,0,70,1,2,4,0,2,3,73,73067
USER_000525,0.028551112651862248,-0.00944888734813775,1,1,47,2,1,5,1,1,2,8,8020
USER_000526,0.012926768490032216,-0.025073231509967785,1,1,61,1,3,4,0,1,2,54,54073
USER_000527,0.015586863431752562,-0.022413136568247435,1,1,51,1,2,8,0,2,3,11,11072
USER_000528,0.04072127419992073,0.0027212741999207285,0,0,38,1,1,6,2,1,4,54,54059
USER_000529,0.043895837525822226,0.005895837525822227,0,0,69,2,2,3,2,1,3,19,19017
USER_000530,0.026435250623433874,-0.011564749376566125,1,1,74,2,1,7,2,1,3,19,19056
USER_000531,0.04957888688166061,0.01157888688166061,0,0,29,2,1,2,1,1,4,66,66032
USER_000532,0.015077199065965604,-0.022922800934034395,1,1,66,1,2,6,2,1,4,11,11092
USER_000533,0.03900880302029025,0.0010088030202902512,0,0,23,1,1,1,4,2,4,19,19077
USER_000534,0.021834757003563156,-0.016165242996436843,1,1,56,2,1,3,2,1,4,8,8015
USER_000535,0.030222458382967613,-0.007777541617032386,1,1,23,1,3,2,1,1,3,52,52043
USER_000536,0.04071098006974621,0.0027109800697462105,0,0,70,2,1,6,1,1,2,11,11092
USER_000537,0.027093799520740716,-0.010906200479259283,1,1,21,2,1,8,0,1,4,47,47022
USER_000538,0.03423166683655262,-0.0037683331634473793,1,1,70,2,1,2,2,2,4,19,19066
USER_000539,0.05509439213821661,0.01709439213821661,0,0,26,1,1,6,2,1,1,68,68011
USER_000540,0.03134662195715277,-0.006653378042847227,1,1,22,2,1,7,0,1,3,25,25041
USER_000541,0.05253538168097713,0.014535381680977129,0,0,27,2,2,3,0,1,3,66,66094
USER_000542,0.02305439718013573,-0.014945602819864269,1,1,64,2,3,3,1,2,5,73,73084
USER_000543,0.047947062668729244,0.009947062668729245,0,0,25,2,1,2,2,2,2,8,8046
USER_000544,0.0616235293098685,0.023623529309868503,0,0,40,2,1,6,0,2,2,11,11009
USER_000545,0.0029253324980906626,-0.03507466750190934,1,0,21,2,2,5,3,1,4,8,8039
USER_000546,0.02804657116794285,-0.00995342883205715,1,0,54,1,2,6,2,2,3,8,8066
USER_000547,0.0486560819077081,0.010656081907708101,0,0,24,2,1,4,3,2,3,5,5099
USER_000548,0.03695431920935511,-0.00104568079064489,1,1,23,1,1,3,2,1,3,25,25073
USER_000549,0.04556718810056963,0.0075671881005696315,0,0,62,2,1,6,2,1,4,11,11049
USER_000550,0.030940222199262693,-0.007059777800737306,1,1,68,1,1,1,3,1,3,13,13042
USER_000551,0.0412988468120935,0.0032988468120934977,0,0,59,2,1,2,2,1,3,50,50078
USER_000552,0.03766484146911881,-0.0003351585308811883,1,1,32,2,1,3,1,1,1,25,25014
USER_000553,0.05751673092489711,0.019516730924897113,0,0,52,1,1,6,0,1,2,19,19064
USER_000554,0.0438163126495182,0.0058163126495182,0,0,67,2,1,6,1,1,5,47,47065
USER_000555,0.045064039931128036,0.007064039931128037,0,0,49,1,1,3,0,1,1,11,11012
USER_000556,0.03382184550816299,-0.004178154491837012,1,1,31,1,1,5,1,2,3,25,25099
USER_000557,0.0326859066389126,-0.005314093361087402,1,1,52,1,1,10,0,1,1,76,76089
USER_000558,0.033511627182705686,-0.004488372817294313,1,1,28,1,2,3,0,1,5,73,73071
USER_000559,0.045916782135674454,0.007916782135674455,0,0,27,1,2,8,1,2,3,66,66045
USER_000560,0.03368523278769606,-0.004314767212303942,1,1,34,2,2,4,0,1,4,47,47099
USER_000561,0.04434662285344619,0.006346622853446192,0,1,30,2,1,4,2,2,2,13,13075
USER_000562,0.07113101197968158,0.03313101197968158,0,0,74,1,1,7,1,1,4,11,11007
USER_000563,0.05306687055147539,0.01506687055147539,0,0,51,2,1,4,1,1,3,68,68023
USER_000564,0.035109647017482384,-0.0028903529825176147,1,1,62,2,1,6,2,1,4,66,66088
USER_000565,0.05801820883245917,0.020018208832459174,0,0,68,2,3,3,2,1,2,19,19061
USER_000566,0.03387886940467673,-0.0041211305953232705,1,1,22,2,1,4,0,1,3,25,25065
USER_000567,0.009428131972332193,-0.028571868027667806,1,1,65,1,2,4,1,2,2,25,25055
USER_000568,0.02487870533623894,-0.013121294663761059,1,0,27,2,1,6,1,1,2,8,8036
USER_000569,0.011938121184612167,-0.02606187881538783,1,1,49,2,2,6,1,1,2,54,54043
USER_000570,0.034727297739380374,-0.0032727022606196254,1,1,29,1,1,1,0,2,2,11,11010
USER_000571,0.040276275687843276,0.0022762756878432766,0,0,69,2,2,6,0,1,3,19,19013
USER_000572,0.06514655968412925,0.027146559684129247,0,0,30,1,1,3,0,1,4,25,25063
USER_000573,0.04490391060646244,0.006903910606462442,0,0,38,2,1,7,0,2,1,76,76058
USER_000574,0.03671349206786704,-0.0012865079321329603,1,1,65,1,3,5,3,2,5,47,47031
USER_000575,0.052441083717752336,0.014441083717752337,0,0,71,2,1,4,2,2,3,11,11043
USER_000576,0.006832970364881725,-0.031167029635118273,1,1,70,2,2,5,2,1,5,5,5075
USER_000577,0.04353421837162849,0.005534218371628492,0,0,50,1,1,5,2,2,5,11,11096
USER_000578,0.051562977908304504,0.013562977908304505,0,0,71,1,1,6,0,1,3,25,25023
USER_000579,0.01782120631330238,-0.02017879368669762,1,1,58,2,1,7,2,1,1,25,25095
USER_000580,0.05715631064810393,0.019156310648103934,0,0,65,2,1,6,1,1,4,66,66035
USER_000581,0.045077446112416215,0.007077446112416216,0,0,68,2,2,3,2,1,5,5,5059
USER_000582,0.03377068129148798,-0.004229318708512016,1,1,64,2,1,3,3,1,4,73,73094
USER_000583,0.04949172799159427,0.011491727991594272,0,0,67,2,2,7,1,1,4,66,66078
USER_000584,0.07406039286706594,0.03606039286706594,0,0,71,1,1,6,1,1,1,11,11055
USER_000585,0.04272799382587743,0.004727993825877429,0,0,49,2,3,5,2,1,2,8,8028
USER_000586,0.04372330879450504,0.0057233087945050415,0,0,29,1,1,5,1,1,3,54,54078
USER_000587,0.03310958650689634,-0.004890413493103658,1,1,63,1,1,5,2,2,5,25,25085
USER_000588,0.027252334458028125,-0.010747665541971874,1,1,52,2,1,3,2,1,2,63,63048
USER_000589,0.05245503724816369,0.014455037248163688,0,0,53,2,3,7,1,1,5,11,11019
USER_000590,0.02715874261136699,-0.010841257388633008,1,1,55,1,1,5,0,1,3,47,47016
USER_000591,0.04107349355829089,0.0030734935582908893,0,0,65,2,1,4,2,1,1,73,73039
USER_000592,0.03283513829852325,-0.0051648617014767514,1,1,45,2,1,4,1,1,1,76,76099
USER_000593,0.04718469738619588,0.00918469738619588,0,1,30,1,3,6,1,1,2,63,63067
USER_000594,0.04500493157930423,0.0070049315793042286,0,0,29,2,1,7,1,1,4,76,76005
USER_000595,0.05556309916386849,0.017563099163868494,0,0,39,2,1,5,1,1,3,76,76037
USER_000596,0.032349754017178795,-0.0056502459828212045,1,1,61,2,1,3,2,1,4,76,76026
USER_000597,0.035951875970599435,-0.0020481240294005637,1,1,19,2,1,3,0,1,3,13,13092
USER_000598,0.02531854426326539,-0.012681455736734609,1,1,46,2,1,6,0,1,3,8,8028
USER_000599,0.03333560109885833,-0.004664398901141668,1,1,30,2,1,5,2,2,3,11,11077
USER_000600,0.04565950739567278,0.007659507395672782,0,0,52,2,1,6,0,1,3,8,8055
USER_000601,0.05135482924968028,0.013354829249680282,0,0,30,2,2,4,1,1,3,5,5026
USER_000602,0.02616752013733562,-0.011832479862664377,1,1,74,1,3,7,2,1,3,13,13034
USER_000603,0.053044088801584906,0.015044088801584907,0,0,51,2,1,6,2,1,3,76,76068
USER_000604,0.060334567882074266,0.022334567882074267,0,0,36,2,1,2,1,1,4,8,8086
USER_000605,0.046201523548355515,0.008201523548355516,0,0,26,2,1,4,1,2,2,25,25097
USER_000606,0.068151937188371,0.030151937188370996,0,0,69,1,2,6,1,1,5,66,66007
USER_000607,0.028393162013446407,-0.009606837986553592,1,1,48,2,1,9,0,1,4,76,76073
USER_000608,0.021330179450328748,-0.01666982054967125,1,1,50,2,3,3,2,1,3,50,50085
USER_000609,0.013319196266435823,-0.024680803733564176,1,1,44,2,1,3,0,1,2,73,73081
USER_000610,0.06244066467233775,0.02444066467233775,0,0,62,1,1,7,0,1,2,19,19034
USER_000611,0.04981548484531087,0.011815484845310871,0,0,19,2,1,7,0,1,4,11,11045
USER_000612,0.03916622993634317,0.0011662299363431744,0,0,32,2,3,3,1,1,1,8,8044
USER_000613,0.04419952939479731,0.006199529394797308,0,0,36,1,3,5,2,1,3,11,11005
USER_000614,0.023117664290524354,-0.014882335709475645,1,1,74,1,3,3,1,1,2,25,25045
USER_000615,0.07668627969425239,0.03868627969425239,0,0,48,2,2,2,1,1,1,76,76040
USER_000616,0.041938317729628416,0.003938317729628417,0,0,74,1,1,5,2,2,5,11,11074
USER_000617,0.0416409219190734,0.003640921919073399,0,0,33,2,1,4,1,1,2,25,25025
USER_000618,0.050886499358480386,0.012886499358480387,0,0,60,1,1,4,0,1,2,25,25010
USER_000619,0.047215138476050696,0.009215138476050697,0,0,32,1,2,4,2,1,1,11,11036
USER_000620,0.04335826036418697,0.005358260364186969,0,0,23,2,1,4,0,1,4,5,5044
USER_000621,0.028142883168320323,-0.009857116831679676,1,1,31,2,2,6,0,1,1,76,76021
USER_000622,0.047072025357039936,0.009072025357039937,0,0,44,1,1,6,3,1,1,76,76077
USER_000623,0.0682303674471255,0.030230367447125504,0,0,55,2,2,5,1,1,2,11,11083
USER_000624,0.06018130069232466,0.022181300692324664,0,0,36,1,3,2,1,1,3,11,11021
USER_000625,0.06389779939959096,0.025897799399590964,0,0,54,1,2,4,1,1,3,66,66039
USER_000626,0.03233176485353222,-0.005668235146467776,1,1,60,2,2,3,0,1,3,11,11094
USER_000627,0.025155927696121287,-0.012844072303878712,1,1,21,2,1,1,2,1,2,68,68076
USER_000628,0.03811319619850528,0.00011319619850527762,0,0,43,2,1,5,1,1,4,19,19042
USER_000629,0.04083587368433042,0.0028358736843304214,0,0,26,2,3,5,0,1,3,8,8038
USER_000630,0.05641287277706423,0.01841287277706423,0,0,58,2,1,3,1,1,3,76,76004
USER_000631,0.014613030554277711,-0.023386969445722286,1,1,66,2,1,3,0,1,4,5,5088
USER_000632,0.06294325479190921,0.02494325479190921,0,0,57,2,1,5,1,1,5,11,11046
USER_000633,0.03762988152131516,-0.00037011847868483744,1,1,32,2,2,7,1,2,4,47,47045
USER_000634,0.0335967839507887,-0.004403216049211296,1,1,58,2,1,6,0,1,3,11,11095
USER_000635,0.024818434371097486,-0.013181565628902513,1,1,54,1,1,5,0,1,1,50,50054
USER_000636,0.015177149922013454,-0.022822850077986546,1,1,21,1,3,3,0,2,2,25,25089
USER_000637,0.05234755875942872,0.014347558759428718,0,0,43,1,3,8,1,1,2,25,25019
USER_000638,0.04109976950782606,0.003099769507826061,0,0,69,2,1,9,2,1,4,11,11018
USER_000639,0.020650586503884193,-0.017349413496115806,1,1,35,2,2,5,3,2,2,73,73038
USER_000640,0.02057381841904576,-0.01742618158095424,1,1,58,2,2,5,1,1,2,66,66018
USER_000641,0.03496322951064808,-0.0030367704893519212,1,1,70,1,1,2,2,1,3,13,13055
USER_000642,0.0650353228793409,0.0270353228793409,0,0,52,2,1,6,0,1,3,52,52088
USER_000643,0.03610612972954593,-0.0018938702704540678,1,1,71,1,1,4,0,1,2,11,11047
USER_000644,0.01745285570322841,-0.02054714429677159,1,1,58,2,2,1,1,1,4,73,73005
USER_000645,0.03631385403871084,-0.0016861459612891594,1,0,58,2,1,3,0,1,3,25,25027
USER_000646,0.03590914645378495,-0.002090853546215049,1,1,46,2,2,3,0,2,3,25,25023
USER_000647,0.0,-0.038,1,1,70,1,2,9,1,1,2,5,5005
USER_000648,0.03918557700223282,0.0011855770022328183,0,0,41,1,1,2,0,2,1,50,50009
USER_000649,0.03653598204686983,-0.00146401795313017,1,0,21,1,1,4,4,1,3,5,5071
USER_000650,0.05044309547220128,0.01244309547220128,0,0,38,1,1,3,2,1,4,52,52001
USER_000651,0.06773434142418018,0.02973434142418018,0,0,56,2,1,3,2,2,3,19,19076
USER_000652,0.05689847544321636,0.018898475443216364,0,0,24,1,1,4,2,1,1,25,25037
USER_000653,0.035966669641677544,-0.002033330358322455,1,1,40,2,1,4,1,1,2,73,73027
USER_000654,0.02340211136887495,-0.014597888631125048,1,1,57,2,2,3,2,1,5,73,73091
USER_000655,0.07860039704874791,0.04060039704874791,0,0,38,2,1,4,0,2,4,8,8038
USER_000656,0.04088827651021733,0.002888276510217329,0,0,18,1,1,2,1,1,4,73,73059
USER_000657,0.04020893937869419,0.002208939378694194,0,0,58,2,1,7,2,2,1,8,8042
USER_000658,0.03963812369334995,0.0016381236933499521,0,0,42,2,1,1,2,1,3,11,11072
USER_000659,0.04297127141151783,0.004971271411517833,0,0,48,2,2,5,3,2,5,25,25080
USER_000660,0.037834593821140856,-0.00016540617885914266,1,1,72,1,1,2,3,1,2,54,54021
USER_000661,0.031395069896796454,-0.006604930103203545,1,1,61,2,1,7,1,1,4,66,66013
USER_000662,0.03179711588139412,-0.006202884118605881,1,1,55,1,2,8,3,1,1,25,25088
USER_000663,0.039508700946760025,0.0015087009467600263,0,0,62,2,1,5,1,2,2,11,11034
USER_000664,0.03184862843299353,-0.006151371567006472,1,1,22,2,1,5,1,1,2,25,25017
USER_000665,0.029307313259842534,-0.008692686740157465,1,1,70,1,2,4,2,1,1,8,8089
USER_000666,0.04159645341537845,0.0035964534153784533,0,0,48,1,1,8,1,2,4,8,8049
USER_000667,0.036175341738687174,-0.0018246582613128254,1,1,68,2,1,4,1,2,4,50,50076
USER_000668,0.06255989482874033,0.024559894828740332,0,0,18,1,1,4,3,1,2,11,11089
USER_000669,0.00023545287410482239,-0.03776454712589518,1,1,71,2,1,7,1,2,3,5,5024
USER_000670,0.056372602778836926,0.018372602778836927,0,0,73,2,2,4,2,1,2,25,25086
USER_000671,0.058691277887464435,0.020691277887464436,0,0,47,1,2,4,3,1,2,73,73056
USER_000672,0.00889914651387776,-0.02910085348612224,1,1,35,1,3,5,4,1,3,11,11045
USER_000673,0.03485968608879477,-0.003140313911205228,1,1,25,1,1,4,1,2,2,25,25093
USER_000674,0.03442838701006313,-0.0035716129899368704,1,0,73,2,3,3,3,1,4,76,76096
USER_000675,0.018887324579232683,-0.019112675420767316,1,1,43,2,2,5,1,1,2,11,11036
USER_000676,0.02833274968613687,-0.009667250313863129,1,1,57,2,1,4,2,1,1,66,66043
USER_000677,0.02334136231801257,-0.01465863768198743,1,0,32,2,2,6,1,1,4,11,11033
USER_000678,0.06628405665135434,0.02828405665135434,0,0,36,2,1,2,1,1,5,68,68035
USER_000679,0.05403517589721192,0.01603517589721192,0,0,27,1,1,4,1,1,3,11,11029
USER_000680,0.05907332642491238,0.02107332642491238,0,0,41,2,1,5,3,1,2,11,11088
USER_000681,0.05082508096064853,0.012825080960648529,0,0,33,1,2,4,1,1,4,5,5068
USER_000682,0.023064223431741568,-0.014935776568258431,1,1,60,1,1,9,0,1,2,11,11013
USER_000683,0.032132196005803394,-0.005867803994196605,1,1,48,2,1,1,1,1,2,11,11078
USER_000684,0.04734061841841877,0.009340618418418774,0,0,61,2,3,3,1,1,2,25,25086
USER_000685,0.021668082866620822,-0.016331917133379177,1,1,33,2,1,6,1,2,4,68,68030
USER_000686,0.05069497645258582,0.01269497645258582,0,0,33,2,1,5,0,1,1,50,50066
USER_000687,0.03639511902762798,-0.0016048809723720192,1,1,45,2,3,4,4,1,4,19,19053
USER_000688,0.03437768788675604,-0.0036223121132439584,1,1,37,2,1,3,1,2,2,73,73042
USER_000689,0.05066439952305238,0.012664399523052379,0,0,52,1,1,3,1,1,3,11,11094
USER_000690,0.0466639496722906,0.008663949672290602,0,0,26,1,2,6,3,1,2,8,8027
USER_000691,0.0345855075127138,-0.0034144924872861956,1,1,57,2,1,4,0,2,2,73,73067
USER_000692,0.05738994705046372,0.01938994705046372,0,0,27,2,3,5,1,1,4,47,47026
USER_000693,0.02378405008600154,-0.014215949913998459,1,1,62,2,1,5,2,1,4,68,68061
USER_000694,0.049239034104163956,0.011239034104163957,0,0,35,2,2,2,2,1,4,8,8043
USER_000695,0.04889651886952576,0.010896518869525758,0,0,62,2,1,5,2,1,3,73,73077
USER_000696,0.03535680341029015,-0.002643196589709851,1,1,62,2,1,5,0,2,3,76,76093
USER_000697,0.04489199533363177,0.006891995333631773,0,0,32,2,1,6,4,1,4,5,5024
USER_000698,0.021233296354220454,-0.016766703645779545,1,0,62,2,1,5,0,2,5,25,25085
USER_000699,0.05386040528810351,0.015860405288103514,0,0,47,2,1,3,0,1,4,13,13091
USER_000700,0.037226467953355165,-0.0007735320466448342,1,1,65,1,1,4,0,1,3,25,25011
USER_000701,0.032159154692214406,-0.005840845307785593,1,0,49,2,2,4,0,2,3,11,11030
USER_000702,0.05573513838755334,0.01773513838755334,0,0,57,2,1,9,2,1,2,63,63003
USER_000703,0.029434844641858613,-0.008565155358141386,1,0,44,1,1,1,0,1,2,11,11099
USER_000704,0.018873080554546607,-0.019126919445453392,1,1,44,2,1,8,0,1,2,50,50074
USER_000705,0.016650562397141445,-0.021349437602858554,1,1,36,1,1,3,3,2,2,8,8087
USER_000706,0.049090149270184597,0.011090149270184597,0,0,27,1,1,4,3,1,3,25,25099
USER_000707,0.020793559712555754,-0.017206440287444245,1,1,61,2,1,1,2,1,3,19,19008
USER_000708,0.06632191272976547,0.028321912729765468,0,0,63,1,1,2,2,1,3,8,8029
USER_000709,0.00877105888174417,-0.02922894111825583,1,0,23,2,2,5,1,1,1,5,5048
USER_000710,0.06544684552435057,0.027446845524350567,0,0,70,1,2,6,1,2,3,68,68037
USER_000711,0.043165262008039273,0.005165262008039274,0,0,41,2,1,3,2,2,3,25,25026
USER_000712,0.03854930332194412,0.0005493033219441182,0,0,26,1,1,6,1,1,3,52,52012
USER_000713,0.03182621369786576,-0.006173786302134242,1,1,44,2,1,4,1,1,1,52,52019
USER_000714,0.04598704171528106,0.007987041715281064,0,0,24,2,3,5,0,1,3,11,11027
USER_000715,0.03943547946362728,0.0014354794636272789,0,0,23,2,1,4,2,1,4,54,54053
USER_000716,0.05654952823024783,0.01854952823024783,0,0,71,2,2,9,2,2,2,5,5021
USER_000717,0.04171341472993059,0.0037134147299305933,0,0,50,2,1,7,2,1,2,8,8028
USER_000718,0.04225452642192817,0.0042545264219281675,0,0,38,1,1,3,0,1,2,11,11071
USER_000719,0.03454581681679216,-0.0034541831832078373,1,1,63,2,3,3,1,1,1,25,25058
USER_000720,0.03914581564418399,0.0011458156441839923,0,0,73,1,3,3,0,2,3,68,68063
USER_000721,0.044617026533380885,0.006617026533380886,0,0,55,2,1,4,0,1,2,19,19075
USER_000722,0.014347474110150622,-0.023652525889849375,1,1,61,2,2,4,3,2,2,54,54027
USER_000723,0.019777218668414306,-0.018222781331585693,1,1,34,2,2,9,0,1,3,11,11078
USER_000724,0.051148961410340726,0.013148961410340727,0,0,48,2,1,4,0,1,3,11,11070
USER_000725,0.04256298157191913,0.004562981571919131,0,0,54,1,2,6,2,1,4,66,66049
USER_000726,0.037240249954709814,-0.0007597500452901848,1,0,28,2,3,4,0,2,1,11,11071
USER_000727,0.0402765089959809,0.0022765089959808985,0,0,45,2,1,9,2,1,4,13,13044
USER_000728,0.045213725580425065,0.007213725580425066,0,0,22,2,3,2,2,2,3,68,68099
USER_000729,0.03190360479535958,-0.00609639520464042,1,1,29,1,2,2,3,1,4,47,47058
USER_000730,0.028325429118965312,-0.009674570881034687,1,1,20,2,1,3,1,2,2,47,47041
USER_000731,0.04293767882646522,0.0049376788264652235,0,0,73,2,2,7,0,2,1,8,8009
USER_000732,0.02532440833577452,-0.01267559166422548,1,1,58,1,2,8,2,1,2,11,11079
USER_000733,0.046123791335717076,0.008123791335717077,0,1,55,2,1,6,1,2,2,11,11068
USER_000734,0.014461245936432396,-0.023538754063567605,1,1,71,1,1,2,2,1,3,25,25042
USER_000735,0.05543733455988466,0.017437334559884658,0,0,19,2,2,2,1,1,4,47,47096
USER_000736,0.047088962236195644,0.009088962236195645,0,0,43,2,2,4,2,1,4,5,5057
USER_000737,0.043840446014708136,0.005840446014708137,0,0,19,1,1,6,1,1,5,73,73073
USER_000738,0.05474036475918271,0.01674036475918271,0,0,71,1,1,5,0,2,1,73,73013
USER_000739,0.06498211666693865,0.02698211666693865,0,0,29,2,1,1,1,1,3,68,68078
USER_000740,0.055215550975271956,0.017215550975271957,0,0,57,2,1,3,1,2,2,25,25094
USER_000741,0.012386886530025322,-0.025613113469974677,1,0,19,2,1,3,0,1,4,50,50065
USER_000742,0.020806345498964478,-0.01719365450103552,1,1,58,2,2,3,2,1,2,63,63049
USER_000743,0.030627721334564817,-0.007372278665435182,1,0,33,2,3,6,2,2,2,11,11071
USER_000744,0.04039136575316251,0.002391365753162511,0,0,47,2,1,4,2,1,3,76,76028
USER_000745,0.04776488530703685,0.009764885307036848,0,0,74,2,2,10,3,2,3,54,54076
USER_000746,0.029113842802698017,-0.008886157197301982,1,1,64,1,2,4,2,1,4,8,8057
USER_000747,0.042801501467156174,0.0048015014671561745,0,0,63,1,1,5,0,2,4,25,25043
USER_000748,0.028669256014700162,-0.009330743985299837,1,1,69,2,2,8,4,1,4,11,11098
USER_000749,0.030827232955120777,-0.007172767044879222,1,1,53,2,1,6,1,1,3,11,11037
USER_000750,0.018900083547276667,-0.019099916452723333,1,0,21,1,3,5,0,1,2,54,54082
USER_000751,0.026151501308336437,-0.011848498691663562,1,0,28,2,1,4,0,1,1,19,19024
USER_000752,0.019724730915754995,-0.018275269084245004,1,1,70,2,1,3,0,2,3,8,8068
USER_000753,0.02536190120534001,-0.012638098794659988,1,1,41,1,1,6,1,1,3,11,11053
USER_000754,0.05580462694911759,0.017804626949117594,0,0,35,2,1,2,1,1,2,8,8014
USER_000755,0.025759016667520857,-0.012240983332479142,1,1,44,1,1,6,2,1,5,5,5010
USER_000756,0.07948573097256086,0.04148573097256086,0,0,54,2,1,5,4,2,3,68,68020
USER_000757,0.04739976851321334,0.009399768513213343,0,0,19,2,1,4,1,1,2,8,8097
USER_000758,0.04277254185542311,0.0047725418554231125,0,0,32,2,1,3,2,1,1,25,25042
USER_000759,0.027124633297281802,-0.010875366702718197,1,1,28,2,1,7,0,1,4,5,5066
USER_000760,0.05050464819113487,0.012504648191134872,0,0,44,2,2,5,3,1,2,63,63036
USER_000761,0.031365432606433395,-0.006634567393566604,1,1,73,1,1,3,3,2,3,8,8080
USER_000762,0.041830147219680425,0.0038301472196804257,0,0,66,2,1,9,1,1,3,8,8031
USER_000763,0.07840126807403192,0.04040126807403192,0,1,65,2,2,5,4,1,1,11,11062
USER_000764,0.03855910150413025,0.0005591015041302508,0,0,64,2,1,3,0,1,3,11,11044
USER_000765,0.05723909989428514,0.01923909989428514,0,0,40,2,1,2,1,1,1,11,11093
USER_000766,0.02945235362311169,-0.008547646376888308,1,1,52,2,1,4,1,1,3,73,73079
USER_000767,0.039475172642545575,0.001475172642545576,0,0,69,2,2,5,3,1,2,11,11090
USER_000768,0.06656200953453265,0.028562009534532647,0,0,47,2,2,1,2,1,1,8,8034
USER_000769,0.03059549413318349,-0.00740450586681651,1,0,64,2,1,1,1,1,2,76,76052
USER_000770,0.06718672836995393,0.02918672836995393,0,0,41,2,1,3,1,1,3,50,50042
USER_000771,0.050616279031832134,0.012616279031832135,0,0,36,1,1,4,3,2,4,5,5022
USER_000772,0.031562998361585985,-0.006437001638414014,1,1,46,2,1,6,2,2,3,11,11071
USER_000773,0.04948611608583281,0.01148611608583281,0,0,30,2,1,6,1,2,1,73,73069
USER_000774,0.05458831674440095,0.01658831674440095,0,0,65,1,2,8,0,1,1,25,25058
USER_000775,0.049327149433257944,0.011327149433257945,0,0,40,2,1,1,0,1,5,11,11041
USER_000776,0.016446629201643154,-0.021553370798356845,1,1,29,1,2,3,1,1,5,11,11059
USER_000777,0.029092942362626974,-0.008907057637373025,1,1,66,2,3,8,2,2,4,54,54051
USER_000778,0.03628722046672743,-0.0017127795332725695,1,1,65,2,1,3,0,2,3,25,25094
USER_000779,0.038883498563499305,0.0008834985634993062,0,0,58,1,3,4,0,1,2,66,66097
USER_000780,0.04931008146326017,0.011310081463260173,0,0,46,1,3,5,0,2,4,47,47053
USER_000781,0.04266551501399881,0.004665515013998811,0,1,23,2,2,6,2,1,4,66,66085
USER_000782,0.01996983461934848,-0.018030165380651518,1,0,68,2,1,4,0,1,3,11,11081
USER_000783,0.04570296776508945,0.007702967765089448,0,0,40,2,2,5,0,1,3,11,11094
USER_000784,0.04915878617925735,0.011158786179257349,0,0,48,1,3,3,5,1,3,47,47002
USER_000785,0.0483968567189656,0.010396856718965598,0,0,62,1,2,3,4,2,2,54,54026
USER_000786,0.056211710883319325,0.018211710883319326,0,0,38,1,1,6,0,1,4,76,76091
USER_000787,0.05250883231823356,0.014508832318233564,0,0,41,1,2,3,0,1,2,50,50067
USER_000788,0.04688770118842655,0.00888770118842655,0,0,25,2,3,4,1,1,5,54,54048
USER_000789,0.0389475143281203,0.0009475143281202983,0,0,61,2,1,4,2,1,2,11,11003
USER_000790,0.015085585997260138,-0.02291441400273986,1,1,26,2,2,3,3,1,2,54,54057
USER_000791,0.04644427328698879,0.008444273286988789,0,0,39,2,1,6,0,2,4,63,63041
USER_000792,0.04311531530744667,0.005115315307446668,0,0,21,2,1,6,1,1,4,13,13089
USER_000793,0.0440736825579306,0.006073682557930601,0,0,30,1,1,6,1,1,3,68,68018
USER_000794,0.02084877136269536,-0.01715122863730464,1,1,51,1,1,8,3,1,3,47,47079
USER_000795,0.023784151893876067,-0.014215848106123932,1,0,20,2,2,1,1,1,2,5,5097
USER_000796,0.055797292799993556,0.017797292799993557,0,0,54,2,1,5,0,1,2,11,11044
USER_000797,0.039406672692150174,0.0014066726921501752,0,0,73,2,1,3,3,1,3,54,54056
USER_000798,0.05022251046058937,0.012222510460589371,0,0,45,2,1,7,2,1,2,25,25048
USER_000799,0.040424775641956893,0.0024247756419568944,0,0,43,2,1,3,4,1,3,19,19017
USER_000800,0.04044634209243615,0.002446342092436153,0,0,67,1,2,3,4,1,3,76,76075
USER_000801,0.05407425708963996,0.016074257089639964,0,0,70,2,1,4,0,1,3,13,13070
USER_000802,0.032259329076739396,-0.005740670923260603,1,1,63,2,1,4,3,1,5,8,8054
USER_000803,0.04144181165411475,0.0034418116541147514,0,0,74,1,3,1,1,1,2,11,11015
USER_000804,0.03306587066942436,-0.004934129330575639,1,1,51,2,1,1,1,2,3,76,76048
USER_000805,0.03348255658851527,-0.004517443411484731,1,1,32,2,2,4,2,1,4,68,68069
USER_000806,0.03536241814797041,-0.0026375818520295857,1,1,25,2,1,3,2,1,2,68,68034
USER_000807,0.04333200657450569,0.005332006574505693,0,0,65,2,1,5,4,1,3,63,63076
USER_000808,0.03281877067504785,-0.005181229324952151,1,1,52,2,1,5,2,2,3,25,25043
USER_000809,0.05883634188360281,0.02083634188360281,0,0,41,2,1,7,3,1,4,11,11049
USER_000810,0.026580890466707443,-0.011419109533292556,1,1,69,2,1,3,0,1,3,66,66097
USER_000811,0.037196925337579616,-0.0008030746624203833,1,1,69,1,1,5,0,1,3,11,11070
USER_000812,0.033404034125887376,-0.004595965874112623,1,1,72,1,2,7,0,1,2,19,19081
USER_000813,0.06170466826530599,0.02370466826530599,0,0,54,1,1,4,2,1,4,68,68090
USER_000814,0.04294832164767362,0.004948321647673622,0,0,21,1,1,4,1,1,5,11,11064
USER_000815,0.055477668092029524,0.017477668092029525,0,0,72,2,2,2,2,1,4,54,54022
USER_000816,0.017716594404445424,-0.020283405595554575,1,1,29,2,1,10,2,1,2,19,19061
USER_000817,0.04400575398803888,0.0060057539880388824,0,0,36,2,3,5,1,1,5,11,11090
USER_000818,0.05334446193435156,0.015344461934351558,0,0,32,2,2,5,2,1,2,19,19042
USER_000819,0.041234259839131364,0.003234259839131365,0,0,74,2,1,7,2,1,5,5,5035
USER_000820,0.05598220562598027,0.01798220562598027,0,0,47,1,3,2,0,1,3,63,63077
USER_000821,0.03224067324849442,-0.005759326751505582,1,1,62,2,2,4,2,1,3,11,11053
USER_000822,0.0611402116027837,0.0231402116027837,0,0,54,1,3,6,1,1,3,11,11049
USER_000823,0.07448347185428876,0.03648347185428876,0,0,29,2,2,3,1,1,2,11,11069
USER_000824,0.034557421593405115,-0.0034425784065948845,1,1,36,2,3,2,2,1,4,25,25022
USER_000825,0.03331746217898843,-0.004682537821011572,1,1,51,1,2,3,1,1,3,63,63035
USER_000826,0.06180076715676552,0.023800767156765518,0,0,24,1,2,5,1,1,2,50,50070
USER_000827,0.06369358218596069,0.02569358218596069,0,0,45,2,2,3,1,1,4,50,50073
USER_000828,0.03215709959270098,-0.005842900407299019,1,1,72,1,3,3,0,2,4,76,76087
USER_000829,0.03369719774356214,-0.0043028022564378585,1,1,45,2,1,5,1,2,1,8,8049
USER_000830,0.03577323086709239,-0.002226769132907612,1,1,46,2,2,4,2,2,2,11,11093
USER_000831,0.019833242334485846,-0.018166757665514153,1,1,54,2,3,2,1,1,2,8,8048
USER_000832,0.02622022080273703,-0.01177977919726297,1,1,37,2,1,4,0,2,2,11,11011
USER_000833,0.024937888498718985,-0.013062111501281014,1,1,28,2,1,5,0,1,3,11,11037
USER_000834,0.028483036523438074,-0.009516963476561925,1,1,67,1,1,5,0,1,4,11,11049
USER_000835,0.03947972668919828,0.0014797266891982824,0,0,67,2,3,6,4,2,4,25,25016
USER_000836,0.0435132209880478,0.0055132209880478025,0,0,56,2,2,5,0,1,4,11,11069
USER_000837,0.06325750739221116,0.025257507392211158,0,0,59,1,1,5,3,2,4,8,8019
USER_000838,0.025024689388918137,-0.012975310611081863,1,0,40,2,3,5,2,1,2,47,47093
USER_000839,0.054764835977148756,0.016764835977148757,0,0,69,1,1,4,1,1,3,11,11030
USER_000840,0.036790167336617365,-0.0012098326633826345,1,1,63,2,1,4,2,1,3,11,11074
USER_000841,0.03925804435521351,0.0012580443552135112,0,0,37,1,2,8,1,2,3,11,11031
USER_000842,0.05012229238249905,0.012122292382499053,0,0,37,2,1,4,1,1,2,11,11076
USER_000843,0.023159169676565523,-0.014840830323434476,1,1,28,2,1,5,0,1,1,47,47019
USER_000844,0.04573614619276076,0.007736146192760758,0,0,19,2,2,5,0,1,3,11,11093
USER_000845,0.04249678312319584,0.00449678312319584,0,0,30,2,1,5,0,1,4,11,11085
USER_000846,0.047386768960122234,0.009386768960122235,0,0,30,1,2,4,0,1,4,76,76071
USER_000847,0.04433752965861727,0.006337529658617273,0,0,58,1,1,3,1,1,5,13,13090
USER_000848,0.07682950209866342,0.03882950209866342,0,0,66,1,3,6,1,1,3,25,25006
USER_000849,0.03043390023623026,-0.007566099763769738,1,1,32,2,2,3,1,1,3,11,11045
USER_000850,0.032035045674972736,-0.0059649543250272635,1,1,73,2,2,3,2,1,4,63,63062
USER_000851,0.030652892103628537,-0.007347107896371462,1,1,71,1,1,3,2,1,3,25,25094
USER_000852,0.03166784321259618,-0.006332156787403821,1,0,48,2,3,3,1,1,2,13,13085
USER_000853,0.030439193090402234,-0.007560806909597765,1,1,40,1,1,8,0,1,5,76,76019
USER_000854,0.057835247966613275,0.019835247966613276,0,0,70,2,1,2,2,1,1,5,5029
USER_000855,0.06130756371984782,0.023307563719847824,0,0,39,1,1,5,1,1,5,11,11084
USER_000856,0.031438805593757856,-0.0065611944062421435,1,0,71,2,3,3,4,1,2,73,73048
USER_000857,0.027514666403436572,-0.010485333596563427,1,1,33,2,2,7,3,2,4,76,76042
USER_000858,0.04707123334579606,0.009071233345796063,0,0,74,2,3,6,1,1,5,25,25079
USER_000859,0.031716654335785424,-0.006283345664214575,1,0,59,1,2,6,1,1,4,73,73071
USER_000860,0.049493977266332666,0.011493977266332667,0,0,46,1,1,5,1,1,5,54,54066
USER_000861,0.043043845312769495,0.005043845312769496,0,0,37,2,3,5,0,1,4,76,76050
USER_000862,0.01726383827504152,-0.020736161724958478,1,1,45,2,1,4,2,1,2,13,13063
USER_000863,0.06321257801995092,0.025212578019950922,0,1,44,1,1,6,0,1,5,47,47062
USER_000864,0.06693816509643283,0.02893816509643283,0,0,61,2,1,7,1,1,1,68,68036
USER_000865,0.03080816964273421,-0.00719183035726579,1,1,46,2,1,5,0,1,2,11,11010
USER_000866,0.03418447660096024,-0.003815523399039761,1,1,22,1,2,5,1,1,4,11,11054
USER_000867,0.04428798086087358,0.006287980860873579,0,0,69,2,1,3,2,1,4,13,13043
USER_000868,0.045016851849805375,0.007016851849805376,0,0,66,2,1,3,0,1,4,11,11016
USER_000869,0.04987816409009246,0.011878164090092458,0,0,59,1,2,3,3,1,3,11,11073
USER_000870,0.07015306808149524,0.03215306808149524,0,1,55,2,1,4,2,2,4,52,52049
USER_000871,0.03734579158758926,-0.0006542084124107408,1,1,70,2,1,3,2,1,3,11,11076
USER_000872,0.028025541331923195,-0.009974458668076804,1,1,69,2,3,4,0,1,2,52,52046
USER_000873,0.019310211579782095,-0.018689788420217904,1,1,55,1,1,5,1,1,4,13,13092
USER_000874,0.029036049400871216,-0.008963950599128783,1,1,61,2,2,1,1,2,2,76,76015
USER_000875,0.03950309540689304,0.001503095406893043,0,0,70,1,1,7,0,1,2,68,68005
USER_000876,0.06691836795276682,0.028918367952766817,0,0,68,2,1,2,2,2,1,66,66069
USER_000877,0.03223583051445743,-0.005764169485542571,1,1,19,2,2,7,0,1,3,11,11068
USER_000878,0.04335681927458348,0.00535681927458348,0,0,62,1,1,3,0,1,3,66,66055
USER_000879,0.03975365655890872,0.0017536565589087241,0,0,71,2,1,8,2,1,4,13,13008
USER_000880,0.05782589910172126,0.019825899101721264,0,0,37,2,1,3,1,1,1,25,25058
USER_000881,0.07790398638810432,0.03990398638810432,0,0,60,1,1,6,5,1,1,19,19054
USER_000882,0.032036968406195195,-0.0059630315938048045,1,1,64,1,1,3,0,1,4,63,63005
USER_000883,0.03265840836222667,-0.005341591637773327,1,1,30,1,1,3,1,1,2,25,25083
USER_000884,0.05566241315603608,0.01766241315603608,0,0,43,2,1,3,1,2,3,50,50044
USER_000885,0.05022837234439467,0.012228372344394674,0,0,52,2,3,5,0,1,3,25,25091
USER_000886,0.0677006098860405,0.0297006098860405,0,0,63,2,1,1,1,1,1,68,68007
USER_000887,0.04875892277988946,0.010758922779889463,0,0,25,1,1,4,5,1,4,73,73006
USER_000888,0.03461061863819411,-0.0033893813618058877,1,0,45,2,2,6,0,2,3,19,19056
USER_000889,0.04885982246038464,0.010859822460384638,0,0,58,2,2,4,1,1,2,25,25019
USER_000890,0.05663055370874362,0.01863055370874362,0,0,32,1,1,9,3,1,1,11,11038
USER_000891,0.052307232717960464,0.014307232717960465,0,0,72,1,1,6,0,1,1,11,11097
USER_000892,0.04760911046660947,0.00960911046660947,0,0,67,2,1,2,3,1,4,63,63097
USER_000893,0.056000120343837306,0.018000120343837307,0,0,25,2,1,6,0,1,5,50,50062
USER_000894,0.05753943385668509,0.019539433856685093,0,0,28,2,1,7,3,2,4,47,47069
USER_000895,0.060732384865562906,0.022732384865562907,0,0,46,2,1,5,4,1,3,19,19080
USER_000896,0.04973064831384464,0.011730648313844641,0,0,22,2,1,2,1,1,5,13,13047
USER_000897,0.037493228795247184,-0.000506771204752815,1,1,64,2,1,2,3,1,2,11,11010
USER_000898,0.042200705296499844,0.0042007052964998445,0,0,64,2,1,2,0,1,2,73,73051
USER_000899,0.05809763449762535,0.020097634497625354,0,0,24,1,2,3,3,1,4,76,76007
USER_000900,0.02774596493519146,-0.010254035064808539,1,1,70,2,1,5,0,1,2,11,11016
USER_000901,0.04553009963309352,0.0075300996330935205,0,1,35,2,1,8,1,1,2,13,13030
USER_000902,0.03409991781508959,-0.0039000821849104056,1,1,45,2,1,5,0,1,3,11,11062
USER_000903,0.04043117234402226,0.0024311723440222643,0,0,29,2,1,1,2,1,4,54,54037
USER_000904,0.05917677793910948,0.02117677793910948,0,0,29,1,2,3,1,1,3,52,52014
USER_000905,0.04286648602029855,0.004866486020298551,0,0,53,1,3,5,3,1,3,5,5048
USER_000906,0.040696548222342234,0.002696548222342235,0,0,46,1,1,5,0,1,5,11,11017
USER_000907,0.019602157885301213,-0.018397842114698786,1,1,28,2,1,4,0,1,2,11,11008
USER_000908,0.051193803490408314,0.013193803490408315,0,1,70,1,2,4,0,2,2,54,54013
USER_000909,0.049682262717116135,0.011682262717116136,0,0,23,2,1,5,3,1,2,11,11029
USER_000910,0.0724488208495819,0.0344488208495819,0,0,38,2,3,4,0,2,3,73,73067
USER_000911,0.035383326475704996,-0.002616673524295003,1,0,27,1,1,3,1,1,2,8,8072
USER_000912,0.043287254914959085,0.005287254914959086,0,0,49,2,2,7,1,1,2,11,11096
USER_000913,0.04374075525566133,0.0057407552556613325,0,0,64,1,1,4,0,1,5,5,5005
USER_000914,0.06366179919645211,0.02566179919645211,0,0,50,2,1,6,1,1,2,76,76075
USER_000915,0.03857056701419572,0.000570567014195722,0,0,34,1,1,3,1,1,4,66,66062
USER_000916,0.04418532288655509,0.006185322886555093,0,0,20,2,2,6,0,1,3,52,52036
USER_000917,0.04911844764574809,0.01111844764574809,0,0,74,2,2,8,0,1,2,76,76035
USER_000918,0.04279913684734537,0.00479913684734537,0,0,60,2,3,4,0,1,2,5,5093
USER_000919,0.033303495781742076,-0.004696504218257923,1,1,35,2,1,6,2,1,2,68,68050
USER_000920,0.042911349893474615,0.004911349893474616,0,0,27,2,2,4,0,1,3,52,52005
USER_000921,0.05610447624789658,0.01810447624789658,0,0,70,1,1,2,0,1,2,11,11013
USER_000922,0.0246022705088341,-0.0133977294911659,1,1,58,2,1,4,0,1,3,66,66024
USER_000923,0.041994545112203144,0.003994545112203145,0,0,56,1,1,5,1,1,3,63,63083
USER_000924,0.029498187775912402,-0.008501812224087597,1,1,60,2,1,7,0,1,1,11,11089
USER_000925,0.057925699433872636,0.019925699433872637,0,1,25,1,2,6,1,1,4,25,25095
USER_000926,0.01715219642824338,-0.02084780357175662,1,1,51,1,2,7,0,2,4,5,5025
USER_000927,0.03161617229092618,-0.006383827709073822,1,1,54,2,1,6,0,1,2,5,5009
USER_000928,0.04565817812596781,0.007658178125967814,0,1,58,1,1,4,0,1,3,11,11024
USER_000929,0.0634828604385151,0.025482860438515102,0,0,50,1,2,8,0,2,5,11,11028
USER_000930,0.03901374608390518,0.0010137460839051843,0,0,66,2,3,6,1,1,4,68,68054
USER_000931,0.03167200709960203,-0.006327992900397969,1,0,27,1,1,4,0,2,2,19,19070
USER_000932,0.06821735604160885,0.03021735604160885,0,0,57,2,3,3,3,1,1,73,73086
USER_000933,0.01827979149375634,-0.019720208506243658,1,1,35,2,3,5,0,1,5,50,50018
USER_000934,0.007017910650698773,-0.030982089349301224,1,1,42,1,1,6,3,1,4,50,50053
USER_000935,0.046600216750799985,0.008600216750799985,0,0,59,1,2,8,1,1,5,11,11073
USER_000936,0.03246918663471084,-0.0055308133652891625,1,1,58,1,1,4,2,1,3,11,11060
USER_000937,0.024681507743039302,-0.013318492256960697,1,1,53,2,2,3,1,1,3,19,19069
USER_000938,0.0506253467094903,0.012625346709490302,0,0,19,1,1,5,0,1,1,63,63033
USER_000939,0.04365701070656798,0.005657010706567982,0,0,36,2,1,6,0,1,5,11,11009
USER_000940,0.031538820538949075,-0.006461179461050924,1,0,27,2,1,5,1,1,4,68,68051
USER_000941,0.020795434019936585,-0.017204565980063414,1,1,66,2,2,4,0,1,2,54,54083
USER_000942,0.05308685992420217,0.015086859924202174,0,0,20,1,3,1,2,1,3,11,11047
USER_000943,0.049753017669379916,0.011753017669379917,0,0,70,2,1,2,1,2,2,11,11053
USER_000944,0.03851236204330926,0.0005123620433092613,0,0,36,2,1,8,1,1,1,5,5069
USER_000945,0.06769955494071499,0.029699554940714988,0,0,68,2,3,4,1,2,3,13,13050
USER_000946,0.02394872850510771,-0.014051271494892287,1,1,43,1,1,6,1,1,3,25,25061
USER_000947,0.01711712243612892,-0.02088287756387108,1,1,71,2,2,5,2,2,3,68,68006
USER_000948,0.029621378951781335,-0.008378621048218664,1,1,68,2,2,5,1,1,5,13,13093
USER_000949,0.039316209754667535,0.0013162097546675355,0,0,68,1,2,1,2,1,5,47,47041
USER_000950,0.04365009173984038,0.005650091739840379,0,0,64,2,1,2,1,1,3,11,11062
USER_000951,0.036381459132155056,-0.0016185408678449434,1,1,42,2,1,3,0,2,2,52,52029
USER_000952,0.04528083094771445,0.007280830947714451,0,0,67,2,1,7,1,1,2,11,11053
USER_000953,0.021226908637143337,-0.016773091362856662,1,1,34,2,1,6,2,1,4,11,11034
USER_000954,0.061656469061098895,0.023656469061098896,0,0,27,2,1,4,0,1,2,68,68022
USER_000955,0.038767732324111466,0.000767732324111467,0,0,73,2,1,3,1,1,1,11,11083
USER_000956,0.056759437473821915,0.018759437473821916,0,0,63,2,2,4,0,1,4,11,11092
USER_000957,0.04514088019566556,0.007140880195665562,0,0,68,2,3,6,0,1,2,5,5038
USER_000958,0.04685129828730676,0.008851298287306762,0,0,72,1,1,2,2,1,4,54,54003
USER_000959,0.04854650920348306,0.01054650920348306,0,0,67,1,2,2,2,1,4,19,19053
USER_000960,0.04671562840025972,0.008715628400259724,0,0,28,2,2,3,2,1,3,11,11048
USER_000961,0.04964084139801316,0.011640841398013163,0,0,28,2,1,10,3,1,4,68,68026
USER_000962,0.05993728795198647,0.02193728795198647,0,1,29,2,2,5,2,1,2,66,66026
USER_000963,0.04294781754552205,0.004947817545522051,0,0,57,2,1,3,0,2,3,11,11069
USER_000964,0.05063505636382769,0.012635056363827689,0,0,65,2,1,3,0,1,3,11,11028
USER_000965,0.0386539645856916,0.0006539645856915993,0,0,74,1,3,3,1,1,2,13,13020
USER_000966,0.06160175823174209,0.02360175823174209,0,0,73,1,3,3,1,1,4,11,11052
USER_000967,0.029854115469110955,-0.008145884530889044,1,1,25,1,1,5,3,2,4,11,11037
USER_000968,0.06701410649366224,0.02901410649366224,0,0,41,1,1,4,1,1,4,76,76041
USER_000969,0.03939763074033485,0.0013976307403348529,0,0,31,2,3,3,0,1,4,11,11057
USER_000970,0.01853837346822928,-0.01946162653177072,1,0,40,2,2,6,1,1,5,25,25010
USER_000971,0.04192156622366184,0.00392156622366184,0,0,67,1,2,5,1,1,3,63,63096
USER_000972,0.029784225137876787,-0.008215774862123212,1,1,73,2,1,3,0,1,3,73,73084
USER_000973,0.05260965323483086,0.014609653234830863,0,0,70,2,2,3,1,1,5,11,11078
USER_000974,0.030210640310464134,-0.007789359689535865,1,1,71,2,1,4,0,2,4,11,11061
USER_000975,0.033307248501778304,-0.004692751498221695,1,1,53,2,3,3,1,1,3,47,47060
USER_000976,0.011656889035817037,-0.026343110964182962,1,1,34,1,1,3,1,1,2,11,11093
USER_000977,0.03321540521126385,-0.004784594788736149,1,1,62,2,2,4,1,2,4,52,52095
USER_000978,0.0036418101005656523,-0.034358189899434344,1,1,22,1,1,5,2,1,2,11,11092
USER_000979,0.01624145764771415,-0.02175854235228585,1,0,20,2,1,6,0,1,4,25,25055
USER_000980,0.05140621984216446,0.01340621984216446,0,0,26,2,2,8,1,1,4,54,54097
USER_000981,0.051787002379762484,0.013787002379762485,0,0,37,2,1,6,2,1,3,54,54003
USER_000982,0.04638186342677447,0.008381863426774473,0,0,67,2,2,3,1,1,5,54,54064
USER_000983,0.025495357853061805,-0.012504642146938194,1,0,37,1,2,8,2,1,4,50,50070
USER_000984,0.0392843296578703,0.0012843296578703006,0,0,68,2,1,5,1,1,2,76,76075
USER_000985,0.03994596191364148,0.001945961913641478,0,0,36,2,2,7,1,2,2,76,76026
USER_000986,0.022624529662111866,-0.015375470337888133,1,1,38,2,2,2,1,1,2,8,8017
USER_000987,0.06255097452650726,0.024550974526507265,0,0,33,2,1,4,1,2,4,11,11025
USER_000988,0.05316043435863507,0.015160434358635073,0,0,50,2,1,7,1,1,2,66,66063
USER_000989,0.03668553739255504,-0.0013144626074449578,1,1,22,2,1,6,0,1,5,19,19027
USER_000990,0.040403287584917964,0.0024032875849179652,0,0,41,1,1,2,1,1,3,11,11013
USER_000991,0.04312574211921329,0.005125742119213288,0,0,32,1,1,3,1,1,4,68,68014
USER_000992,0.009373976973635642,-0.028626023026364356,1,1,43,2,3,5,2,1,3,13,13079
USER_000993,0.036292339262191047,-0.0017076607378089526,1,1,61,2,2,7,1,1,5,5,5020
USER_000994,0.029770236280033023,-0.008229763719966976,1,1,42,1,1,5,2,1,4,19,19049
USER_000995,0.02497569985157627,-0.01302430014842373,1,1,45,2,2,7,0,1,5,13,13088
USER_000996,0.03578349560671068,-0.002216504393289319,1,1,50,2,2,2,2,1,4,11,11043
USER_000997,0.06696529790274283,0.028965297902742833,0,0,63,2,1,4,0,1,4,11,11073
USER_000998,0.04961264291900515,0.01161264291900515,0,0,35,2,1,5,0,1,4,8,8053
USER_000999,0.03143231515325805,-0.006567684846741952,1,1,35,1,2,5,4,1,1,25,25090
USER_001000,0.04858874172034238,0.010588741720342382,0,1,55,2,1,3,3,1,3,13,13086
USER_001001,0.06099033154879003,0.02299033154879003,0,0,50,2,2,4,0,1,3,8,8084
USER_001002,0.05386950524369153,0.01586950524369153,0,0,44,2,1,3,1,1,4,76,76077
USER_001003,0.04089445554880261,0.0028944555488026116,0,0,66,2,2,2,3,1,3,76,76007
USER_001004,0.030295948334416394,-0.0077040516655836055,1,1,67,2,2,6,2,1,3,68,68099
USER_001005,0.05047334970420385,0.01247334970420385,0,0,32,2,1,4,0,1,2,11,11023
USER_001006,0.04590228078132624,0.007902280781326244,0,0,61,2,1,5,1,1,3,8,8063
USER_001007,0.053427898300415985,0.015427898300415986,0,0,30,2,2,3,0,1,5,13,13099
USER_001008,0.049527577025229544,0.011527577025229545,0,0,69,2,2,2,1,1,4,63,63025
USER_001009,0.05574329072979003,0.01774329072979003,0,0,51,1,2,6,1,2,4,68,68002
USER_001010,0.031971471826591484,-0.006028528173408515,1,1,21,2,2,4,3,1,4,13,13098
USER_001011,0.05976091098451489,0.021760910984514888,0,0,52,1,1,9,2,2,3,13,13090
USER_001012,0.042963994070385994,0.004963994070385995,0,0,36,2,1,2,0,1,4,5,5092
USER_001013,0.07112891308937898,0.03312891308937898,0,0,48,1,2,2,2,1,2,68,68061
USER_001014,0.029662182728656485,-0.008337817271343514,1,1,42,2,1,3,3,1,4,11,11023
USER_001015,0.06603945704747874,0.02803945704747874,0,0,57,1,1,8,1,1,5,76,76031
USER_001016,0.04296866175193972,0.004968661751939718,0,0,29,2,2,6,1,1,2,11,11013
USER_001017,0.030228729945783277,-0.007771270054216722,1,0,29,1,3,3,0,2,4,5,5054
USER_001018,0.03274171248918518,-0.005258287510814821,1,0,59,2,1,10,1,2,4,11,11083
USER_001019,0.0351947903770852,-0.002805209622914799,1,1,42,2,1,4,0,1,3,25,25039
USER_001020,0.04636248919602875,0.00836248919602875,0,0,50,1,2,2,0,2,4,66,66011
USER_001021,0.047842532320532496,0.009842532320532497,0,0,54,2,1,2,4,1,3,5,5066
USER_001022,0.03139449994092132,-0.00660550005907868,1,1,45,2,1,2,1,2,4,5,5094
USER_001023,0.03963468111608526,0.0016346811160852584,0,0,69,2,2,5,1,1,4,11,11030
USER_001024,0.07213405537917796,0.034134055379177956,0,0,60,1,1,3,1,1,3,11,11065
USER_001025,0.06591314755151068,0.027913147551510677,0,0,26,1,1,5,2,1,2,25,25011
USER_001026,0.04654485504511048,0.008544855045110482,0,0,31,1,1,3,0,1,3,68,68073
USER_001027,0.040570052172523005,0.002570052172523006,0,0,20,1,1,2,1,1,2,11,11052
USER_001028,0.04180046990077392,0.0038004699007739215,0,0,22,1,2,5,0,1,1,11,11095
USER_001029,0.04920276959095625,0.01120276959095625,0,0,73,2,1,2,1,1,5,54,54058
USER_001030,0.024658111522023917,-0.013341888477976082,1,1,43,2,1,7,0,1,3,25,25093
USER_001031,0.036139351938649825,-0.0018606480613501744,1,1,70,1,1,6,2,2,3,11,11014
USER_001032,0.014971238891836153,-0.023028761108163848,1,1,58,1,3,8,0,1,3,11,11078
USER_001033,0.04598834683907919,0.007988346839079188,0,0,35,2,3,4,1,2,4,63,63064
USER_001034,0.049707939095541116,0.011707939095541117,0,0,55,1,2,4,1,1,4,8,8009
USER_001035,0.03275220306550939,-0.005247796934490609,1,1,38,2,1,3,2,1,3,5,5048
USER_001036,0.0636098014493505,0.025609801449350496,0,0,74,1,1,4,2,2,4,66,66001
USER_001037,0.021613515054964887,-0.016386484945035112,1,1,56,2,2,5,0,1,2,5,5040
USER_001038,0.018034376796852703,-0.019965623203147296,1,1,33,2,1,7,0,1,4,11,11058
USER_001039,0.04336677727839958,0.005366777278399584,0,0,57,2,2,3,2,1,2,25,25062
USER_001040,0.055706474539182316,0.017706474539182317,0,0,40,1,1,4,0,1,4,5,5090
USER_001041,0.06525891537186804,0.027258915371868038,0,0,46,1,1,6,1,2,1,68,68087
USER_001042,0.0331167360569659,-0.004883263943034101,1,1,27,2,1,7,2,1,5,73,73070
USER_001043,0.056180212501469436,0.018180212501469437,0,0,22,2,1,4,2,1,3,13,13091
USER_001044,0.03942237295748939,0.0014223729574893915,0,0,28,2,2,6,1,1,5,68,68085
USER_001045,0.03741059050088771,-0.0005894094991122922,1,0,46,2,2,9,2,1,3,5,5058
USER_001046,0.05325489906230008,0.015254899062300084,0,0,70,1,1,6,4,1,5,8,8037
USER_001047,0.04978484317620129,0.011784843176201293,0,0,62,2,3,3,2,1,3,11,11047
USER_001048,0.01635411764523626,-0.021645882354763737,1,1,44,1,1,4,0,1,3,11,11034
USER_001049,0.06214810524588844,0.024148105245888438,0,0,69,2,3,4,0,1,4,47,47019
USER_001050,0.060701370312211775,0.022701370312211776,0,0,51,1,1,5,2,1,2,76,76065
USER_001051,0.03061655947735706,-0.007383440522642937,1,1,31,1,2,6,2,1,2,11,11059
USER_001052,0.04593705300156114,0.00793705300156114,0,0,58,2,3,4,2,1,3,68,68082
USER_001053,0.04741045279424108,0.009410452794241082,0,0,59,2,2,3,1,2,3,63,63002
USER_001054,0.04391010648735861,0.00591010648735861,0,0,27,2,1,4,0,1,3,13,13019
USER_001055,0.0317454226923187,-0.006254577307681301,1,1,59,2,1,3,0,1,4,25,25080
USER_001056,0.02992564948092923,-0.00807435051907077,1,1,68,2,1,8,2,1,2,11,11099
USER_001057,0.03961668893512832,0.00161668893512832,0,0,28,1,1,4,2,1,2,11,11091
USER_001058,0.05759093528889047,0.01959093528889047,0,0,28,1,2,5,1,1,3,11,11047
USER_001059,0.048154002318916485,0.010154002318916486,0,0,52,2,2,4,0,2,2,50,50027
USER_001060,0.03444078501870841,-0.0035592149812915877,1,1,36,2,1,2,0,1,1,11,11008
USER_001061,0.05157548065972517,0.013575480659725171,0,1,41,2,1,3,3,1,4,68,68099
USER_001062,0.0,-0.038,1,1,71,1,2,6,1,1,3,47,47097
USER_001063,0.057231485505581554,0.019231485505581555,0,0,18,2,1,3,1,1,4,52,52084
USER_001064,0.013904293318328508,-0.02409570668167149,1,1,29,2,2,5,2,2,2,47,47068
USER_001065,0.03456338587895302,-0.0034366141210469825,1,1,64,1,1,5,0,2,2,50,50037
USER_001066,0.023204951580607844,-0.014795048419392155,1,1,31,2,1,8,0,1,4,68,68078
USER_001067,0.020579777864186417,-0.01742022213581358,1,1,20,2,3,5,2,1,4,11,11023
USER_001068,0.05741240181067779,0.01941240181067779,0,0,69,2,1,5,1,1,4,54,54069
USER_001069,0.03298448198032163,-0.005015518019678367,1,1,62,2,2,5,1,2,2,11,11054
USER_001070,0.045197558225960735,0.007197558225960736,0,0,67,2,1,6,1,1,4,50,50014
USER_001071,0.03929619131681224,0.0012961913168122383,0,0,49,2,1,4,0,2,3,13,13044
USER_001072,0.04715561240834682,0.009155612408346822,0,0,33,1,3,4,0,1,2,68,68028
USER_001073,0.04115232836590383,0.003152328365903831,0,0,55,2,2,5,2,1,3,11,11078
USER_001074,0.02075511663717146,-0.01724488336282854,1,1,27,2,3,3,3,2,3,68,68097
USER_001075,0.0549440022917071,0.016944002291707103,0,0,34,2,3,3,0,2,2,19,19083
USER_001076,0.03259365125258031,-0.005406348747419687,1,1,66,1,1,4,2,2,4,68,68006
USER_001077,0.016651271520103737,-0.021348728479896262,1,1,57,2,3,6,1,2,3,76,76015
USER_001078,0.03357827258551131,-0.004421727414488687,1,1,21,1,1,2,1,1,3,76,76041
USER_001079,0.06251139685951466,0.024511396859514666,0,0,32,1,1,5,3,1,2,19,19084
USER_001080,0.052753326131702395,0.014753326131702396,0,0,50,2,2,6,1,1,3,76,76068
USER_001081,0.034770217983882114,-0.0032297820161178853,1,1,56,2,1,6,1,1,2,68,68078
USER_001082,0.03476113443522357,-0.0032388655647764275,1,0,74,2,3,2,2,1,3,5,5037
USER_001083,0.035175474231739265,-0.002824525768260734,1,0,27,2,1,3,1,1,2,11,11086
USER_001084,0.07115121975341261,0.03315121975341261,0,0,24,1,1,3,0,1,3,8,8057
USER_001085,0.0457290317834733,0.007729031783473304,0,0,50,2,1,7,1,1,4,11,11073
USER_001086,0.046450624707866046,0.008450624707866047,0,0,34,1,1,3,0,1,5,73,73065
USER_001087,0.05545425181047763,0.017454251810477633,0,0,29,2,1,4,2,1,3,11,11005
USER_001088,0.043581837385397705,0.005581837385397706,0,0,34,2,1,4,0,1,2,25,25090
USER_001089,0.03611436781268945,-0.0018856321873105472,1,1,64,2,2,3,1,1,4,19,19030
USER_001090,0.03705475226372533,-0.0009452477362746695,1,1,73,2,3,3,0,1,4,73,73065
USER_001091,0.03892598110878904,0.0009259811087890396,0,0,33,2,1,5,0,2,3,11,11082
USER_001092,0.03944166645235238,0.001441666452352379,0,0,72,2,1,10,0,1,1,19,19098
USER_001093,0.0509144431545547,0.0129144431545547,0,0,31,2,1,3,3,1,4,8,8019
USER_001094,0.04077918828710949,0.002779188287109491,0,0,20,1,1,2,3,2,4,50,50028
USER_001095,0.050989601158233686,0.012989601158233686,0,0,68,2,1,5,0,2,3,68,68024
USER_001096,0.03878925129837127,0.0007892512983712699,0,0,61,2,1,4,1,2,3,11,11072
USER_001097,0.04117952785474136,0.0031795278547413625,0,0,68,2,2,6,2,2,4,66,66011
USER_001098,0.010026989732018387,-0.027973010267981612,1,1,67,1,1,7,1,1,3,11,11010
USER_001099,0.05374491512053722,0.015744915120537224,0,0,47,1,1,5,2,1,4,19,19053
USER_001100,0.04519732713846989,0.007197327138469892,0,0,63,2,3,5,3,1,3,11,11006
USER_001101,0.05497015164789478,0.016970151647894782,0,0,69,2,2,4,0,1,3,52,52064
USER_001102,0.0,-0.038,1,0,72,2,1,3,1,2,3,52,52015
USER_001103,0.07132562057171091,0.03332562057171091,0,0,58,1,2,6,0,1,2,13,13026
USER_001104,0.03790615557767239,-9.384442232760609e-05,1,1,52,1,1,5,2,1,3,11,11097
USER_001105,0.05662274225106275,0.01862274225106275,0,0,43,2,2,1,1,1,3,63,63078
USER_001106,0.02440141109311704,-0.01359858890688296,1,1,72,2,2,4,0,1,2,25,25021
USER_001107,0.049191608575938545,0.011191608575938546,0,0,29,2,1,11,0,1,4,25,25060
USER_001108,0.02419876655239516,-0.013801233447604838,1,1,48,1,2,6,5,1,3,66,66099
USER_001109,0.030643465589562924,-0.007356534410437075,1,1,69,2,2,2,2,1,2,50,50031
USER_001110,0.06871047030800179,0.030710470308001787,0,1,34,2,2,3,3,1,1,11,11098
USER_001111,0.037139763988549804,-0.0008602360114501953,1,1,54,2,3,4,0,1,2,8,8011
USER_001112,0.04326149309769584,0.0052614930976958435,0,0,25,1,1,2,0,1,3,11,11085
USER_001113,0.05305101596033131,0.015051015960331308,0,0,36,2,2,4,3,2,3,11,11009
USER_001114,0.047435228319589066,0.009435228319589067,0,0,43,2,3,5,0,2,1,11,11007
USER_001115,0.04225628357715364,0.004256283577153644,0,0,21,2,1,4,1,1,3,11,11037
USER_001116,0.04547441503699338,0.007474415036993379,0,0,32,2,1,5,0,1,3,8,8027
USER_001117,0.07605123377857413,0.03805123377857413,0,0,68,2,2,5,0,2,1,25,25004
USER_001118,0.03913571804449622,0.00113571804449622,0,0,64,2,2,3,1,1,4,5,5078
USER_001119,0.04301648570072451,0.005016485700724514,0,0,31,2,1,4,1,1,4,25,25051
USER_001120,0.05575981594011418,0.01775981594011418,0,0,47,2,1,5,2,1,4,11,11051
USER_001121,0.05658288899436976,0.01858288899436976,0,0,65,2,3,3,1,2,2,68,68089
USER_001122,0.057805454583405705,0.019805454583405706,0,0,73,2,1,5,0,1,1,13,13022
USER_001123,0.04958095333043777,0.011580953330437772,0,0,59,1,1,2,1,1,3,63,63007
USER_001124,0.022854926309042747,-0.015145073690957252,1,0,41,1,3,7,0,1,4,11,11007
USER_001125,0.06450147298451644,0.026501472984516446,0,0,63,2,1,6,1,2,4,76,76048
USER_001126,0.02280481910471968,-0.015195180895280318,1,1,69,1,2,5,2,1,1,19,19007
USER_001127,0.0445395319785855,0.0065395319785854986,0,0,60,2,2,5,0,2,2,52,52004
USER_001128,0.02868586224970963,-0.009314137750290368,1,1,51,2,3,4,0,1,1,73,73024
USER_001129,0.039037924801105114,0.0010379248011051154,0,0,36,2,1,3,1,1,3,11,11051
USER_001130,0.04493143615455221,0.0069314361545522105,0,0,20,2,3,2,3,1,2,13,13074
USER_001131,0.0448203582317541,0.006820358231754101,0,0,21,2,1,2,0,1,1,50,50019
USER_001132,0.04632881131352927,0.00832881131352927,0,0,28,1,1,5,2,1,4,11,11012
USER_001133,0.06420566903587971,0.02620566903587971,0,0,30,2,1,5,4,1,3,54,54061
USER_001134,0.0468030145227097,0.0088030145227097,0,0,67,2,1,2,1,2,3,66,66093
USER_001135,0.03633765047064027,-0.0016623495293597301,1,1,35,2,1,4,2,2,2,47,47004
USER_001136,0.05446130752432536,0.016461307524325362,0,0,36,2,2,4,1,1,3,11,11048
USER_001137,0.05784205733386961,0.01984205733386961,0,0,61,1,2,6,0,1,2,50,50062
USER_001138,0.021585882772945115,-0.016414117227054884,1,1,50,1,2,5,3,1,2,68,68089
USER_001139,0.04896100104774787,0.010961001047747873,0,0,73,2,2,1,1,1,3,11,11032
USER_001140,0.050517591134663475,0.012517591134663476,0,0,55,2,1,4,0,1,2,68,68044
USER_001141,0.03553654744960012,-0.0024634525503998764,1,1,20,2,1,2,1,1,3,54,54042
USER_001142,0.060635602199674295,0.022635602199674296,0,0,66,2,1,4,1,2,1,19,19044
USER_001143,0.037749166194512095,-0.00025083380548790446,1,1,52,2,1,6,0,1,2,76,76065
USER_001144,0.04188364680207314,0.0038836468020731416,0,1,18,1,1,2,1,2,4,11,11047
USER_001145,0.03740392263574196,-0.0005960773642580408,1,1,52,2,2,6,2,1,2,19,19007
USER_001146,0.04023368571372202,0.002233685713722018,0,0,53,2,1,3,1,1,3,54,54063
USER_001147,0.023555873696571975,-0.014444126303428024,1,1,55,2,2,1,5,2,1,5,5034
USER_001148,0.018399236761085586,-0.019600763238914413,1,1,56,1,1,5,1,1,3,68,68047
USER_001149,0.06391757594837458,0.02591757594837458,0,0,72,1,1,7,2,2,4,11,11084
USER_001150,0.027295579775225082,-0.010704420224774917,1,1,42,2,1,5,2,1,2,11,11091
USER_001151,0.025129114758155394,-0.012870885241844605,1,1,57,1,2,5,1,1,4,11,11025
USER_001152,0.00769914829594428,-0.03030085170405572,1,0,30,2,1,3,2,1,2,11,11099
USER_001153,0.030415573784657465,-0.007584426215342534,1,1,21,2,1,8,0,1,3,5,5097
USER_001154,0.020153653098887524,-0.017846346901112475,1,1,23,1,1,3,3,1,5,8,8068
USER_001155,0.06463022740204553,0.026630227402045535,0,0,28,2,2,6,0,2,4,11,11040
USER_001156,0.05514725634013951,0.017147256340139513,0,1,18,1,2,10,0,1,4,52,52010
USER_001157,0.029677744822334144,-0.008322255177665855,1,1,25,2,1,4,3,2,3,5,5074
USER_001158,0.07378653708016462,0.035786537080164625,0,0,71,1,1,3,2,2,5,54,54006
USER_001159,0.05472648230487392,0.01672648230487392,0,0,51,2,1,1,2,2,4,11,11032
USER_001160,0.03512752924737066,-0.002872470752629336,1,1,57,2,1,2,0,1,1,25,25087
USER_001161,0.002508914276896412,-0.03549108572310359,1,1,69,1,3,4,5,1,1,11,11031
USER_001162,0.07436413858886112,0.036364138588861124,0,0,26,2,1,5,2,1,4,25,25026
USER_001163,0.019156412998546063,-0.018843587001453936,1,1,53,1,1,5,1,1,5,52,52043
USER_001164,0.015319018795646625,-0.022680981204353374,1,1,66,2,1,9,0,1,4,11,11025
USER_001165,0.0553385564801446,0.017338556480144603,0,0,56,2,2,3,4,1,3,11,11071
USER_001166,0.07659628609508909,0.03859628609508909,0,0,59,2,3,6,1,2,2,73,73067
USER_001167,0.06076409227765777,0.02276409227765777,0,0,54,1,1,2,0,1,4,5,5005
USER_001168,0.048458636800785396,0.010458636800785397,0,0,59,1,2,6,0,2,3,25,25098
USER_001169,0.04892131512497929,0.010921315124979292,0,0,61,2,1,8,1,2,2,25,25096
USER_001170,0.052801233381704615,0.014801233381704616,0,0,38,1,2,9,0,1,2,5,5044
USER_001171,0.05138392884680148,0.01338392884680148,0,0,37,2,1,4,2,1,3,13,13071
USER_001172,0.04421787135954064,0.00621787135954064,0,0,55,1,1,6,0,1,3,19,19065
USER_001173,0.04156301655927814,0.00356301655927814,0,0,18,2,2,4,0,1,3,73,73062
USER_001174,0.03906110308150716,0.0010611030815071629,0,0,52,2,2,7,0,1,3,8,8044
USER_001175,0.028690531166999857,-0.009309468833000142,1,1,45,2,3,4,0,1,4,63,63090
USER_001176,0.03578987384699839,-0.002210126153001611,1,1,24,2,1,5,4,2,2,25,25072
USER_001177,0.01460564778706922,-0.023394352212930777,1,1,60,2,1,4,0,1,2,68,68049
USER_001178,0.03852490559807875,0.0005249055980787523,0,0,73,1,1,4,3,1,1,5,5018
USER_001179,0.025171133392736238,-0.012828866607263761,1,1,61,2,2,6,0,1,4,13,13030
USER_001180,0.023446160241763433,-0.014553839758236566,1,1,26,1,1,4,0,2,3,25,25011
USER_001181,0.04269841226730218,0.004698412267302179,0,0,18,2,2,4,1,2,2,11,11015
USER_001182,0.06088003429516899,0.022880034295168994,0,0,53,2,1,6,0,1,3,11,11082
USER_001183,0.0537747490900347,0.0157747490900347,0,0,51,1,1,6,0,2,4,25,25049
USER_001184,0.016442490945652338,-0.02155750905434766,1,1,51,2,2,5,1,2,3,25,25079
USER_001185,0.02515557795144494,-0.01284442204855506,1,1,34,1,1,8,0,1,3,11,11033
USER_001186,0.054111567819823236,0.016111567819823237,0,0,70,2,1,8,3,1,2,25,25050
USER_001187,0.025262689096925358,-0.012737310903074641,1,1,49,2,2,6,3,1,5,11,11014
USER_001188,0.03663050275004463,-0.0013694972499553662,1,1,19,1,1,2,1,1,4,8,8029
USER_001189,0.04825078148536828,0.01025078148536828,0,0,53,2,2,3,1,2,2,66,66048
USER_001190,0.02547483317704547,-0.012525166822954528,1,1,42,2,1,2,1,1,1,8,8093
USER_001191,0.0415806325921894,0.003580632592189402,0,0,60,2,2,5,1,2,3,8,8099
USER_001192,0.019989617576226935,-0.018010382423773064,1,1,68,1,1,5,0,1,4,47,47078
USER_001193,0.030979485340731795,-0.0070205146592682045,1,1,73,2,1,6,1,2,1,11,11059
USER_001194,0.044796729012138055,0.006796729012138056,0,0,43,2,2,2,1,1,3,25,25018
USER_001195,0.016105093997024963,-0.021894906002975036,1,1,62,1,1,3,0,1,1,5,5063
USER_001196,0.04660712106940598,0.008607121069405983,0,0,71,1,1,8,1,1,1,25,25025
USER_001197,0.03970543301609978,0.0017054330160997805,0,0,43,2,1,4,1,1,3,25,25014
USER_001198,0.04828734931625722,0.010287349316257223,0,0,38,1,3,5,0,2,4,76,76062
USER_001199,0.04335871201096992,0.005358712010969921,0,0,35,2,1,7,3,1,1,54,54037
USER_001200,0.060462106449607665,0.022462106449607666,0,0,46,2,1,3,0,1,3,76,76032
USER_001201,0.04187836753971861,0.0038783675397186107,0,0,68,1,1,4,3,1,4,66,66060
USER_001202,0.03355891688312121,-0.00444108311687879,1,1,41,2,2,2,1,2,2,76,76055
USER_001203,0.04183446254548426,0.0038344625454842587,0,0,64,2,1,7,1,2,3,68,68050
USER_001204,0.04814947043554582,0.010149470435545822,0,0,45,2,1,6,2,1,4,76,76059
USER_001205,0.04073290105488556,0.0027329010548855642,0,0,29,2,1,4,2,1,4,54,54008
USER_001206,0.04060887536805824,0.0026088753680582402,0,0,74,2,2,9,0,1,4,11,11026
USER_001207,0.02947012468289867,-0.00852987531710133,1,1,28,2,1,6,3,1,2,73,73004
USER_001208,0.030056486236735777,-0.007943513763264222,1,1,44,1,1,7,2,2,2,25,25060
USER_001209,0.0189609209230046,-0.0190390790769954,1,1,40,1,1,6,2,1,2,25,25013
USER_001210,0.06624365114780409,0.02824365114780409,0,0,50,1,1,6,0,1,5,25,25025
USER_001211,0.021342051469130725,-0.016657948530869274,1,1,33,2,3,5,2,1,4,11,11061
USER_001212,0.02960642203306139,-0.008393577966938608,1,1,45,2,2,2,0,1,2,11,11026
USER_001213,0.02922389101646204,-0.00877610898353796,1,1,45,1,1,8,0,2,3,25,25092
USER_001214,0.05342386565416662,0.015423865654166619,0,0,62,2,1,5,1,2,1,63,63051
USER_001215,0.03557575482561959,-0.0024242451743804114,1,1,55,1,2,4,1,1,4,8,8016
USER_001216,0.05871613109010601,0.02071613109010601,0,0,72,2,1,2,1,1,4,54,54009
USER_001217,0.029897640636341972,-0.008102359363658027,1,0,23,1,1,5,4,2,4,11,11044
USER_001218,0.04418491243335703,0.0061849124333570316,0,0,59,2,1,3,0,1,2,13,13031
USER_001219,0.027469794201103643,-0.010530205798896356,1,0,46,1,1,5,1,1,3,8,8099
USER_001220,0.07217723691660083,0.03417723691660083,0,0,51,1,1,3,1,1,4,47,47023
USER_001221,0.02218602371455731,-0.01581397628544269,1,0,74,1,1,4,1,1,3,68,68037
USER_001222,0.044647310653405416,0.006647310653405417,0,0,20,2,3,3,0,2,3,19,19053
USER_001223,0.049506653213981476,0.011506653213981477,0,1,23,2,2,4,0,1,2,68,68003
USER_001224,0.04620698646177247,0.008206986461772474,0,0,65,1,1,7,3,1,3,54,54023
USER_001225,0.03722068511683438,-0.0007793148831656202,1,1,55,1,2,4,2,1,2,63,63043
USER_001226,0.03805268950399861,5.2689503998608334e-05,0,1,73,2,2,2,1,1,4,11,11071
USER_001227,0.040657172079686645,0.0026571720796866455,0,0,30,2,1,2,2,1,2,11,11066
USER_001228,0.03779496997557267,-0.0002050300244273301,1,1,53,2,1,4,2,2,3,11,11059
USER_001229,0.05445818675192365,0.016458186751923648,0,0,32,2,1,4,1,1,4,25,25082
USER_001230,0.07315784502387027,0.03515784502387027,0,0,23,2,1,7,1,1,4,76,76099
USER_001231,0.0316376232248825,-0.006362376775117501,1,1,50,2,1,6,0,1,3,25,25064
USER_001232,0.01945295530631383,-0.01854704469368617,1,1,58,2,1,4,1,2,1,25,25016
USER_001233,0.03867576927473118,0.0006757692747311819,0,0,29,1,1,6,0,1,3,11,11019
USER_001234,0.07869564006481478,0.04069564006481478,0,0,74,2,1,4,1,1,2,11,11038
USER_001235,0.02794488148045404,-0.01005511851954596,1,1,72,1,1,9,0,1,3,76,76002
USER_001236,0.06458675208166101,0.02658675208166101,0,0,60,1,2,7,2,1,2,19,19023
USER_001237,0.06516551221114661,0.02716551221114661,0,1,30,1,1,2,2,1,5,11,11053
USER_001238,0.03169617637438008,-0.006303823625619917,1,1,50,1,1,8,2,1,3,11,11002
USER_001239,0.04853474618777913,0.01053474618777913,0,0,68,1,2,6,0,1,4,54,54094
USER_001240,0.06442594934692807,0.026425949346928067,0,0,45,2,2,5,2,1,3,76,76057
USER_001241,0.034313083885187695,-0.003686916114812304,1,0,70,2,3,7,0,1,2,11,11087
USER_001242,0.036946294598464574,-0.001053705401535425,1,1,53,2,1,4,0,2,3,25,25033
USER_001243,0.031274786290770344,-0.006725213709229655,1,1,22,1,2,3,3,1,4,11,11046
USER_001244,0.024778649039606998,-0.013221350960393001,1,1,72,1,2,2,1,1,1,11,11097
USER_001245,0.030260836824009894,-0.007739163175990105,1,1,42,2,1,5,1,1,3,8,8050
USER_001246,0.021640895998566154,-0.016359104001433845,1,1,34,2,2,6,3,1,2,47,47092
USER_001247,0.04051125202388839,0.00251125202388839,0,0,54,2,1,7,0,1,3,11,11086
USER_001248,0.02845040153412038,-0.009549598465879619,1,1,36,2,1,4,2,2,3,11,11062
USER_001249,0.04350678867686122,0.005506788676861218,0,1,52,2,1,3,1,1,4,11,11023
USER_001250,0.016661565306945594,-0.021338434693054405,1,1,60,1,2,3,0,1,2,19,19092
USER_001251,0.044963203483216856,0.0069632034832168566,0,0,51,2,3,2,0,1,3,13,13032
USER_001252,0.05250293442413387,0.014502934424133869,0,0,71,1,1,4,1,1,4,63,63046
USER_001253,0.01009396536142817,-0.02790603463857183,1,1,63,1,2,1,1,1,4,13,13023
USER_001254,0.045610848547713585,0.007610848547713586,0,0,23,2,3,3,1,1,3,73,73095
USER_001255,0.058415034887099385,0.020415034887099386,0,0,36,2,2,4,1,1,3,19,19013
USER_001256,0.02185538471963192,-0.01614461528036808,1,0,18,2,2,7,2,1,4,25,25012
USER_001257,0.06508858580256555,0.027088585802565547,0,0,24,1,1,6,1,1,3,73,73088
USER_001258,0.04628528514049068,0.008285285140490678,0,0,51,2,1,2,0,2,4,8,8019
USER_001259,0.029424822163623868,-0.008575177836376131,1,1,73,2,1,2,0,1,5,11,11003
USER_001260,0.03916346383513441,0.0011634638351344095,0,0,36,1,3,3,1,1,1,11,11096
USER_001261,0.048374903687825835,0.010374903687825836,0,0,50,2,2,2,0,1,4,25,25092
USER_001262,0.041140080871186174,0.0031400808711861752,0,0,43,2,2,3,0,1,2,66,66018
USER_001263,0.04808133988669554,0.010081339886695538,0,0,58,2,1,8,4,2,1,68,68004
USER_001264,0.026189896103809507,-0.011810103896190492,1,1,70,2,2,3,1,1,3,5,5015
USER_001265,0.04254041236054117,0.004540412360541174,0,0,66,2,2,4,1,1,3,11,11016
USER_001266,0.0187942825464253,-0.0192057174535747,1,1,59,2,1,2,2,1,1,11,11027
USER_001267,0.0383316090797695,0.0003316090797695001,0,0,44,2,2,2,3,1,5,54,54022
USER_001268,0.026441385378028155,-0.011558614621971844,1,1,55,2,1,4,1,1,1,66,66094
USER_001269,0.028967050861153504,-0.009032949138846495,1,1,43,2,1,4,2,1,4,11,11061
USER_001270,0.05854139762815656,0.020541397628156564,0,0,52,1,1,4,2,1,2,25,25022
USER_001271,0.05636965180891403,0.018369651808914034,0,0,37,2,1,4,2,1,2,8,8093
USER_001272,0.04913707181360766,0.011137071813607659,0,0,41,2,1,3,0,1,4,8,8061
USER_001273,0.023615308529911318,-0.014384691470088681,1,1,64,2,1,9,1,1,4,54,54075
USER_001274,0.035253873254577975,-0.0027461267454220242,1,1,38,2,1,6,1,1,5,66,66055
USER_001275,0.05819646549968775,0.020196465499687753,0,1,71,2,2,2,0,1,4,11,11048
USER_001276,0.04212575370459857,0.00412575370459857,0,1,43,2,1,4,1,1,3,25,25052
USER_001277,0.0747899430997254,0.03678994309972541,0,0,37,2,1,7,2,1,2,25,25079
USER_001278,0.04589976759091558,0.007899767590915582,0,0,23,2,1,5,2,1,4,68,68065
USER_001279,0.042880736747350476,0.004880736747350477,0,0,20,2,1,4,2,2,1,8,8004
USER_001280,0.03536325303696248,-0.00263674696303752,1,0,27,1,1,5,1,1,4,50,50058
USER_001281,0.04200311357173423,0.004003113571734232,0,0,29,1,1,5,2,1,1,11,11092
USER_001282,0.03771295245429185,-0.0002870475457081509,1,1,50,2,2,4,0,1,2,63,63049
USER_001283,0.050621630150328854,0.012621630150328855,0,0,39,2,1,6,1,1,3,11,11056
USER_001284,0.05435053475191876,0.016350534751918763,0,0,33,1,1,5,0,2,3,54,54087
USER_001285,0.02821015809238076,-0.00978984190761924,1,1,34,2,1,9,2,1,5,68,68081
USER_001286,0.020031505696633332,-0.017968494303366667,1,1,27,1,1,5,0,2,5,68,68016
USER_001287,0.012456919403450553,-0.025543080596549445,1,1,29,1,2,2,0,1,4,76,76088
USER_001288,0.047619869903688154,0.009619869903688155,0,0,36,1,1,5,3,1,5,8,8045
USER_001289,0.023449500907391896,-0.014550499092608103,1,1,57,1,2,2,1,1,2,50,50047
USER_001290,0.007706641105712759,-0.03029335889428724,1,1,40,1,1,2,0,1,3,8,8062
USER_001291,0.045828679067964465,0.007828679067964465,0,0,57,2,2,5,0,1,4,25,25021
USER_001292,0.07739499276149185,0.03939499276149185,0,0,27,1,3,1,2,1,1,19,19023
USER_001293,0.0399089363269016,0.001908936326901603,0,0,27,2,1,3,1,1,3,11,11020
USER_001294,0.05257736161677463,0.014577361616774628,0,0,67,2,1,5,0,1,4,8,8096
USER_001295,0.04122744037821348,0.0032274403782134795,0,0,27,1,1,3,1,1,3,68,68069
USER_001296,0.03851665520213286,0.0005166552021328638,0,0,56,1,1,1,0,1,4,47,47032
USER_001297,0.05378614724481653,0.01578614724481653,0,0,47,2,1,5,3,1,4,19,19078
USER_001298,0.03564588183717023,-0.002354118162829766,1,1,21,1,2,4,0,1,4,19,19019
USER_001299,0.04401088471107854,0.006010884711078544,0,0,18,2,3,4,0,1,3,50,50024
USER_001300,0.044825467092940205,0.006825467092940206,0,0,60,2,1,3,0,1,2,11,11091
USER_001301,0.02997864319535427,-0.008021356804645729,1,0,36,2,2,9,3,1,3,54,54011
USER_001302,0.05488063524304784,0.016880635243047844,0,0,22,2,2,3,0,1,2,11,11017
USER_001303,0.03737560364956887,-0.0006243963504311278,1,1,47,2,1,5,0,1,3,11,11030
USER_001304,0.02866382260760733,-0.009336177392392668,1,1,43,2,2,8,0,1,3,73,73046
USER_001305,0.048047647653556055,0.010047647653556056,0,0,57,2,1,4,0,1,2,11,11035
USER_001306,0.026522980273134444,-0.011477019726865555,1,1,51,2,2,6,3,1,4,63,63015
USER_001307,0.040422717360536924,0.0024227173605369245,0,0,19,2,1,7,1,2,2,5,5089
USER_001308,0.03986321505033695,0.0018632150503369513,0,0,41,1,1,5,2,1,4,25,25071
USER_001309,0.05628843348747367,0.018288433487473672,0,0,31,1,2,3,1,2,2,19,19002
USER_001310,0.04712047349319929,0.009120473493199291,0,0,58,2,1,7,0,2,4,8,8003
USER_001311,0.03962459561882284,0.0016245956188228397,0,0,59,2,2,3,0,1,2,54,54049
USER_001312,0.05226649448800431,0.014266494488004308,0,0,30,2,1,4,3,1,3,11,11051
USER_001313,0.0608531132352597,0.022853113235259702,0,0,46,1,1,6,2,1,5,66,66034
USER_001314,0.048367154595277934,0.010367154595277935,0,0,18,2,1,2,0,1,4,11,11071
USER_001315,0.04015528929765071,0.0021552892976507143,0,0,63,2,1,8,0,1,1,11,11084
USER_001316,0.02032245651474761,-0.01767754348525239,1,1,51,2,1,4,1,1,4,8,8050
USER_001317,0.024023295053869412,-0.013976704946130587,1,1,21,2,3,8,1,1,2,11,11001
USER_001318,0.03542162943467999,-0.0025783705653200095,1,1,45,2,1,6,1,1,1,76,76094
USER_001319,0.030857316967610755,-0.007142683032389244,1,1,36,2,1,6,0,1,3,50,50065
USER_001320,0.03719543045521831,-0.00080456954478169,1,1,18,2,2,5,0,1,4,66,66029
USER_001321,0.04084974887345661,0.0028497488734566118,0,0,53,2,1,4,2,1,4,8,8005
USER_001322,0.047945391315350964,0.009945391315350965,0,0,60,1,1,1,3,1,4,25,25067
USER_001323,0.038942518329113635,0.0009425183291136355,0,0,30,2,1,3,1,1,2,5,5060
USER_001324,0.04729752465739303,0.00929752465739303,0,0,67,1,1,5,1,2,4,8,8030
USER_001325,0.0409671162221518,0.0029671162221518027,0,0,59,2,1,6,2,1,4,11,11065
USER_001326,0.010368001504691932,-0.027631998495308067,1,1,22,2,2,5,1,1,5,52,52075
USER_001327,0.02590996909271869,-0.01209003090728131,1,1,50,1,1,6,0,1,3,25,25017
USER_001328,0.037838686664175766,-0.00016131333582423274,1,1,31,2,3,3,1,2,4,68,68039
USER_001329,0.02185457885738339,-0.01614542114261661,1,1,33,2,1,8,1,1,3,19,19055
USER_001330,0.048998930949943065,0.010998930949943066,0,0,73,1,2,2,1,1,4,47,47085
USER_001331,0.06296126248515546,0.024961262485155462,0,0,49,1,2,8,1,1,1,50,50092
USER_001332,0.05828142777545975,0.02028142777545975,0,0,67,2,1,4,1,1,2,8,8004
USER_001333,0.03679835693604688,-0.0012016430639531159,1,1,44,2,1,7,3,1,3,68,68040
USER_001334,0.06236089205274928,0.02436089205274928,0,0,52,2,2,3,2,1,2,25,25075
USER_001335,0.04223001185803168,0.004230011858031679,0,0,20,2,2,5,0,2,3,52,52052
USER_001336,0.03494371043322941,-0.0030562895667705925,1,0,21,2,1,5,1,1,2,19,19066
USER_001337,0.030798960046885905,-0.007201039953114094,1,1,24,2,1,2,2,1,2,25,25055
USER_001338,0.03546295470267807,-0.0025370452973219257,1,1,30,1,3,6,2,1,3,25,25073
USER_001339,0.03417734772188157,-0.003822652278118427,1,0,58,2,1,5,1,1,3,52,52079
USER_001340,0.042556243335632314,0.004556243335632315,0,0,20,2,1,4,1,1,2,8,8052
USER_001341,0.04240860971574797,0.004408609715747969,0,0,34,2,3,5,2,2,3,50,50012
USER_001342,0.04004569030230122,0.0020456903023012216,0,0,64,2,1,4,3,1,3,63,63006
USER_001343,0.04655407254619525,0.008554072546195252,0,0,27,1,1,2,2,1,4,8,8061
USER_001344,0.05785969412179512,0.01985969412179512,0,0,64,2,2,7,1,1,5,25,25041
USER_001345,0.054243312031619854,0.016243312031619855,0,0,18,1,2,4,1,2,3,8,8061
USER_001346,0.01772653047325145,-0.02027346952674855,1,0,45,2,1,3,2,1,5,11,11076
USER_001347,0.0016911829764706798,-0.03630881702352932,1,1,71,2,2,6,1,1,2,11,11054
USER_001348,0.054014798668589104,0.016014798668589104,0,0,70,2,3,1,2,1,4,73,73044
USER_001349,0.019496819523768687,-0.018503180476231312,1,1,27,1,1,5,1,1,2,11,11033
USER_001350,0.03662851897160975,-0.0013714810283902493,1,1,24,2,1,2,1,1,1,11,11045
USER_001351,0.02244830460910961,-0.01555169539089039,1,1,56,2,2,9,0,1,1,19,19030
USER_001352,0.012970293436299707,-0.025029706563700294,1,1,20,2,1,3,0,1,1,8,8084
USER_001353,0.04812194092307182,0.010121940923071823,0,0,24,2,1,4,0,1,3,13,13010
USER_001354,0.051387327404539704,0.013387327404539705,0,0,26,2,2,6,1,2,3,47,47076
USER_001355,0.03135234398909921,-0.006647656010900789,1,1,57,2,2,4,1,1,4,11,11008
USER_001356,0.001134365617826354,-0.03686563438217365,1,1,52,2,2,4,4,1,5,73,73023
USER_001357,0.03180633327621276,-0.006193666723787239,1,1,43,2,2,5,1,2,2,11,11004
USER_001358,0.0458770600810382,0.007877060081038202,0,0,22,2,1,6,2,1,4,11,11053
USER_001359,0.017816326468388072,-0.020183673531611927,1,1,30,1,2,3,1,1,3,19,19093
USER_001360,0.042750398796687336,0.004750398796687337,0,0,62,2,1,7,2,2,5,11,11033
USER_001361,0.039770352262405065,0.0017703522624050658,0,0,47,2,1,3,1,1,2,52,52068
USER_001362,0.04868937249401633,0.01068937249401633,0,0,57,2,1,5,1,1,1,11,11015
USER_001363,0.041793705526212296,0.0037937055262122973,0,0,67,2,1,6,0,1,3,11,11012
USER_001364,0.02540396588677667,-0.012596034113223329,1,1,56,2,1,4,0,2,2,8,8020
USER_001365,0.05794857252496737,0.019948572524967373,0,0,27,2,1,6,1,1,4,54,54062
USER_001366,0.03762205640459545,-0.0003779435954045507,1,1,59,1,2,4,1,1,3,25,25098
USER_001367,0.03959043190735102,0.001590431907351024,0,0,40,2,1,6,2,1,4,76,76088
USER_001368,0.02600098061390206,-0.011999019386097938,1,1,28,1,1,8,2,1,2,11,11080
USER_001369,0.03335076623212735,-0.00464923376787265,1,1,29,2,1,7,2,1,4,11,11035
USER_001370,0.026727959289596488,-0.01127204071040351,1,1,30,1,3,7,1,1,3,68,68031
USER_001371,0.03740580910114866,-0.000594190898851342,1,1,57,1,2,4,1,2,5,76,76056
USER_001372,0.06567562720213516,0.027675627202135157,0,0,66,1,1,6,2,1,3,11,11071
USER_001373,0.019421482856029657,-0.018578517143970342,1,1,73,2,3,9,2,1,1,11,11043
USER_001374,0.015796579031848886,-0.022203420968151113,1,1,63,2,1,5,1,1,1,76,76078
USER_001375,0.06206755491240413,0.02406755491240413,0,0,66,1,2,4,1,1,2,76,76064
USER_001376,0.03686014484272201,-0.0011398551572779914,1,1,68,2,1,4,1,2,4,68,68032
USER_001377,0.029963908920101253,-0.008036091079898746,1,1,33,2,1,6,0,1,2,25,25027
USER_001378,0.05559857031094115,0.01759857031094115,0,0,26,2,1,4,2,1,2,63,63023
USER_001379,0.03091576690394704,-0.0070842330960529595,1,1,69,2,2,5,2,1,3,63,63089
USER_001380,0.06739014570320405,0.02939014570320405,0,0,27,2,1,8,1,1,2,13,13044
USER_001381,0.050168888070089034,0.012168888070089035,0,0,46,1,1,1,0,2,4,50,50096
USER_001382,0.03268132887781446,-0.0053186711221855365,1,1,26,1,2,6,2,1,3,73,73035
USER_001383,0.07235962319898255,0.03435962319898255,0,0,50,2,1,5,3,1,2,13,13038
USER_001384,0.030914276154949925,-0.007085723845050074,1,1,41,1,2,5,2,1,3,11,11073
USER_001385,0.05113143058013961,0.01313143058013961,0,0,52,2,1,9,1,1,4,63,63049
USER_001386,0.04448938870609738,0.006489388706097381,0,0,28,1,1,5,3,2,4,73,73085
USER_001387,0.059526119340981974,0.021526119340981975,0,0,56,1,2,5,2,1,2,25,25050
USER_001388,0.06342266795090279,0.02542266795090279,0,0,67,1,3,3,1,1,3,50,50004
USER_001389,0.0404800622359865,0.0024800622359864993,0,0,30,2,2,5,1,1,1,11,11082
USER_001390,0.028698731944807248,-0.009301268055192751,1,1,72,2,1,2,1,1,3,13,13080
USER_001391,0.046899582144086745,0.008899582144086746,0,0,40,1,3,3,1,1,1,25,25012
USER_001392,0.02983426945371841,-0.008165730546281589,1,1,42,2,1,6,1,2,1,68,68051
USER_001393,0.07020080871289934,0.03220080871289934,0,1,67,2,1,2,1,1,3,68,68012
USER_001394,0.04204802996624106,0.004048029966241061,0,0,33,2,2,5,0,1,3,50,50063
USER_001395,0.03452017673031837,-0.003479823269681631,1,1,73,1,1,2,0,2,4,25,25089
USER_001396,0.04277020458797363,0.004770204587973628,0,0,65,1,1,2,1,1,4,25,25031
USER_001397,0.019793105657054555,-0.018206894342945444,1,0,38,2,3,3,0,1,4,5,5045
USER_001398,0.02542578942234023,-0.01257421057765977,1,1,27,2,1,3,2,1,4,50,50071
USER_001399,0.05800620861916638,0.020006208619166382,0,0,58,2,1,6,1,2,2,11,11023
USER_001400,0.030146585815429065,-0.007853414184570934,1,1,57,2,1,4,1,1,1,11,11041
USER_001401,0.02429633525977091,-0.01370366474022909,1,0,36,1,2,6,2,1,3,76,76033
USER_001402,0.048049791287909295,0.010049791287909296,0,0,52,2,1,4,4,1,2,11,11039
USER_001403,0.05778556231994495,0.019785562319944952,0,0,45,2,1,7,3,2,2,73,73073
USER_001404,0.050784299659976,0.012784299659976003,0,0,73,2,1,5,3,1,2,25,25058
USER_001405,0.054940715287087244,0.016940715287087245,0,0,58,2,1,5,0,1,1,8,8064
USER_001406,0.02864807367145809,-0.009351926328541909,1,1,19,2,2,6,0,1,4,11,11044
USER_001407,0.018672839998872346,-0.019327160001127653,1,1,68,2,1,4,1,1,3,11,11056
USER_001408,0.0625200047793323,0.024520004779332298,0,0,47,1,1,5,0,1,2,11,11036
USER_001409,0.035159802417367964,-0.0028401975826320355,1,1,57,1,2,6,0,2,4,11,11017
USER_001410,0.03623750475317429,-0.0017624952468257085,1,1,67,2,1,9,0,1,5,19,19076
USER_001411,0.05992291212773587,0.021922912127735873,0,0,57,2,2,5,1,1,3,25,25061
USER_001412,0.0483434501410099,0.010343450141009902,0,0,22,1,1,5,3,2,4,66,66042
USER_001413,0.046838316581224115,0.008838316581224116,0,0,55,1,2,6,2,1,4,11,11098
USER_001414,0.07247503517351626,0.034475035173516265,0,0,59,2,1,5,2,2,3,11,11048
USER_001415,0.030347226544297855,-0.007652773455702144,1,1,32,2,2,3,1,1,3,63,63008
USER_001416,0.053917601921218555,0.015917601921218556,0,0,53,1,2,10,0,1,3,25,25056
USER_001417,0.04085519687345627,0.00285519687345627,0,0,20,2,2,3,2,1,2,54,54082
USER_001418,0.04402888418294886,0.006028884182948863,0,0,41,1,2,7,1,1,4,52,52084
USER_001419,0.06292702639618797,0.02492702639618797,0,0,58,2,2,3,1,1,2,11,11075
USER_001420,0.047617536344344354,0.009617536344344355,0,0,65,2,1,4,1,1,3,25,25089
USER_001421,0.04807444118574449,0.010074441185744493,0,0,65,1,1,7,3,1,1,68,68045
USER_001422,0.05608761005964703,0.018087610059647034,0,0,64,2,2,3,1,1,4,76,76019
USER_001423,0.03452570905685672,-0.0034742909431432767,1,1,73,1,2,6,1,1,4,8,8081
USER_001424,0.027411854989914906,-0.010588145010085093,1,1,58,1,1,5,1,1,3,11,11023
USER_001425,0.024327862089684498,-0.013672137910315501,1,1,66,2,1,1,1,1,3,5,5031
USER_001426,0.010504651159359975,-0.027495348840640026,1,1,70,2,1,4,0,1,3,11,11045
USER_001427,0.07084310694910483,0.032843106949104826,0,0,29,2,1,5,1,2,5,52,52003
USER_001428,0.023451874514174756,-0.014548125485825243,1,1,72,1,2,3,0,1,3,19,19076
USER_001429,0.03668119564621342,-0.0013188043537865762,1,1,25,2,2,11,3,1,3,25,25016
USER_001430,0.035847800501666194,-0.0021521994983338052,1,1,31,1,1,5,0,1,4,8,8075
USER_001431,0.04461110046713651,0.006611100467136512,0,1,35,1,1,7,2,2,3,19,19041
USER_001432,0.05223605818808945,0.01423605818808945,0,0,61,2,1,5,1,1,2,11,11095
USER_001433,0.05290710232539618,0.01490710232539618,0,0,63,2,1,3,1,1,2,52,52091
USER_001434,0.031253838421465924,-0.006746161578534075,1,1,37,2,1,2,2,1,2,19,19081
USER_001435,0.037493174293203826,-0.0005068257067961726,1,1,40,2,2,3,0,1,4,50,50092
USER_001436,0.044238699257324494,0.006238699257324495,0,0,22,1,1,2,1,1,5,8,8002
USER_001437,0.0362696331072468,-0.0017303668927532018,1,1,18,2,1,6,2,2,1,8,8038
USER_001438,0.06411018364029988,0.026110183640299885,0,0,62,1,1,1,2,1,4,25,25064
USER_001439,0.04736462427457377,0.009364624274573768,0,0,63,1,2,6,1,1,3,68,68018
USER_001440,0.05102316679074726,0.013023166790747262,0,0,19,2,2,5,2,1,3,63,63077
USER_001441,0.04994321903001119,0.011943219030011193,0,0,33,2,1,5,1,1,3,66,66080
USER_001442,0.05760210786227987,0.019602107862279873,0,0,22,2,1,1,3,1,2,11,11003
USER_001443,0.04271532338055561,0.004715323380555608,0,0,39,2,3,7,2,1,5,25,25014
USER_001444,0.020547520780662302,-0.017452479219337697,1,1,18,2,1,3,1,2,4,68,68021
USER_001445,0.04599531927628962,0.007995319276289624,0,0,29,2,2,5,1,2,3,73,73044
USER_001446,0.030229646593122567,-0.007770353406877432,1,0,36,2,1,2,0,2,3,8,8064
USER_001447,0.03207074977375365,-0.005929250226246352,1,1,71,1,2,4,1,1,2,11,11048
USER_001448,0.0487954602813264,0.0107954602813264,0,0,39,1,1,3,2,1,4,8,8088
USER_001449,0.058574246071504535,0.020574246071504536,0,0,72,2,3,4,1,1,3,11,11068
USER_001450,0.040319073651040926,0.0023190736510409274,0,0,59,2,2,5,2,1,5,11,11062
USER_001451,0.044632495188984454,0.006632495188984455,0,0,61,2,1,5,2,1,3,25,25049
USER_001452,0.06553322416952857,0.027533224169528574,0,0,68,2,1,4,1,1,1,11,11034
USER_001453,0.04361129769232852,0.005611297692328522,0,0,65,1,1,5,2,1,4,8,8098
USER_001454,0.07902524671270593,0.04102524671270593,0,0,34,1,3,2,1,1,2,11,11071
USER_001455,0.048482644684473164,0.010482644684473165,0,0,30,2,1,6,0,1,3,73,73056
USER_001456,0.013588558612662737,-0.024411441387337262,1,1,56,1,1,5,0,1,3,19,19054
USER_001457,0.05130012431656799,0.01330012431656799,0,0,45,2,1,5,0,1,5,54,54069
USER_001458,0.04571737577324167,0.007717375773241671,0,0,20,1,2,3,1,1,3,11,11056
USER_001459,0.05934629131124119,0.02134629131124119,0,0,22,2,1,3,0,2,4,19,19084
USER_001460,0.05009772026904938,0.01209772026904938,0,0,53,2,1,4,0,1,2,68,68040
USER_001461,0.03792316024024339,-7.6839759756607e-05,1,1,32,2,2,8,2,1,5,68,68004
USER_001462,0.021635526455659516,-0.016364473544340483,1,1,34,2,2,7,3,2,3,11,11062
USER_001463,0.03686465114070962,-0.0011353488592903763,1,1,61,2,1,7,3,1,4,11,11023
USER_001464,0.027242193186860504,-0.010757806813139495,1,1,72,2,1,6,0,2,4,11,11097
USER_001465,0.03129214825292916,-0.0067078517470708365,1,1,63,2,1,8,1,1,2,11,11068
USER_001466,0.04882867606630915,0.010828676066309148,0,0,46,2,1,2,1,1,4,13,13018
USER_001467,0.0650485675652711,0.027048567565271096,0,0,21,1,1,3,1,1,2,19,19068
USER_001468,0.045920072947344716,0.007920072947344717,0,0,49,2,1,9,1,1,5,25,25041
USER_001469,0.022061754069472236,-0.015938245930527763,1,1,66,2,1,4,0,1,1,5,5099
USER_001470,0.04666904002330211,0.008669040023302113,0,0,60,2,1,5,0,1,3,11,11095
USER_001471,0.057949472299684765,0.019949472299684766,0,0,55,1,2,5,1,1,3,50,50085
USER_001472,0.030853256435209267,-0.007146743564790732,1,1,21,1,1,3,1,1,3,52,52092
USER_001473,0.037989742499906234,-1.0257500093764638e-05,1,1,30,2,2,3,2,1,3,47,47071
USER_001474,0.04022032292093796,0.0022203229209379616,0,0,37,2,1,9,2,1,4,11,11054
USER_001475,0.0282265253037664,-0.0097734746962336,1,0,64,2,1,6,1,1,5,13,13046
USER_001476,0.04972420650765789,0.011724206507657889,0,0,35,1,1,6,1,1,2,25,25049
USER_001477,0.03818577777088328,0.0001857777708832789,0,0,66,1,2,6,1,1,3,11,11078
USER_001478,0.046292986658605415,0.008292986658605415,0,0,68,1,1,6,3,1,4,76,76001
USER_001479,0.0266876173329685,-0.011312382667031499,1,1,59,2,1,7,0,1,4,25,25004
USER_001480,0.033438125495148845,-0.004561874504851154,1,1,54,1,1,1,4,2,3,8,8092
USER_001481,0.05083572036741657,0.012835720367416571,0,0,29,2,1,6,2,1,3,63,63064
USER_001482,0.034407502718623494,-0.0035924972813765055,1,1,42,1,2,1,1,1,3,76,76033
USER_001483,0.06590445776850108,0.027904457768501083,0,0,47,2,1,3,0,1,3,11,11032
USER_001484,0.034005457215780965,-0.003994542784219034,1,1,32,2,2,2,0,2,4,5,5053
USER_001485,0.04337027088627829,0.00537027088627829,0,0,72,2,2,4,0,2,4,25,25089
USER_001486,0.053988862478096346,0.015988862478096347,0,0,53,2,1,4,1,1,3,8,8022
USER_001487,0.018724514006004528,-0.01927548599399547,1,1,25,2,3,8,0,1,2,8,8005
USER_001488,0.013587867820288363,-0.024412132179711638,1,1,45,2,1,7,1,1,3,25,25014
USER_001489,0.01711515528144858,-0.02088484471855142,1,1,69,2,1,12,0,1,3,76,76025
USER_001490,0.05893876155140773,0.020938761551407732,0,0,39,1,1,7,1,1,5,8,8005
USER_001491,0.0317221278116133,-0.006277872188386699,1,1,66,1,2,5,0,2,3,25,25058
USER_001492,0.07837298928502379,0.04037298928502379,0,0,55,2,3,6,1,1,4,25,25069
USER_001493,0.03153628602013917,-0.006463713979860827,1,1,33,2,1,3,1,1,3,47,47004
USER_001494,0.042768269547955554,0.0047682695479555545,0,0,22,2,2,4,0,2,5,68,68042
USER_001495,0.06313164928851814,0.02513164928851814,0,0,63,2,3,5,0,1,4,25,25012
USER_001496,0.07009139332238684,0.03209139332238684,0,0,51,1,1,5,2,2,4,25,25038
USER_001497,0.07092255364954597,0.03292255364954597,0,0,66,2,1,2,3,1,3,25,25032
USER_001498,0.058125493458897136,0.020125493458897137,0,0,55,2,1,3,0,1,4,11,11037
USER_001499,0.05536093788717194,0.01736093788717194,0,0,28,2,2,5,2,1,3,11,11080
USER_001500,0.04888790423801775,0.010887904238017748,0,0,19,2,1,2,1,2,3,11,11070
USER_001501,0.05167541614249957,0.01367541614249957,0,0,42,2,2,4,0,1,3,11,11038
USER_001502,0.031732214255072,-0.006267785744927999,1,1,42,1,2,5,1,1,4,11,11022
USER_001503,0.027727016748665394,-0.010272983251334605,1,0,18,2,2,7,1,2,1,11,11021
USER_001504,0.03994938313883572,0.0019493831388357197,0,0,48,2,2,4,0,2,3,52,52095
USER_001505,0.037447230662126074,-0.0005527693378739248,1,0,22,2,2,3,2,1,4,11,11085
USER_001506,0.033201579260090874,-0.004798420739909125,1,1,57,2,2,4,0,1,3,25,25070
USER_001507,0.05044581171185073,0.012445811711850732,0,0,21,2,1,3,2,1,2,73,73045
USER_001508,0.05432957812855766,0.016329578128557662,0,0,68,2,1,6,3,1,2,73,73070
USER_001509,0.04132610329437771,0.0033261032943777136,0,0,22,2,1,5,0,2,3,68,68087
USER_001510,0.062162951215828925,0.024162951215828926,0,0,22,2,1,6,3,1,3,13,13016
USER_001511,0.022874663287997424,-0.015125336712002575,1,1,73,1,1,3,2,1,4,54,54061
USER_001512,0.03709510811080423,-0.0009048918891957705,1,1,33,2,1,2,2,2,4,11,11023
USER_001513,0.029247665190957926,-0.008752334809042073,1,1,71,2,2,6,2,2,4,63,63048
USER_001514,0.012001950743904102,-0.025998049256095897,1,1,35,1,1,5,1,1,1,76,76054
USER_001515,0.038759789712359514,0.0007597897123595154,0,0,60,2,2,3,0,1,4,68,68012
USER_001516,0.03817378737425075,0.00017378737425075008,0,1,34,2,2,2,1,1,3,11,11011
USER_001517,0.06270174614863197,0.02470174614863197,0,0,52,1,3,1,0,1,2,25,25003
USER_001518,0.04946217526832166,0.011462175268321662,0,0,35,2,1,3,1,1,2,68,68098
USER_001519,0.024637197635061926,-0.013362802364938073,1,1,21,1,1,3,2,1,3,66,66001
USER_001520,0.06781138849501282,0.029811388495012824,0,0,68,2,2,6,2,1,1,11,11067
USER_001521,0.05831550543288029,0.02031550543288029,0,0,48,2,1,7,1,1,2,73,73024
USER_001522,0.048731465552029236,0.010731465552029237,0,0,48,1,2,3,0,2,4,68,68038
USER_001523,0.03660273851725252,-0.0013972614827474777,1,1,26,2,3,3,1,1,4,8,8034
USER_001524,0.025608411449147807,-0.012391588550852192,1,1,48,1,1,3,0,1,2,76,76011
USER_001525,0.03441689835893421,-0.003583101641065789,1,1,22,2,1,3,1,1,4,52,52008
USER_001526,0.056331229295562786,0.018331229295562787,0,0,53,2,1,6,0,1,4,63,63073
USER_001527,0.06826879458901913,0.030268794589019134,0,0,33,2,2,3,2,2,1,11,11092
USER_001528,0.06314865292408284,0.02514865292408284,0,0,59,2,1,8,3,1,5,76,76076
USER_001529,0.03266725867320589,-0.005332741326794108,1,1,58,2,1,7,0,2,4,25,25002
USER_001530,0.023205738500664833,-0.014794261499335166,1,1,33,2,1,2,1,2,2,52,52050
USER_001531,0.04211329370366806,0.004113293703668058,0,0,37,2,2,8,0,1,4,25,25009
USER_001532,0.013473409516557228,-0.024526590483442773,1,1,71,2,2,2,5,1,5,68,68023
USER_001533,0.04484751571277172,0.006847515712771722,0,0,47,2,1,1,0,1,3,11,11062
USER_001534,0.03778596120551997,-0.0002140387944800301,1,1,43,2,1,5,0,1,2,8,8012
USER_001535,0.03300945247197637,-0.00499054752802363,1,1,66,2,1,5,1,1,3,50,50045
USER_001536,0.01607945399099807,-0.02192054600900193,1,1,48,2,2,5,3,1,4,5,5060
USER_001537,0.04770400159854575,0.009704001598545751,0,0,67,2,1,6,1,1,2,5,5015
USER_001538,0.03200948740507133,-0.005990512594928672,1,1,32,1,1,6,1,1,2,11,11049
USER_001539,0.02245124746434568,-0.015548752535654319,1,1,69,1,2,3,0,1,4,5,5040
USER_001540,0.0,-0.038,1,1,58,1,3,5,2,1,4,8,8059
USER_001541,0.03958727642424046,0.0015872764242404608,0,1,55,1,1,4,2,1,3,13,13040
USER_001542,0.06658377395004617,0.028583773950046167,0,0,55,1,1,5,1,2,3,13,13094
USER_001543,0.06491888821821805,0.02691888821821805,0,0,60,1,1,3,2,1,4,25,25041
USER_001544,0.03314355615120592,-0.004856443848794079,1,1,74,1,1,5,1,1,2,11,11083
USER_001545,0.030966819094573293,-0.007033180905426706,1,1,37,2,2,6,5,1,2,11,11043
USER_001546,0.04703161384112536,0.009031613841125358,0,0,52,1,1,3,2,1,4,54,54046
USER_001547,0.025024218412175628,-0.012975781587824371,1,0,40,1,2,4,1,1,3,11,11035
USER_001548,0.04452687849729199,0.006526878497291992,0,0,61,2,1,8,1,2,4,5,5074
USER_001549,0.051491204175770355,0.013491204175770356,0,0,64,2,1,3,3,1,4,11,11057
USER_001550,0.05840399835826461,0.020403998358264612,0,0,56,1,2,6,0,2,5,13,13066
USER_001551,0.03849768885280071,0.0004976888528007081,0,0,42,1,1,5,0,1,3,68,68026
USER_001552,0.03694489374734551,-0.0010551062526544877,1,1,71,1,1,6,2,1,4,54,54050
USER_001553,0.026830261198651586,-0.011169738801348413,1,1,67,2,3,2,2,1,3,50,50089
USER_001554,0.027596794689402102,-0.010403205310597897,1,1,39,1,2,5,0,1,3,11,11040
USER_001555,0.0366028166214771,-0.0013971833785228968,1,1,64,2,2,3,4,1,2,54,54035
USER_001556,0.04551048260224267,0.007510482602242671,0,0,25,2,1,4,0,1,4,25,25040
USER_001557,0.05370376939349874,0.01570376939349874,0,0,71,2,1,5,1,2,5,54,54084
USER_001558,0.027952315739794828,-0.010047684260205171,1,1,26,2,3,7,1,1,2,76,76030
USER_001559,0.062390328534392824,0.024390328534392824,0,0,32,1,1,4,1,2,3,66,66008
USER_001560,0.03593314598436147,-0.002066854015638532,1,1,65,2,2,4,0,1,2,19,19069
USER_001561,0.03967949058477346,0.0016794905847734576,0,0,37,2,3,8,0,2,1,76,76066
USER_001562,0.02879182481278265,-0.009208175187217348,1,1,52,2,2,6,1,2,1,11,11010
USER_001563,0.0036363960959058784,-0.03436360390409412,1,1,54,2,1,3,2,1,2,50,50057
USER_001564,0.05326068094541574,0.015260680945415744,0,1,20,1,2,5,2,2,2,11,11049
USER_001565,0.0510526584563865,0.0130526584563865,0,0,51,2,2,4,0,1,2,8,8040
USER_001566,0.0357800866432268,-0.0022199133567731982,1,1,51,2,2,6,0,1,4,76,76001
USER_001567,0.04100486075837308,0.0030048607583730777,0,0,53,1,2,3,1,1,1,25,25072
USER_001568,0.047739088265561495,0.009739088265561496,0,0,52,1,1,3,1,1,1,13,13091
USER_001569,0.01656181214670186,-0.021438187853298138,1,1,26,1,1,6,0,1,2,11,11067
USER_001570,0.03206420983980558,-0.005935790160194417,1,1,47,2,1,2,2,1,2,66,66047
USER_001571,0.051913970194327405,0.013913970194327406,0,0,72,1,1,5,1,1,4,11,11069
USER_001572,0.02118565865246126,-0.016814341347538737,1,1,71,1,2,5,3,1,1,19,19084
USER_001573,0.04440336898249944,0.0064033689824994425,0,0,43,2,1,3,1,1,5,19,19088
USER_001574,0.019651272930648927,-0.018348727069351072,1,1,29,1,1,1,2,2,2,11,11080
USER_001575,0.046996449736502896,0.008996449736502897,0,0,41,2,1,9,2,2,2,66,66070
USER_001576,0.03946537776553775,0.0014653777655377481,0,0,58,2,1,2,0,1,5,66,66058
USER_001577,0.01577302276141736,-0.022226977238582638,1,1,36,2,2,5,2,2,5,76,76025
USER_001578,0.05747109031685757,0.01947109031685757,0,0,61,1,2,3,1,2,1,25,25094
USER_001579,0.028981126348029268,-0.009018873651970731,1,1,33,1,1,4,1,2,3,13,13047
USER_001580,0.02784621344478429,-0.010153786555215708,1,1,43,2,2,3,0,1,3,11,11042
USER_001581,0.04300853795846414,0.005008537958464142,0,0,40,2,1,3,1,2,4,73,73092
USER_001582,0.05722956024143073,0.01922956024143073,0,0,74,2,2,6,1,1,5,63,63043
USER_001583,0.024762672715324046,-0.013237327284675953,1,1,50,1,1,8,0,2,4,25,25098
USER_001584,0.04092519774771958,0.002925197747719578,0,0,59,2,1,4,0,2,3,54,54039
USER_001585,0.04643224750495859,0.008432247504958593,0,0,74,2,1,2,1,2,1,19,19024
USER_001586,0.050396584108947165,0.012396584108947166,0,0,47,2,1,4,2,2,2,63,63086
USER_001587,0.042646623329158376,0.004646623329158377,0,0,40,2,3,6,1,2,4,73,73065
USER_001588,0.03449458241375017,-0.00350541758624983,1,1,27,2,3,4,0,1,3,11,11079
USER_001589,0.027586146690269205,-0.010413853309730794,1,1,53,1,2,3,1,1,2,11,11057
USER_001590,0.04129215824569562,0.00329215824569562,0,0,48,1,1,2,1,1,4,50,50035
USER_001591,0.023917914820215897,-0.014082085179784102,1,1,60,2,1,4,1,1,2,25,25043
USER_001592,0.0,-0.038,1,0,39,1,2,1,1,1,2,25,25040
USER_001593,0.04654839706236502,0.008548397062365022,0,0,60,2,1,5,2,2,1,68,68078
USER_001594,0.05355902261629293,0.015559022616292932,0,0,60,1,3,5,1,1,2,63,63077
USER_001595,0.004556013466872426,-0.03344398653312757,1,1,71,2,1,3,2,1,4,25,25039
USER_001596,0.024854039429350938,-0.013145960570649061,1,1,55,1,1,3,1,1,3,11,11007
USER_001597,0.049287313915077964,0.011287313915077965,0,0,64,2,3,3,2,2,2,63,63016
USER_001598,0.07086243204567548,0.03286243204567548,0,0,19,2,3,4,1,1,3,19,19046
USER_001599,0.04031190561513112,0.0023119056151311226,0,0,70,1,2,4,3,1,1,73,73051
USER_001600,0.029079955881562987,-0.008920044118437012,1,1,40,1,1,7,1,2,4,5,5011
USER_001601,0.0372565533834274,-0.0007434466165726003,1,1,71,2,2,4,0,1,1,25,25077
USER_001602,0.06062314628722277,0.02262314628722277,0,0,52,1,1,4,4,1,2,47,47036
USER_001603,0.03031053731313197,-0.007689462686868029,1,1,54,1,1,4,1,1,2,11,11095
USER_001604,0.0280121199002462,-0.0099878800997538,1,1,49,2,1,4,1,1,5,25,25079
USER_001605,0.03275884716726951,-0.005241152832730488,1,0,73,2,2,3,1,1,2,8,8030
USER_001606,0.025700070876119314,-0.012299929123880685,1,1,60,1,1,5,0,1,3,13,13026
USER_001607,0.04184005473992193,0.0038400547399219317,0,0,70,2,1,3,2,1,3,52,52034
USER_001608,0.06437017687704341,0.026370176877043412,0,0,29,2,2,5,1,1,4,52,52032
USER_001609,0.04484618909674044,0.006846189096740438,0,0,52,2,1,3,0,1,2,25,25007
USER_001610,0.03621469746810569,-0.0017853025318943089,1,1,58,2,1,4,2,2,2,66,66079
USER_001611,0.03562283096626684,-0.0023771690337331605,1,1,20,2,1,5,2,1,1,25,25072
USER_001612,0.016552137869550145,-0.021447862130449854,1,1,51,2,2,4,2,1,5,47,47054
USER_001613,0.05324664665720739,0.015246646657207388,0,0,55,2,1,4,1,2,5,11,11094
USER_001614,0.03883244204480797,0.0008324420448079725,0,0,41,2,2,7,0,1,2,19,19037
USER_001615,0.03729280129614062,-0.0007071987038593797,1,1,55,1,1,6,3,1,1,5,5080
USER_001616,0.08789661351767292,0.04989661351767292,0,0,34,2,1,7,2,1,3,11,11008
USER_001617,0.044481293625485294,0.006481293625485295,0,1,57,2,1,4,2,1,4,11,11090
USER_001618,0.028723134248572237,-0.009276865751427762,1,1,18,2,1,7,0,1,4,11,11054
USER_001619,0.03360463605691685,-0.004395363943083146,1,1,74,1,1,2,0,1,5,25,25010
USER_001620,0.05722668563795132,0.019226685637951324,0,0,25,2,1,4,0,1,2,11,11037
USER_001621,0.04169905615806647,0.003699056158066469,0,0,71,1,2,4,1,1,2,8,8012
USER_001622,0.018425830325239503,-0.019574169674760496,1,1,32,2,2,5,2,1,1,11,11004
USER_001623,0.053788434018628054,0.015788434018628054,0,0,67,2,2,4,5,1,2,8,8091
USER_001624,0.029977838716915093,-0.008022161283084906,1,1,62,2,3,9,0,1,3,11,11049
USER_001625,0.06809946664326319,0.03009946664326319,0,0,42,2,2,6,1,1,3,66,66045
USER_001626,0.05620072098571973,0.01820072098571973,0,0,25,2,1,2,2,1,4,13,13034
USER_001627,0.03329017156511874,-0.004709828434881262,1,1,69,1,1,4,4,1,3,11,11015
USER_001628,0.05921524542602669,0.021215245426026694,0,0,49,2,1,5,3,1,4,8,8014
USER_001629,0.04101783265791105,0.00301783265791105,0,0,67,1,2,6,1,2,3,13,13035
USER_001630,0.05279160512683329,0.014791605126833293,0,0,30,2,1,5,0,1,5,25,25016
USER_001631,0.047270992259417124,0.009270992259417125,0,0,63,1,1,9,1,1,4,11,11015
USER_001632,0.027304650175136898,-0.010695349824863101,1,1,32,2,1,5,3,2,4,25,25067
USER_001633,0.030346752515238072,-0.007653247484761927,1,1,23,2,3,3,2,1,4,76,76089
USER_001634,0.05544941226371742,0.01744941226371742,0,0,50,1,2,4,0,2,3,13,13069
USER_001635,0.034978370018401886,-0.003021629981598113,1,1,24,2,1,8,0,1,2,25,25043
USER_001636,0.03394527305137005,-0.004054726948629947,1,1,50,1,1,6,4,2,3,11,11070
USER_001637,0.025673161309759707,-0.012326838690240292,1,1,64,1,1,7,2,1,4,52,52044
USER_001638,0.04635398598390192,0.00835398598390192,0,0,46,2,1,6,1,1,5,5,5026
USER_001639,0.07093787378864717,0.032937873788647175,0,0,55,2,1,3,2,1,3,11,11073
USER_001640,0.023987006286185907,-0.014012993713814093,1,1,54,2,1,2,2,1,2,11,11089
USER_001641,0.040363291850091375,0.0023632918500913758,0,0,61,2,2,4,1,1,2,63,63040
USER_001642,0.06118330833123144,0.023183308331231438,0,0,49,2,1,5,0,2,3,54,54076
USER_001643,0.03880537913131427,0.0008053791313142739,0,0,20,2,3,6,3,1,4,68,68087
USER_001644,0.046785576943746014,0.008785576943746015,0,0,71,2,1,5,1,2,2,76,76096
USER_001645,0.024064097077796807,-0.013935902922203192,1,1,37,2,3,5,1,1,1,11,11072
USER_001646,0.04642460645811473,0.008424606458114728,0,0,31,2,2,5,2,2,5,76,76047
USER_001647,0.03719283602493177,-0.0008071639750682272,1,1,45,2,2,4,3,1,3,11,11031
USER_001648,0.05478594993519795,0.016785949935197948,0,0,55,2,2,4,2,1,2,47,47003
USER_001649,0.05781079077347127,0.019810790773471268,0,0,21,1,1,1,0,1,3,11,11094
USER_001650,0.0788434546302792,0.0408434546302792,0,0,32,1,1,6,2,2,5,5,5035
USER_001651,0.048694497598203636,0.010694497598203637,0,0,34,2,1,3,2,1,3,11,11050
USER_001652,0.0448869447487325,0.006886944748732499,0,0,54,1,1,4,3,2,4,11,11073
USER_001653,0.04291576452366004,0.004915764523660042,0,0,41,1,1,3,2,2,2,11,11094
USER_001654,0.034702505607839676,-0.003297494392160323,1,1,55,2,1,5,0,2,3,11,11078
USER_001655,0.04507725765192537,0.007077257651925371,0,0,59,1,1,5,2,2,3,8,8024
USER_001656,0.03556897884791456,-0.00243102115208544,1,0,58,2,1,4,0,1,2,11,11073
USER_001657,0.04252691464404421,0.004526914644044214,0,0,53,2,2,5,2,1,3,8,8022
USER_001658,0.0597639630341194,0.0217639630341194,0,0,58,1,2,5,0,1,3,25,25036
USER_001659,0.024901861520805386,-0.013098138479194613,1,1,25,1,2,7,3,1,3,66,66095
USER_001660,0.05709817841693568,0.01909817841693568,0,1,20,1,1,4,1,2,3,25,25092
USER_001661,0.05975672601009798,0.021756726010097982,0,0,47,2,1,4,4,1,3,11,11034
USER_001662,0.03822897209513382,0.0002289720951338184,0,0,39,2,1,6,0,2,2,68,68037
USER_001663,0.008172176514871083,-0.029827823485128916,1,1,69,2,1,3,2,1,3,11,11035
USER_001664,0.030882670193583515,-0.007117329806416484,1,1,50,2,3,6,1,1,1,66,66001
USER_001665,0.05945491819841664,0.02145491819841664,0,0,42,2,1,3,2,1,5,47,47076
USER_001666,0.03965697906551677,0.0016569790655167685,0,0,69,2,1,5,0,2,4,11,11053
USER_001667,0.02501046651557634,-0.012989533484423658,1,1,47,1,2,3,1,2,4,11,11004
USER_001668,0.03242837618157674,-0.0055716238184232575,1,1,54,2,1,7,0,2,4,8,8001
USER_001669,0.052609300397568295,0.014609300397568296,0,0,20,2,3,8,3,1,4,68,68047
USER_001670,0.04820100352302069,0.01020100352302069,0,0,21,1,1,6,1,1,4,63,63039
USER_001671,0.03641601851245458,-0.001583981487545419,1,1,46,2,3,4,0,2,1,73,73064
USER_001672,0.034497633822779684,-0.0035023661772203146,1,1,74,1,1,2,1,1,2,11,11033
USER_001673,0.034123627764342676,-0.003876372235657323,1,1,49,2,1,3,1,1,3,5,5027
USER_001674,0.026163847232522464,-0.011836152767477535,1,1,40,1,1,6,1,1,4,25,25090
USER_001675,0.06423063534204163,0.026230635342041626,0,1,73,1,1,4,2,1,2,11,11030
USER_001676,0.035165192961829905,-0.0028348070381700938,1,1,36,2,1,1,1,1,4,13,13042
USER_001677,0.058257377812382445,0.020257377812382446,0,0,32,2,3,5,1,2,2,19,19070
USER_001678,0.06281974077883677,0.024819740778836773,0,0,68,2,2,4,3,1,5,66,66084
USER_001679,0.0549746634722194,0.016974663472219403,0,0,33,2,2,4,1,1,4,54,54086
USER_001680,0.033525695309229275,-0.004474304690770724,1,1,40,2,1,2,4,2,3,63,63058
USER_001681,0.04605595135504914,0.008055951355049142,0,0,57,2,1,4,0,1,4,11,11070
USER_001682,0.03963706590413626,0.001637065904136259,0,0,63,1,1,3,2,1,3,5,5008
USER_001683,0.026444472089048078,-0.011555527910951921,1,1,54,1,1,2,0,2,2,68,68042
USER_001684,0.044865389225824046,0.0068653892258240465,0,0,18,2,1,2,1,1,4,11,11019
USER_001685,0.022314403132602963,-0.015685596867397036,1,1,36,2,1,2,1,2,3,11,11020
USER_001686,0.057815190826923456,0.019815190826923457,0,0,54,2,1,12,1,1,2,54,54066
USER_001687,0.03303074054052411,-0.0049692594594758915,1,1,52,2,1,6,2,1,1,8,8060
USER_001688,0.04301739483809259,0.00501739483809259,0,0,47,1,3,4,0,2,4,11,11039
USER_001689,0.044249318073192136,0.006249318073192137,0,0,34,2,1,4,1,1,3,19,19058
USER_001690,0.03611642539443884,-0.0018835746055611557,1,1,56,2,1,6,1,1,4,76,76049
USER_001691,0.04880040702212912,0.010800407022129123,0,0,66,2,2,6,1,1,4,63,63051
USER_001692,0.03287644515066213,-0.005123554849337866,1,1,43,2,2,6,2,1,1,68,68027
USER_001693,0.05306945946185866,0.015069459461858663,0,0,30,2,3,5,0,2,4,66,66007
USER_001694,0.019810304796298774,-0.018189695203701225,1,1,71,1,1,4,2,1,2,11,11052
USER_001695,0.04189569369319618,0.0038956936931961797,0,0,39,2,1,8,0,2,3,11,11067
USER_001696,0.06908393498587427,0.03108393498587427,0,0,63,1,3,5,1,1,3,73,73030
USER_001697,0.02499503013091638,-0.01300496986908362,1,1,40,2,3,3,1,2,1,8,8026
USER_001698,0.02983382544212723,-0.00816617455787277,1,1,61,2,3,7,1,1,4,25,25003
USER_001699,0.047708617744883726,0.009708617744883727,0,0,60,2,2,7,1,1,4,11,11043
USER_001700,0.04269372672909397,0.004693726729093968,0,0,50,2,1,7,1,1,3,54,54036
USER_001701,0.04525945148910339,0.00725945148910339,0,0,44,2,2,2,2,1,3,11,11028
USER_001702,0.047337806952214956,0.009337806952214957,0,0,52,1,3,4,1,1,5,63,63041
USER_001703,0.04952082202842655,0.011520822028426553,0,0,29,2,1,3,0,2,4,19,19070
USER_001704,0.05664549762934335,0.018645497629343352,0,0,26,2,2,3,2,2,5,25,25045
USER_001705,0.04614727985392769,0.008147279853927693,0,0,51,2,2,5,1,2,2,63,63002
USER_001706,0.03638113518072186,-0.001618864819278136,1,1,31,1,1,7,1,1,3,50,50027
USER_001707,0.050088605518040966,0.012088605518040967,0,0,54,2,1,2,1,1,2,54,54057
USER_001708,0.06849822902342823,0.030498229023428226,0,0,20,2,2,5,0,2,1,47,47082
USER_001709,0.0380104938042614,1.0493804261400841e-05,0,0,61,2,1,6,5,2,4,73,73052
USER_001710,0.02538206042994038,-0.01261793957005962,1,1,61,1,1,7,3,1,3,11,11005
USER_001711,0.05660621003930459,0.018606210039304592,0,1,38,2,1,7,1,1,4,11,11052
USER_001712,0.038194282540696026,0.00019428254069602663,0,0,24,2,1,7,2,2,3,66,66066
USER_001713,0.007409956809789459,-0.03059004319021054,1,1,50,2,2,9,1,2,1,8,8032
USER_001714,0.05271132515725632,0.014711325157256323,0,0,52,2,1,5,1,1,1,11,11063
USER_001715,0.03197007721069116,-0.006029922789308841,1,0,28,2,1,4,2,1,4,73,73002
USER_001716,0.03864200076543759,0.000642000765437592,0,0,62,2,2,2,1,2,4,11,11057
USER_001717,0.044979704958535226,0.006979704958535227,0,0,49,2,3,3,2,2,5,73,73057
USER_001718,0.042857495196685996,0.004857495196685997,0,0,39,2,1,3,2,1,3,68,68086
USER_001719,0.050641777257085595,0.012641777257085596,0,1,72,2,2,6,0,1,4,66,66011
USER_001720,0.03346770444145235,-0.004532295558547651,1,1,59,2,1,2,0,2,2,8,8099
USER_001721,0.047696586972641244,0.009696586972641245,0,0,36,2,1,3,1,1,2,5,5069
USER_001722,0.036106799836241245,-0.0018932001637587542,1,1,53,2,1,2,2,1,1,68,68050
USER_001723,0.051082157213312544,0.013082157213312545,0,0,71,1,1,4,1,1,3,54,54026
USER_001724,0.0492305122601958,0.0112305122601958,0,0,54,1,1,4,2,1,2,11,11097
USER_001725,0.025968419469331074,-0.012031580530668926,1,1,28,2,1,4,0,1,3,11,11034
USER_001726,0.05628973174262548,0.01828973174262548,0,0,58,2,1,7,1,2,2,8,8058
USER_001727,0.03196054832328928,-0.0060394516767107165,1,1,30,2,2,2,0,1,4,25,25002
USER_001728,0.052120866974217174,0.014120866974217175,0,0,45,2,1,4,1,1,3,25,25098
USER_001729,0.04550930970102011,0.007509309701020109,0,0,66,2,1,6,0,1,5,50,50075
USER_001730,0.06757275515192683,0.02957275515192683,0,0,32,1,1,4,1,1,3,63,63003
USER_001731,0.03664801026442222,-0.0013519897355777771,1,1,30,2,1,7,0,2,2,11,11015
USER_001732,0.03476024805822704,-0.0032397519417729573,1,1,70,2,1,6,0,1,3,25,25016
USER_001733,0.03970870591168401,0.0017087059116840109,0,0,60,1,1,4,3,1,5,13,13070
USER_001734,0.03545230325748588,-0.0025476967425141217,1,1,50,2,2,6,1,2,3,5,5077
USER_001735,0.05199912852913075,0.013999128529130753,0,0,25,1,2,4,4,1,3,11,11069
USER_001736,0.015755340873451183,-0.022244659126548817,1,1,72,1,2,7,0,2,5,68,68059
USER_001737,0.024194763712804688,-0.013805236287195311,1,1,49,1,1,4,0,2,5,25,25001
USER_001738,0.023982956176312104,-0.014017043823687896,1,1,54,2,3,9,0,2,5,47,47078
USER_001739,0.05425461387960363,0.016254613879603634,0,0,71,2,1,7,1,2,3,52,52097
USER_001740,0.06565920058872887,0.027659200588728873,0,0,65,2,1,3,0,2,4,68,68046
USER_001741,0.03843326172193793,0.00043326172193793033,0,0,21,2,3,3,1,1,3,19,19095
USER_001742,0.03746767415214984,-0.0005323258478501583,1,1,74,1,1,5,1,2,5,73,73066
USER_001743,0.04105078244669772,0.0030507824466977224,0,0,68,1,3,5,1,1,4,76,76083
USER_001744,0.057428174539122856,0.019428174539122857,0,0,35,1,1,8,0,1,4,54,54002
USER_001745,0.02608970298714139,-0.01191029701285861,1,1,40,2,1,5,1,2,2,66,66013
USER_001746,0.04357553474102178,0.005575534741021779,0,0,46,2,2,5,0,1,3,76,76090
USER_001747,0.05462796444673644,0.01662796444673644,0,0,19,2,1,4,0,1,5,25,25095
USER_001748,0.04751641254909768,0.009516412549097679,0,0,30,1,1,3,1,1,4,25,25092
USER_001749,0.042843724248981155,0.004843724248981156,0,0,33,1,1,3,1,1,2,5,5015
USER_001750,0.05501569138850712,0.017015691388507122,0,0,71,2,2,4,1,2,5,11,11072
USER_001751,0.0,-0.038,1,1,25,2,1,2,0,2,2,25,25065
USER_001752,0.05016812979296362,0.012168129792963618,0,0,36,2,2,3,0,1,1,76,76046
USER_001753,0.030188864753088643,-0.007811135246911356,1,0,49,1,2,2,1,1,3,13,13092
USER_001754,0.012540506547153147,-0.02545949345284685,1,1,20,2,1,5,3,1,5,68,68096
USER_001755,0.04766803899287471,0.00966803899287471,0,0,68,2,2,4,2,1,2,11,11051
USER_001756,0.060604878177444366,0.022604878177444367,0,0,66,2,3,3,1,2,1,25,25094
USER_001757,0.03793827228058462,-6.172771941537897e-05,1,1,49,1,3,5,1,1,4,11,11033
USER_001758,0.054293118208044076,0.016293118208044077,0,0,58,1,1,7,1,2,3,54,54037
USER_001759,0.06418417386982968,0.02618417386982968,0,0,38,2,2,6,2,1,5,68,68083
USER_001760,0.05972371680376071,0.021723716803760708,0,0,42,1,2,5,0,2,2,5,5072
USER_001761,0.06459946794057089,0.026599467940570894,0,0,70,2,2,3,2,1,1,5,5019
USER_001762,0.051131912366078384,0.013131912366078385,0,0,72,1,1,3,3,1,2,25,25034
USER_001763,0.041131504583523895,0.003131504583523896,0,0,34,1,1,5,0,1,2,25,25055
USER_001764,0.015970512821542476,-0.022029487178457523,1,0,42,2,1,3,0,1,1,25,25029
USER_001765,0.03630906267805077,-0.0016909373219492277,1,1,50,1,1,5,0,1,5,8,8059
USER_001766,0.02735130107025713,-0.010648698929742868,1,1,48,1,1,2,3,2,5,11,11003
USER_001767,0.0725641407624672,0.0345641407624672,0,0,53,1,2,3,1,1,3,5,5044
USER_001768,0.037361712813514955,-0.000638287186485044,1,0,40,2,1,5,0,1,1,73,73089
USER_001769,0.04184807210176729,0.00384807210176729,0,0,64,2,2,6,0,1,4,11,11045
USER_001770,0.04827228064060701,0.010272280640607014,0,0,61,2,1,3,1,1,3,8,8058
USER_001771,0.04065403669558681,0.002654036695586809,0,0,42,2,1,7,1,1,4,52,52040
USER_001772,0.0654257656064613,0.027425765606461296,0,0,66,2,1,6,1,1,4,11,11009
USER_001773,0.03066025957398322,-0.007339740426016778,1,1,61,2,2,4,3,2,4,5,5072
USER_001774,0.04291911182855864,0.004919111828558642,0,0,65,2,1,2,0,1,5,11,11043
USER_001775,0.028862941214529276,-0.009137058785470723,1,1,47,2,1,3,2,1,5,73,73071
USER_001776,0.020199662331689416,-0.017800337668310583,1,1,30,2,1,3,1,1,4,52,52013
USER_001777,0.03082346363642072,-0.0071765363635792785,1,1,60,2,1,4,2,2,2,5,5097
USER_001778,0.03944444804427382,0.0014444480442738217,0,0,64,2,1,5,1,1,4,73,73032
USER_001779,0.033560466632241104,-0.004439533367758895,1,1,46,1,1,2,4,1,2,68,68021
USER_001780,0.02961368530189216,-0.008386314698107838,1,1,33,2,1,5,1,2,3,11,11085
USER_001781,0.018905238044922494,-0.019094761955077505,1,1,55,2,1,5,1,1,5,25,25051
USER_001782,0.03875341641056958,0.0007534164105695781,0,0,44,2,2,3,0,1,4,73,73096
USER_001783,0.01742919438953497,-0.02057080561046503,1,1,43,2,1,6,1,1,3,50,50016
USER_001784,0.05140083945534404,0.013400839455344038,0,0,28,2,1,2,0,1,2,5,5048
USER_001785,0.04123659629401755,0.0032365962940175477,0,0,64,1,1,3,0,2,4,11,11048
USER_001786,0.018136727508026043,-0.019863272491973956,1,1,54,2,1,4,1,1,3,5,5057
USER_001787,0.03536186384425205,-0.0026381361557479485,1,1,20,2,1,3,1,1,3,54,54069
USER_001788,0.028717653916141252,-0.009282346083858747,1,0,43,2,2,2,1,1,3,54,54023
USER_001789,0.044787617656287707,0.0067876176562877075,0,1,51,2,3,5,0,2,2,11,11085
USER_001790,0.060106756690347166,0.022106756690347167,0,0,50,1,1,5,0,1,2,11,11055
USER_001791,0.011872412955313834,-0.026127587044686165,1,1,32,1,2,9,0,2,2,76,76024
USER_001792,0.04172539118721126,0.003725391187211262,0,0,19,1,2,7,0,1,4,25,25070
USER_001793,0.0375980080665004,-0.0004019919334996014,1,1,45,1,1,4,3,1,1,25,25004
USER_001794,0.05007010114675698,0.012070101146756981,0,0,37,2,1,2,3,1,4,66,66010
USER_001795,0.043197949423565335,0.005197949423565336,0,0,55,1,1,2,2,1,2,47,47012
USER_001796,0.028720460023917715,-0.009279539976082284,1,1,61,1,1,3,3,1,2,11,11042
USER_001797,0.03521419096500073,-0.0027858090349992676,1,0,70,2,1,5,1,2,3,11,11030
USER_001798,0.028059612147947666,-0.009940387852052333,1,1,33,2,1,5,0,1,3,66,66001
USER_001799,0.05614010707897898,0.01814010707897898,0,0,63,1,2,3,1,1,4,25,25019
USER_001800,0.040319674730079136,0.0023196747300791368,0,0,21,2,2,4,2,1,4,11,11037
USER_001801,0.06851786028629511,0.030517860286295113,0,0,25,1,1,3,0,1,4,76,76022
USER_001802,0.03909008779278069,0.0010900877927806918,0,0,61,2,1,3,1,1,5,66,66002
USER_001803,0.02937389849634306,-0.00862610150365694,1,1,72,2,2,3,1,1,3,66,66066
USER_001804,0.017294284110807596,-0.020705715889192403,1,1,63,2,3,4,3,2,2,68,68039
USER_001805,0.012952904856160826,-0.025047095143839175,1,1,37,1,2,2,3,1,2,11,11083
USER_001806,0.016237960854917657,-0.021762039145082342,1,1,43,1,1,3,0,1,4,11,11007
USER_001807,0.044006899765172254,0.006006899765172255,0,0,49,2,1,5,1,1,2,11,11095
USER_001808,0.04763087534844901,0.00963087534844901,0,0,30,1,3,4,3,1,4,54,54018
USER_001809,0.016282139469518002,-0.021717860530481997,1,1,22,2,2,5,0,2,2,11,11001
USER_001810,0.05342557471114173,0.015425574711141733,0,0,61,1,1,3,0,1,3,25,25065
USER_001811,0.03275408422474841,-0.005245915775251589,1,0,59,2,2,4,2,2,4,68,68082
USER_001812,0.04220189517978324,0.004201895179783241,0,0,70,2,1,2,1,1,2,5,5038
USER_001813,0.06418330942383137,0.026183309423831368,0,0,68,2,1,3,0,2,2,8,8067
USER_001814,0.05345258973798298,0.015452589737982983,0,0,30,2,1,7,1,1,1,19,19018
USER_001815,0.035972040281412515,-0.002027959718587484,1,1,58,1,2,6,2,2,3,73,73022
USER_001816,0.026632116618770692,-0.011367883381229307,1,1,28,2,1,4,2,1,4,25,25008
USER_001817,0.007722768980060428,-0.030277231019939572,1,1,54,2,1,4,2,1,3,25,25038
USER_001818,0.0292127002113637,-0.0087872997886363,1,1,49,2,2,4,3,2,2,5,5074
USER_001819,0.036833046417584586,-0.0011669535824154129,1,1,62,2,2,5,3,2,3,25,25003
USER_001820,0.025192307092732246,-0.012807692907267753,1,1,59,2,1,1,2,1,2,76,76017
USER_001821,0.03803114549361543,3.1145493615429565e-05,0,0,35,2,1,5,3,1,3,50,50007
USER_001822,0.04115277824438152,0.003152778244381524,0,0,46,2,1,4,3,2,2,76,76086
USER_001823,0.03662716027287882,-0.0013728397271211765,1,1,32,2,1,4,2,2,2,73,73011
USER_001824,0.030249961287648106,-0.0077500387123518935,1,1,37,2,1,5,1,1,4,68,68048
USER_001825,0.042529820079500916,0.004529820079500917,0,0,61,2,1,2,2,1,2,11,11019
USER_001826,0.04662910974354113,0.008629109743541134,0,0,53,2,1,8,2,1,4,19,19029
USER_001827,0.023644013838357313,-0.014355986161642686,1,1,22,2,3,2,0,1,2,25,25028
USER_001828,0.06116398569619405,0.023163985696194052,0,0,57,2,3,3,1,2,4,52,52028
USER_001829,0.038521178015736075,0.0005211780157360762,0,0,54,1,1,4,4,1,3,25,25061
USER_001830,0.04028274434417271,0.0022827443441727144,0,0,50,1,1,3,1,1,3,25,25036
USER_001831,0.05062321634884836,0.01262321634884836,0,0,35,1,1,6,1,2,3,11,11024
USER_001832,0.04349824196895253,0.00549824196895253,0,0,36,2,1,8,0,1,2,11,11055
USER_001833,0.054297049508698673,0.016297049508698674,0,0,68,2,2,5,1,1,3,11,11075
USER_001834,0.04430686247802736,0.006306862478027364,0,0,49,2,2,5,3,2,2,11,11031
USER_001835,0.030813439380393434,-0.0071865606196065655,1,1,59,2,2,4,3,1,3,11,11008
USER_001836,0.04542255287809153,0.007422552878091529,0,0,39,2,3,4,0,1,2,11,11048
USER_001837,0.022844106890190074,-0.015155893109809925,1,1,58,1,3,4,0,1,3,50,50018
USER_001838,0.04162839558664785,0.003628395586647848,0,0,18,2,1,2,0,1,1,54,54096
USER_001839,0.03950155014033309,0.0015015501403330897,0,0,71,1,3,5,1,2,3,25,25040
USER_001840,0.0368782471409119,-0.001121752859088096,1,1,42,2,1,5,0,1,3,11,11095
USER_001841,0.03807193732841604,7.19373284160385e-05,0,0,37,2,2,6,0,1,3,50,50012
USER_001842,0.011772264317535416,-0.026227735682464583,1,1,52,2,1,4,2,2,3,68,68052
USER_001843,0.03176912638388558,-0.006230873616114421,1,1,62,2,1,9,2,1,3,54,54092
USER_001844,0.04139267351711672,0.0033926735171167233,0,0,23,1,1,4,2,2,4,8,8051
USER_001845,0.042397845879961,0.004397845879961004,0,0,23,2,1,2,1,1,2,11,11058
USER_001846,0.02458487288611063,-0.013415127113889369,1,1,67,1,2,5,0,1,3,25,25008
USER_001847,0.058985617612970505,0.020985617612970506,0,0,54,2,3,5,1,2,5,52,52019
USER_001848,0.027007377276782492,-0.010992622723217507,1,0,66,2,1,3,0,1,2,11,11024
USER_001849,0.05454185800790105,0.016541858007901054,0,0,74,2,1,7,2,1,2,11,11030
USER_001850,0.04640791542807527,0.008407915428075272,0,0,74,2,1,4,0,2,4,13,13032
USER_001851,0.030306590352342958,-0.007693409647657041,1,1,20,2,1,6,1,1,5,11,11011
USER_001852,0.06662966338914267,0.02862966338914267,0,0,54,2,1,4,0,2,4,25,25079
USER_001853,0.022095447523652802,-0.015904552476347197,1,0,48,1,1,6,1,1,1,8,8002
USER_001854,0.053787312604150025,0.015787312604150026,0,1,52,2,1,3,3,1,2,66,66074
USER_001855,0.05500873477064468,0.017008734770644678,0,0,72,2,3,2,1,1,4,63,63066
USER_001856,0.029940696863850327,-0.008059303136149672,1,1,62,2,2,8,1,1,5,11,11028
USER_001857,0.06088697950096493,0.02288697950096493,0,0,32,2,1,6,0,1,4,54,54011
USER_001858,0.03624930228101571,-0.0017506977189842912,1,1,34,2,3,6,2,2,5,13,13027
USER_001859,0.044330404439197856,0.0063304044391978564,0,0,32,2,1,2,0,1,5,25,25095
USER_001860,0.043904827581568315,0.005904827581568316,0,0,22,2,2,7,0,1,2,11,11072
USER_001861,0.03798536887794179,-1.463112205821182e-05,1,1,39,2,2,6,2,2,3,73,73043
USER_001862,0.052162124097396734,0.014162124097396735,0,0,63,2,1,9,0,2,4,50,50007
USER_001863,0.051902330808283194,0.013902330808283195,0,0,28,2,1,4,3,1,3,11,11025
USER_001864,0.01377202040142729,-0.02422797959857271,1,1,45,1,3,3,2,1,2,63,63017
USER_001865,0.05956510364317229,0.02156510364317229,0,0,31,2,1,7,1,1,1,11,11058
USER_001866,0.015062620179464886,-0.022937379820535113,1,1,56,1,1,5,0,1,2,8,8084
USER_001867,0.05548819306512486,0.017488193065124863,0,0,20,2,3,3,0,2,5,11,11047
USER_001868,0.05690057705241375,0.01890057705241375,0,0,72,1,1,5,0,1,5,5,5020
USER_001869,0.02363550354677203,-0.01436449645322797,1,1,69,2,1,5,1,2,4,8,8066
USER_001870,0.03383778568068123,-0.00416221431931877,1,1,59,1,3,5,2,1,4,5,5066
USER_001871,0.023414429972710964,-0.014585570027289035,1,1,28,2,3,4,1,2,2,13,13090
USER_001872,0.03677618454566897,-0.0012238154543310273,1,1,47,2,3,5,0,1,2,76,76028
USER_001873,0.03537948573721388,-0.0026205142627861167,1,1,55,1,1,5,0,1,3,68,68078
USER_001874,0.0516949079840401,0.013694907984040099,0,0,22,2,1,3,1,2,3,68,68014
USER_001875,0.05965463119179413,0.02165463119179413,0,0,69,2,2,8,1,2,3,5,5015
USER_001876,0.060935257161849346,0.022935257161849347,0,0,39,2,2,3,0,1,3,11,11080
USER_001877,0.03156747960132547,-0.006432520398674528,1,1,30,2,1,2,3,1,3,11,11099
USER_001878,0.03686167189383208,-0.0011383281061679157,1,1,61,2,2,4,1,1,3,66,66058
USER_001879,0.014748427116685751,-0.023251572883314246,1,1,68,2,3,5,1,2,3,5,5068
USER_001880,0.02791194900255717,-0.010088050997442827,1,1,68,2,2,2,0,1,2,63,63019
USER_001881,0.054472774496461866,0.016472774496461867,0,0,38,2,1,7,1,1,3,47,47098
USER_001882,0.06423374235322347,0.026233742353223476,0,0,54,2,1,10,3,1,3,11,11047
USER_001883,0.021484766921801172,-0.016515233078198827,1,1,42,1,1,5,0,1,1,50,50035
USER_001884,0.031113036112706587,-0.006886963887293412,1,1,69,1,1,5,1,2,2,11,11006
USER_001885,0.03960391364561609,0.0016039136456160938,0,0,38,2,1,2,1,1,3,11,11072
USER_001886,0.04420241738229409,0.006202417382294094,0,0,45,1,2,2,0,1,3,11,11043
USER_001887,0.027855947201175308,-0.010144052798824691,1,1,58,2,2,6,1,1,4,73,73024
USER_001888,0.04636091566696134,0.008360915666961344,0,0,21,1,2,3,2,2,1,47,47099
USER_001889,0.03289240979393626,-0.005107590206063738,1,1,46,2,1,6,0,1,2,25,25030
USER_001890,0.039783215936825815,0.001783215936825816,0,0,64,2,1,5,0,1,5,54,54043
USER_001891,0.048194263720055495,0.010194263720055496,0,0,52,1,1,2,3,1,3,13,13092
USER_001892,0.04009633404716407,0.0020963340471640696,0,0,40,1,2,1,2,1,3,25,25016
USER_001893,0.033454211642101474,-0.004545788357898525,1,1,24,1,1,1,0,2,4,11,11021
USER_001894,0.03835585294111254,0.00035585294111253885,0,0,73,2,1,1,0,1,2,25,25097
USER_001895,0.03867455561191997,0.0006745556119199733,0,0,69,2,1,3,2,1,4,63,63071
USER_001896,0.03444983455176808,-0.003550165448231918,1,1,69,2,1,5,3,1,3,54,54011
USER_001897,0.03611805905999346,-0.0018819409400065365,1,1,63,1,2,4,1,1,3,66,66091
USER_001898,0.06397970755757075,0.02597970755757075,0,0,63,2,1,4,2,1,2,25,25034
USER_001899,0.04841379171911858,0.010413791719118583,0,0,26,1,2,6,4,1,1,68,68095
USER_001900,0.0355677952295626,-0.0024322047704374017,1,1,40,2,1,4,2,1,1,8,8031
USER_001901,0.050454316067661036,0.012454316067661036,0,0,20,1,1,7,0,1,2,73,73027
USER_001902,0.03499270765365985,-0.0030072923463401458,1,1,26,2,1,6,1,2,1,8,8071
USER_001903,0.05759686956379962,0.01959686956379962,0,0,70,2,2,6,1,1,2,50,50045
USER_001904,0.045544632882971406,0.007544632882971407,0,0,21,1,1,6,2,2,3,50,50092
USER_001905,0.03839046783993657,0.0003904678399365702,0,0,66,1,3,3,1,1,2,54,54012
USER_001906,0.04671575388715416,0.008715753887154162,0,0,42,2,2,3,1,1,3,11,11037
USER_001907,0.016436857718972513,-0.021563142281027486,1,1,23,2,2,7,2,1,2,50,50067
USER_001908,0.023098487966352922,-0.014901512033647077,1,0,65,2,1,6,1,1,3,8,8045
USER_001909,0.02209112490401417,-0.01590887509598583,1,1,35,1,3,5,2,1,4,11,11090
USER_001910,0.0421441464214556,0.004144146421455601,0,0,62,1,1,4,4,1,4,52,52056
USER_001911,0.06598772499227638,0.027987724992276385,0,0,24,1,1,3,0,2,4,19,19050
USER_001912,0.07346950219288949,0.03546950219288949,0,0,52,1,1,3,3,2,3,76,76050
USER_001913,0.04957076652161136,0.011570766521611361,0,0,48,1,1,4,1,1,5,25,25033
USER_001914,0.04751266712416685,0.009512667124166853,0,0,55,1,1,3,1,1,2,52,52056
USER_001915,0.012984133987708918,-0.025015866012291083,1,1,73,2,3,3,1,2,2,66,66028
USER_001916,0.03185989300398968,-0.006140106996010322,1,1,49,2,2,3,2,1,2,68,68086
USER_001917,0.028183243721376417,-0.009816756278623582,1,1,52,2,1,7,1,1,1,25,25019
USER_001918,0.03068728602623326,-0.007312713973766739,1,1,45,2,1,3,1,2,2,63,63077
USER_001919,0.03747784272122816,-0.0005221572787718412,1,1,61,2,2,3,0,1,3,68,68089
USER_001920,0.03291864133454309,-0.005081358665456906,1,1,22,2,1,7,1,1,3,11,11068
USER_001921,0.010310502844363186,-0.027689497155636813,1,1,47,2,1,4,2,2,3,11,11039
USER_001922,0.05121865384176301,0.01321865384176301,0,0,39,2,1,3,0,1,2,5,5010
USER_001923,0.023908854613902904,-0.014091145386097095,1,1,34,2,1,8,1,1,3,50,50089
USER_001924,0.043588702961667246,0.005588702961667247,0,0,27,2,1,5,0,1,5,25,25006
USER_001925,0.07111124004624961,0.03311124004624961,0,0,24,2,3,7,2,1,1,68,68054
USER_001926,0.02620923112620365,-0.011790768873796348,1,1,21,2,3,7,0,1,4,19,19099
USER_001927,0.0020456871588050564,-0.03595431284119494,1,0,59,2,1,2,1,2,3,47,47044
USER_001928,0.03570993667179834,-0.002290063328201662,1,1,44,1,1,5,0,1,4,66,66098
USER_001929,0.05651439452497856,0.018514394524978564,0,0,24,2,2,2,1,2,3,5,5059
USER_001930,0.06937521181330891,0.03137521181330891,0,0,40,2,2,4,1,1,3,8,8019
USER_001931,0.021556756083213748,-0.01644324391678625,1,1,28,2,1,7,1,1,4,11,11034
USER_001932,0.04745048834854783,0.00945048834854783,0,0,70,1,1,9,2,1,3,11,11080
USER_001933,0.0330203431482992,-0.004979656851700799,1,1,25,1,1,7,0,1,2,11,11085
USER_001934,0.038410774685437965,0.00041077468543796597,0,0,25,2,3,5,1,1,3,5,5006
USER_001935,0.07966515020525552,0.041665150205255526,0,0,54,2,2,9,0,1,5,76,76061
USER_001936,0.017455445074072703,-0.020544554925927296,1,1,22,1,1,3,0,2,3,52,52004
USER_001937,0.043806094922418604,0.0058060949224186045,0,0,24,2,3,7,0,2,5,52,52079
USER_001938,0.047015397576481495,0.009015397576481496,0,0,39,1,3,5,0,2,4,54,54054
USER_001939,0.056286794874090204,0.018286794874090205,0,0,53,2,1,8,1,1,4,76,76039
USER_001940,0.04146974730206343,0.003469747302063432,0,0,19,2,2,8,0,1,4,25,25092
USER_001941,0.04462075809256153,0.006620758092561532,0,0,41,1,2,4,2,1,3,52,52012
USER_001942,0.034125271488673135,-0.0038747285113268637,1,1,68,2,2,3,0,1,3,68,68087
USER_001943,0.04403690411867661,0.006036904118676613,0,0,19,1,2,7,0,1,4,19,19043
USER_001944,0.03485211586753884,-0.0031478841324611567,1,1,65,2,1,5,0,1,2,25,25051
USER_001945,0.04932357834784076,0.011323578347840764,0,0,29,1,3,4,2,2,4,11,11065
USER_001946,0.03445584495934549,-0.0035441550406545078,1,1,64,2,1,6,2,1,3,25,25009
USER_001947,0.0456565059085328,0.0076565059085327986,0,0,59,1,1,2,1,1,4,50,50038
USER_001948,0.039561057794725324,0.0015610577947253249,0,0,72,2,1,4,3,1,3,8,8085
USER_001949,0.05689075376158252,0.018890753761582522,0,0,43,2,1,6,0,1,5,25,25070
USER_001950,0.039229094146172705,0.001229094146172706,0,0,55,1,1,4,2,1,3,11,11095
USER_001951,0.01340451297689678,-0.02459548702310322,1,1,73,1,1,7,1,1,3,63,63075
USER_001952,0.058928822510709876,0.020928822510709877,0,0,62,1,2,5,1,2,3,68,68038
USER_001953,0.026414015487060717,-0.011585984512939282,1,0,23,1,2,5,1,1,2,76,76081
USER_001954,0.030193504920267705,-0.007806495079732294,1,1,40,2,2,5,1,1,4,5,5098
USER_001955,0.03106508058934762,-0.006934919410652378,1,1,19,2,2,5,1,2,1,25,25043
USER_001956,0.06061657139756226,0.022616571397562263,0,0,43,1,1,2,1,1,5,25,25093
USER_001957,0.007964886790319562,-0.030035113209680435,1,1,31,2,1,5,1,2,3,68,68053
USER_001958,0.08706622800489992,0.049066228004899924,0,0,35,2,1,5,1,1,2,25,25054
USER_001959,0.05584085213599078,0.01784085213599078,0,0,55,2,1,5,1,1,2,8,8095
USER_001960,0.043348583711937394,0.005348583711937395,0,0,74,1,3,7,2,1,4,52,52050
USER_001961,0.039176589990755704,0.0011765899907557054,0,0,49,1,2,4,3,1,1,11,11030
USER_001962,0.044283311122864856,0.006283311122864857,0,0,68,2,1,1,1,1,5,5,5035
USER_001963,0.04781683642569008,0.009816836425690083,0,0,31,1,1,4,1,1,3,73,73027
USER_001964,0.04967823378925086,0.011678233789250862,0,0,47,1,1,5,0,1,4,25,25056
USER_001965,0.04833406699005173,0.010334066990051731,0,0,30,1,1,4,3,2,1,63,63083
USER_001966,0.04134371021882873,0.0033437102188287326,0,0,57,1,1,3,0,2,2,66,66092
USER_001967,0.03703992369539011,-0.0009600763046098901,1,1,48,2,2,3,1,1,1,25,25005
USER_001968,0.037730900745197325,-0.0002690992548026738,1,1,54,2,3,4,5,1,2,25,25075
USER_001969,0.037076375794709786,-0.0009236242052902133,1,0,62,1,3,2,0,1,3,11,11090
USER_001970,0.05700655145300597,0.01900655145300597,0,0,55,2,1,2,2,1,3,50,50070
USER_001971,0.048903350834212926,0.010903350834212927,0,0,39,2,1,2,0,2,4,5,5033
USER_001972,0.0,-0.038,1,1,45,2,3,6,1,1,3,8,8082
USER_001973,0.049838511647946414,0.011838511647946415,0,0,36,2,2,3,1,1,4,66,66070
USER_001974,0.042921042920781624,0.004921042920781625,0,0,60,2,1,3,0,1,2,11,11030
USER_001975,0.03971936865331154,0.0017193686533115426,0,0,33,2,2,1,2,2,3,13,13078
USER_001976,0.03417222320366672,-0.003827776796333282,1,1,22,2,1,5,0,1,5,66,66053
USER_001977,0.056861690799790206,0.018861690799790207,0,0,61,1,1,5,1,1,3,25,25077
USER_001978,0.05421289693184287,0.01621289693184287,0,0,66,2,3,9,3,2,2,54,54001
USER_001979,0.028406834982645863,-0.009593165017354136,1,1,19,2,1,7,1,1,3,11,11021
USER_001980,0.04610578430686803,0.008105784306868029,0,0,27,2,2,6,1,1,2,76,76018
USER_001981,0.025425148981880714,-0.012574851018119285,1,1,64,1,1,1,2,1,4,19,19016
USER_001982,0.019305727528166047,-0.018694272471833952,1,1,36,1,1,6,0,1,3,68,68005
USER_001983,0.030599241631150523,-0.007400758368849476,1,0,37,2,1,8,3,1,2,11,11080
USER_001984,0.05293590208574138,0.01493590208574138,0,0,46,2,1,2,1,2,2,63,63009
USER_001985,0.0542968756806413,0.016296875680641303,0,0,42,2,1,5,0,2,3,8,8083
USER_001986,0.04769628130145939,0.009696281301459393,0,0,34,1,1,6,0,1,3,76,76016
USER_001987,0.05087643680271996,0.012876436802719958,0,0,68,2,1,4,1,1,4,66,66033
USER_001988,0.047742674306724374,0.009742674306724375,0,0,68,1,3,4,1,1,1,11,11046
USER_001989,0.030377776071655718,-0.007622223928344281,1,1,30,2,2,5,1,1,3,11,11092
USER_001990,0.04647883817010911,0.00847883817010911,0,1,62,2,1,7,1,1,1,11,11006
USER_001991,0.052006142878415235,0.014006142878415236,0,0,33,1,2,5,2,1,4,13,13053
USER_001992,0.05131436994720362,0.01331436994720362,0,0,71,1,1,3,1,1,2,11,11062
USER_001993,0.057833700572119645,0.019833700572119646,0,0,70,1,2,6,1,1,3,11,11093
USER_001994,0.05062455770801596,0.01262455770801596,0,0,52,2,1,4,0,1,3,68,68063
USER_001995,0.045271723113123746,0.007271723113123747,0,0,53,2,1,6,0,1,4,11,11083
USER_001996,0.05605225357474641,0.018052253574746414,0,0,56,2,2,1,2,2,5,11,11092
USER_001997,0.0396021811112641,0.0016021811112641032,0,1,20,1,1,4,1,2,2,11,11004
USER_001998,0.02677188023158423,-0.01122811976841577,1,1,26,2,1,5,2,1,3,54,54060
USER_001999,0.03755399554084354,-0.00044600445915645576,1,1,57,1,1,2,0,1,3,11,11002
USER_002000,0.028826460327903265,-0.009173539672096734,1,1,67,1,1,4,0,2,2,11,11090
USER_002001,0.029872325875384277,-0.008127674124615722,1,1,70,1,2,7,1,1,2,11,11078
USER_002002,0.037832219939267234,-0.00016778006073276536,1,1,63,2,3,6,1,2,1,50,50014
USER_002003,0.028113701185000582,-0.009886298814999417,1,1,69,1,2,5,1,1,1,25,25076
USER_002004,0.0353805770554144,-0.0026194229445856004,1,1,46,2,2,3,2,1,4,8,8093
USER_002005,0.011595779995693218,-0.026404220004306783,1,1,22,1,2,9,1,1,4,76,76026
USER_002006,0.04319940561059408,0.0051994056105940795,0,0,20,2,1,6,1,2,1,8,8029
USER_002007,0.04001808213043336,0.002018082130433363,0,0,27,2,1,4,0,1,3,25,25096
USER_002008,0.027743670533977142,-0.010256329466022857,1,1,48,1,1,3,3,1,2,11,11036
USER_002009,0.04988868502648608,0.01188868502648608,0,0,28,1,1,5,0,1,2,25,25052
USER_002010,0.054063552064398376,0.016063552064398377,0,0,34,2,2,6,4,1,5,25,25090
USER_002011,0.01588660203446539,-0.02211339796553461,1,1,57,1,1,3,2,1,4,47,47008
USER_002012,0.028559128321506786,-0.009440871678493213,1,1,58,1,1,12,1,1,2,76,76050
USER_002013,0.028462864753190528,-0.00953713524680947,1,0,25,2,1,4,2,1,5,25,25014
USER_002014,0.025901453483367032,-0.012098546516632967,1,1,69,1,1,2,0,2,5,11,11052
USER_002015,0.052442122628976226,0.014442122628976227,0,0,19,2,2,4,0,1,3,5,5013
USER_002016,0.03709260791840795,-0.0009073920815920525,1,1,21,1,3,3,2,1,2,19,19062
USER_002017,0.03603227738034084,-0.0019677226196591624,1,1,33,1,1,6,2,1,5,66,66096
USER_002018,0.0099420645338987,-0.0280579354661013,1,1,58,2,2,5,2,1,4,11,11068
USER_002019,0.0495312704531384,0.011531270453138398,0,0,58,1,1,2,0,1,3,68,68011
USER_002020,0.021411124077197915,-0.016588875922802084,1,1,38,2,1,5,0,1,3,13,13012
USER_002021,0.04089898945399493,0.0028989894539949296,0,0,22,2,1,4,2,2,3,25,25065
USER_002022,0.04416065406937288,0.006160654069372884,0,0,52,1,1,7,0,1,4,25,25064
USER_002023,0.060409878937579764,0.022409878937579765,0,0,31,2,1,5,0,1,2,52,52048
USER_002024,0.02036769401321332,-0.017632305986786678,1,1,32,2,1,4,1,1,3,11,11009
USER_002025,0.0,-0.038,1,1,23,2,1,5,2,1,2,50,50037
USER_002026,0.04275774317130542,0.004757743171305423,0,1,33,1,1,3,0,1,3,5,5026
USER_002027,0.06700766772266281,0.029007667722662812,0,0,40,2,2,5,0,1,3,8,8087
USER_002028,0.05858419529409156,0.020584195294091563,0,0,48,1,2,6,2,1,5,73,73001
USER_002029,0.04314489122911939,0.005144891229119389,0,0,59,1,2,4,0,1,3,13,13068
USER_002030,0.03262545721551929,-0.005374542784480706,1,1,63,2,1,5,5,2,3,8,8014
USER_002031,0.052106838949559656,0.014106838949559657,0,0,29,1,2,4,1,1,4,8,8075
USER_002032,0.025396807004432972,-0.012603192995567027,1,1,58,1,1,3,1,2,2,11,11046
USER_002033,0.047145366540343285,0.009145366540343286,0,0,72,2,1,2,1,2,3,5,5032
USER_002034,0.0475820523874994,0.009582052387499401,0,0,36,2,2,2,1,2,2,50,50039
USER_002035,0.055903148612483196,0.017903148612483197,0,0,29,1,2,8,0,1,3,25,25085
USER_002036,0.08139490058366616,0.043394900583666164,0,0,62,1,3,7,1,1,3,68,68003
USER_002037,0.0458862395076815,0.007886239507681504,0,0,72,2,3,9,1,1,3,54,54037
USER_002038,0.03236554561438752,-0.0056344543856124765,1,1,30,2,2,3,2,1,3,11,11095
USER_002039,0.039616385317120084,0.001616385317120085,0,0,66,2,3,4,4,1,4,11,11024
USER_002040,0.013463861426663228,-0.024536138573336773,1,1,19,2,2,5,3,1,1,54,54017
USER_002041,0.02957930303366413,-0.00842069696633587,1,1,37,1,1,8,1,1,4,19,19033
USER_002042,0.03386076342830344,-0.004139236571696556,1,1,72,1,1,5,2,2,3,25,25094
USER_002043,0.03213867403098111,-0.0058613259690188865,1,1,48,1,2,4,1,1,4,73,73075
USER_002044,0.04228532308050583,0.004285323080505832,0,0,26,2,1,4,0,1,4,5,5066
USER_002045,0.027663701014266993,-0.010336298985733006,1,1,38,1,1,4,0,1,2,63,63031
USER_002046,0.05681546000986707,0.01881546000986707,0,0,25,2,1,6,2,1,1,11,11004
USER_002047,0.04000310597377296,0.002003105973772963,0,0,56,2,1,6,1,1,3,66,66007
USER_002048,0.039860495182920605,0.001860495182920606,0,0,54,1,1,6,1,2,3,25,25075
USER_002049,0.03508157925230623,-0.002918420747693766,1,1,46,2,2,5,1,1,3,11,11091
USER_002050,0.04232786025788469,0.004327860257884689,0,0,36,1,2,6,2,1,4,25,25062
USER_002051,0.05237647397001452,0.01437647397001452,0,0,52,2,1,5,2,1,3,11,11091
USER_002052,0.026993046764336497,-0.011006953235663502,1,1,62,2,1,5,0,1,4,5,5028
USER_002053,0.03012825266387115,-0.007871747336128849,1,1,55,2,1,2,2,2,3,25,25048
USER_002054,0.03544410956835003,-0.002555890431649971,1,1,43,2,3,3,3,1,4,47,47007
USER_002055,0.019811936147901776,-0.018188063852098223,1,1,28,2,1,8,3,1,5,11,11065
USER_002056,0.027711132104177534,-0.010288867895822465,1,1,53,2,1,7,0,1,2,5,5095
USER_002057,0.03285668689683012,-0.005143313103169879,1,1,52,2,1,4,2,1,1,11,11073
USER_002058,0.05311583771069091,0.015115837710690909,0,0,21,1,1,2,0,1,3,73,73059
USER_002059,0.04393841993502888,0.005938419935028881,0,0,20,2,1,2,0,1,3,8,8084
USER_002060,0.04290384867051317,0.004903848670513168,0,0,62,2,1,1,0,1,2,11,11059
USER_002061,0.05276346943251958,0.014763469432519584,0,1,64,2,1,5,2,2,4,68,68015
USER_002062,0.03793942317400905,-6.0576825990948935e-05,1,1,29,2,1,4,0,1,1,11,11067
USER_002063,0.04585697274893334,0.007856972748933343,0,0,49,2,3,2,1,2,3,11,11041
USER_002064,0.03845167370601256,0.00045167370601256057,0,0,64,2,1,3,0,2,1,11,11036
USER_002065,0.043980435240994424,0.005980435240994425,0,0,43,1,1,5,0,1,4,68,68016
USER_002066,0.03125862013582627,-0.006741379864173731,1,1,60,2,1,2,0,1,3,11,11066
USER_002067,0.0034177426258535657,-0.034582257374146434,1,1,60,2,1,9,2,1,3,54,54062
USER_002068,0.037985812567205436,-1.4187432794562915e-05,1,1,30,1,1,5,0,1,4,68,68078
USER_002069,0.061341222041499104,0.023341222041499105,0,0,61,2,2,5,1,2,4,76,76047
USER_002070,0.05389323103362388,0.015893231033623882,0,0,55,2,2,6,2,2,1,76,76032
USER_002071,0.05448096226886756,0.016480962268867562,0,0,46,1,2,3,1,1,4,68,68098
USER_002072,0.058541960827093266,0.020541960827093267,0,0,72,1,3,7,1,1,3,11,11086
USER_002073,0.041329863864421564,0.0033298638644215645,0,0,69,2,3,7,1,2,4,54,54078
USER_002074,0.04295973561108394,0.00495973561108394,0,0,68,1,1,6,1,1,4,11,11084
USER_002075,0.03073522156848475,-0.00726477843151525,1,1,36,2,3,7,2,1,1,52,52082
USER_002076,0.035258907159594254,-0.0027410928404057455,1,1,52,2,1,6,2,2,2,25,25025
USER_002077,0.04923656724656712,0.011236567246567124,0,0,65,2,1,4,1,2,2,76,76057
USER_002078,0.05805826655753225,0.020058266557532248,0,0,58,1,2,3,3,1,3,11,11098
USER_002079,0.03790830586478501,-9.169413521498831e-05,1,1,44,2,1,4,1,1,3,11,11023
USER_002080,0.03324716102722883,-0.0047528389727711715,1,1,63,2,1,4,0,1,4,68,68070
USER_002081,0.04000791938284896,0.0020079193828489578,0,0,48,1,1,9,0,1,3,47,47016
USER_002082,0.049018101233936726,0.011018101233936727,0,0,20,2,2,2,3,1,4,52,52031
USER_002083,0.018342177757996875,-0.019657822242003124,1,1,52,2,1,6,0,2,3,11,11045
USER_002084,0.00555728570294143,-0.03244271429705857,1,1,41,1,1,10,0,2,2,8,8083
USER_002085,0.031741947257626246,-0.006258052742373753,1,1,69,2,1,7,0,1,4,25,25042
USER_002086,0.021689313611287623,-0.016310686388712376,1,1,24,2,1,4,1,2,2,25,25032
USER_002087,0.032377897035290336,-0.005622102964709663,1,1,68,1,1,4,2,1,3,66,66037
USER_002088,0.037783295217737926,-0.00021670478226207268,1,1,73,1,1,4,2,1,1,68,68046
USER_002089,0.0332012738646548,-0.0047987261353451965,1,1,52,2,3,5,1,1,4,25,25043
USER_002090,0.06178701301706118,0.02378701301706118,0,0,38,1,1,4,2,1,3,11,11085
USER_002091,0.0449011714690348,0.006901171469034802,0,0,18,1,2,6,0,1,4,52,52069
USER_002092,0.044507115394162425,0.006507115394162426,0,0,61,1,1,1,0,2,2,50,50029
USER_002093,0.04933310716065103,0.01133310716065103,0,0,70,2,1,7,1,1,4,25,25057
USER_002094,0.022917503233288464,-0.015082496766711535,1,0,23,1,2,4,1,2,2,25,25027
USER_002095,0.05558667681130403,0.017586676811304033,0,1,56,2,3,5,1,1,3,11,11019
USER_002096,0.0388635357019681,0.0008635357019681003,0,0,51,2,1,3,2,1,5,13,13066
USER_002097,0.05005720925861819,0.012057209258618189,0,0,35,2,2,5,1,1,3,66,66089
USER_002098,0.02392214150439767,-0.014077858495602329,1,1,42,2,1,2,6,1,3,25,25018
USER_002099,0.016693618509759037,-0.02130638149024096,1,1,32,2,1,3,1,1,5,13,13043
USER_002100,0.052268344870375426,0.014268344870375427,0,0,64,2,2,5,1,1,5,19,19067
USER_002101,0.04564614289146275,0.0076461428914627524,0,0,49,2,1,6,1,1,2,73,73030
USER_002102,0.026469226684637345,-0.011530773315362654,1,1,59,2,2,3,1,1,3,50,50056
USER_002103,0.026955053780879586,-0.011044946219120413,1,0,66,2,1,2,0,2,3,11,11071
USER_002104,0.05688152176622154,0.018881521766221543,0,0,67,2,2,2,1,1,2,11,11002
USER_002105,0.022158821606990085,-0.015841178393009914,1,1,35,2,2,1,3,1,4,63,63023
USER_002106,0.06464009429883945,0.02664009429883945,0,0,48,2,2,6,0,1,2,54,54097
USER_002107,0.026490688980281972,-0.011509311019718027,1,1,46,1,1,5,0,1,2,25,25034
USER_002108,0.04957587888412575,0.01157587888412575,0,0,32,2,1,5,1,2,5,25,25033
USER_002109,0.03507072286376523,-0.0029292771362347675,1,1,40,1,2,4,1,2,1,11,11055
USER_002110,0.049047811466235144,0.011047811466235145,0,0,55,2,3,5,2,1,3,11,11092
USER_002111,0.03183828996828711,-0.00616171003171289,1,1,58,2,1,5,1,2,4,8,8078
USER_002112,0.03755810640891559,-0.00044189359108440934,1,1,28,1,1,3,3,2,4,11,11055
USER_002113,0.040613787630935816,0.002613787630935817,0,0,32,1,2,2,0,2,3,11,11081
USER_002114,0.02496718816327791,-0.01303281183672209,1,0,40,1,1,10,0,1,2,25,25075
USER_002115,0.05111236518130188,0.013112365181301884,0,0,20,1,1,4,2,1,4,76,76044
USER_002116,0.03230179650292622,-0.005698203497073777,1,1,36,2,2,3,1,2,1,19,19096
USER_002117,0.03657100126989972,-0.0014289987301002796,1,1,18,2,1,2,2,1,5,5,5039
USER_002118,0.025084759380872318,-0.012915240619127681,1,1,41,2,2,2,1,1,2,73,73019
USER_002119,0.0015649951180703447,-0.036435004881929654,1,1,66,2,1,9,0,1,1,13,13003
USER_002120,0.03713458356099746,-0.0008654164390025365,1,1,28,2,1,4,1,1,2,8,8018
USER_002121,0.07618923132419374,0.03818923132419374,0,0,47,2,2,4,1,1,5,19,19077
USER_002122,0.05176906431847036,0.013769064318470359,0,0,67,2,1,3,1,1,3,54,54069
USER_002123,0.03971109430398408,0.0017110943039840842,0,1,28,2,1,7,1,1,3,11,11076
USER_002124,0.036056637561875986,-0.0019433624381240133,1,1,56,2,2,4,1,1,4,47,47049
USER_002125,0.040336988392180695,0.002336988392180696,0,0,18,2,1,7,1,1,3,11,11023
USER_002126,0.04820678672762815,0.010206786727628148,0,0,29,1,1,3,2,2,2,76,76083
USER_002127,0.02228780777036733,-0.01571219222963267,1,1,21,2,1,7,2,1,2,25,25082
USER_002128,0.05671482542003308,0.018714825420033082,0,0,42,2,1,2,2,1,2,5,5020
USER_002129,0.05073071973161866,0.012730719731618663,0,0,25,2,1,4,2,1,4,54,54014
USER_002130,0.050772785885619016,0.012772785885619017,0,0,32,2,2,6,1,1,4,47,47039
USER_002131,0.04657713608214591,0.008577136082145914,0,0,60,2,1,5,0,1,4,5,5030
USER_002132,0.04029424986540985,0.002294249865409853,0,0,47,2,2,3,0,1,5,8,8064
USER_002133,0.0500929185395023,0.012092918539502298,0,0,57,1,2,5,0,1,4,11,11062
USER_002134,0.04887721200612067,0.01087721200612067,0,0,49,2,2,3,1,1,3,11,11023
USER_002135,0.03468938933588465,-0.0033106106641153515,1,0,61,1,2,4,1,1,2,25,25016
USER_002136,0.031395973406546485,-0.0066040265934535144,1,1,52,1,1,7,1,1,4,13,13061
USER_002137,0.0415278444289298,0.0035278444289298036,0,0,38,2,3,2,1,1,3,8,8065
USER_002138,0.06323530227242781,0.02523530227242781,0,0,48,1,1,5,2,1,3,5,5077
USER_002139,0.021413393865191487,-0.016586606134808512,1,1,53,1,1,3,1,1,1,19,19031
USER_002140,0.0179871210137134,-0.0200128789862866,1,1,44,2,1,5,3,2,4,76,76069
USER_002141,0.042471412618547755,0.004471412618547756,0,0,61,2,2,4,1,1,4,11,11049
USER_002142,0.04076331552784027,0.002763315527840274,0,0,25,1,2,7,1,1,3,11,11043
USER_002143,0.042600124965556124,0.004600124965556125,0,0,40,2,2,3,2,1,5,54,54075
USER_002144,0.043659297968627504,0.005659297968627505,0,0,40,2,1,5,0,1,1,63,63079
USER_002145,0.036651966180477925,-0.0013480338195220737,1,1,59,1,1,2,0,2,1,8,8060
USER_002146,0.06234795157903123,0.024347951579031232,0,0,72,2,2,4,2,2,2,11,11046
USER_002147,0.015986440322852267,-0.022013559677147732,1,1,50,2,3,4,1,1,3,47,47015
USER_002148,0.02757254462829631,-0.010427455371703687,1,0,30,2,1,5,1,1,3,11,11049
USER_002149,0.03845117859776429,0.0004511785977642929,0,0,56,2,3,4,0,2,3,8,8095
USER_002150,0.015352167832687497,-0.022647832167312504,1,1,69,2,1,4,0,1,4,47,47053
USER_002151,0.037362183933518936,-0.0006378160664810631,1,1,52,2,2,4,1,2,1,52,52005
USER_002152,0.06492205248592027,0.02692205248592027,0,0,33,1,1,5,3,1,3,52,52007
USER_002153,0.040313297324439425,0.0023132973244394256,0,0,29,2,2,7,0,1,1,19,19021
USER_002154,0.04346051358578025,0.005460513585780251,0,0,48,2,3,2,0,2,2,73,73044
USER_002155,0.0210975285224113,-0.0169024714775887,1,1,22,2,1,8,3,1,4,13,13088
USER_002156,0.03075457887940784,-0.00724542112059216,1,1,67,2,1,5,1,1,3,11,11065
USER_002157,0.034372054295140946,-0.0036279457048590535,1,1,57,2,2,2,1,2,2,13,13062
USER_002158,0.03523427354865649,-0.0027657264513435073,1,1,61,1,1,4,0,2,2,54,54047
USER_002159,0.05922465692505653,0.021224656925056533,0,0,42,2,1,3,3,1,3,47,47029
USER_002160,0.04836536591087687,0.010365365910876868,0,0,38,2,1,3,1,1,3,11,11063
USER_002161,0.023328130645944523,-0.014671869354055476,1,0,20,2,2,4,1,1,1,25,25024
USER_002162,0.04369757167648007,0.005697571676480072,0,0,65,2,1,5,0,1,3,13,13048
USER_002163,0.047473326227451776,0.009473326227451777,0,0,27,2,1,1,1,1,3,76,76005
USER_002164,0.057102235577818995,0.019102235577818996,0,0,40,2,1,1,0,1,4,25,25087
USER_002165,0.0637081102985256,0.025708110298525606,0,0,34,1,1,3,3,1,2,11,11022
USER_002166,0.024773587122581972,-0.013226412877418027,1,1,59,2,2,4,2,1,2,19,19001
USER_002167,0.027837137331844928,-0.010162862668155071,1,1,52,1,1,2,3,1,2,11,11028
USER_002168,0.021136332116280757,-0.016863667883719242,1,1,42,1,2,3,0,1,3,13,13070
USER_002169,0.036489702113395285,-0.001510297886604714,1,1,19,2,1,3,1,1,3,11,11096
USER_002170,0.04699537561669501,0.008995375616695014,0,1,44,2,1,3,0,1,4,11,11077
USER_002171,0.05481001774883653,0.01681001774883653,0,0,63,2,2,2,4,1,2,68,68001
USER_002172,0.03886073464536216,0.0008607346453621614,0,0,26,2,1,2,1,2,4,11,11078
USER_002173,0.03520228715117734,-0.002797712848822659,1,1,66,2,2,4,1,1,4,50,50037
USER_002174,0.0422763698837311,0.004276369883731104,0,0,21,1,3,4,2,2,4,19,19038
USER_002175,0.027472856475549656,-0.010527143524450343,1,1,43,2,1,2,1,2,5,76,76009
USER_002176,0.0713430808254216,0.033343080825421596,0,0,49,2,1,7,0,1,4,5,5034
USER_002177,0.015885084593229123,-0.022114915406770876,1,1,46,2,2,4,1,1,5,13,13043
USER_002178,0.042771108683435866,0.0047711086834358665,0,0,39,2,2,4,1,1,3,25,25060
USER_002179,0.0703540932884446,0.032354093288444595,0,0,64,2,2,3,1,1,1,11,11084
USER_002180,0.04010199766839997,0.0021019976683999686,0,1,30,2,3,2,0,1,4,76,76053
USER_002181,0.037149414474977584,-0.0008505855250224154,1,1,40,2,1,3,0,1,3,68,68048
USER_002182,0.03463831865784359,-0.0033616813421564057,1,1,48,2,1,4,0,1,3,11,11033
USER_002183,0.037294124773563885,-0.0007058752264361146,1,1,68,1,1,4,4,1,4,11,11045
USER_002184,0.06059272712014795,0.022592727120147954,0,0,58,1,1,7,1,1,3,5,5085
USER_002185,0.0068220713300574,-0.0311779286699426,1,1,53,2,2,3,1,1,2,11,11026
USER_002186,0.06300150551944489,0.02500150551944489,0,0,70,2,1,5,1,2,4,66,66009
USER_002187,0.018640642713247824,-0.019359357286752175,1,1,57,2,1,1,0,1,2,68,68060
USER_002188,0.03600021506148378,-0.0019997849385162206,1,1,48,2,3,7,1,1,1,11,11006
USER_002189,0.03356133369552007,-0.004438666304479928,1,1,32,2,1,4,4,2,2,50,50093
USER_002190,0.048828299046560796,0.010828299046560796,0,0,31,2,1,8,2,2,2,19,19039
USER_002191,0.01602813472174379,-0.02197186527825621,1,1,52,2,1,5,1,1,5,5,5019
USER_002192,0.046932589991229144,0.008932589991229145,0,0,41,1,1,8,1,1,3,11,11044
USER_002193,0.07036464434930279,0.032364644349302786,0,0,47,2,1,6,3,2,3,11,11028
USER_002194,0.019552389931107843,-0.018447610068892156,1,1,47,2,3,6,3,1,5,76,76099
USER_002195,0.042845592514155935,0.004845592514155936,0,0,44,2,2,6,1,1,3,25,25003
USER_002196,0.030070267333050866,-0.007929732666949133,1,1,66,1,1,5,1,1,3,47,47014
USER_002197,0.046388308092895535,0.008388308092895536,0,0,57,1,1,6,5,1,1,50,50015
USER_002198,0.04028721666123628,0.0022872166612362826,0,0,31,2,2,3,1,1,3,25,25027
USER_002199,0.030377696364335356,-0.007622303635664643,1,1,62,2,1,7,1,1,3,66,66030
USER_002200,0.04731808427306611,0.009318084273066109,0,1,64,2,1,6,0,2,3,66,66085
USER_002201,0.06706522164680115,0.02906522164680115,0,0,28,2,3,6,3,2,2,5,5087
USER_002202,0.03713644312409052,-0.0008635568759094783,1,1,64,2,2,7,1,1,3,66,66009
USER_002203,0.05079636913222273,0.012796369132222728,0,0,61,1,1,2,1,2,1,8,8071
USER_002204,0.020600905631932547,-0.017399094368067452,1,1,43,2,1,6,1,1,3,68,68045
USER_002205,0.025653454347729872,-0.012346545652270127,1,1,73,2,2,4,1,1,3,5,5060
USER_002206,0.04708609416820566,0.00908609416820566,0,0,71,1,1,7,3,1,3,54,54062
USER_002207,0.062261740428039475,0.024261740428039476,0,0,38,1,1,3,3,1,4,76,76098
USER_002208,0.0453342002317849,0.007334200231784903,0,0,26,1,1,7,0,1,2,11,11065
USER_002209,0.03530412954215269,-0.0026958704578473117,1,1,71,2,1,4,1,2,4,66,66088
USER_002210,0.03998937108135031,0.001989371081350312,0,0,64,2,3,4,0,2,2,11,11017
USER_002211,0.021243883990454238,-0.01675611600954576,1,1,18,2,1,9,1,1,5,13,13049
USER_002212,0.0490677298953305,0.011067729895330503,0,0,61,2,2,2,1,1,4,50,50001
USER_002213,0.053234995934851134,0.015234995934851135,0,0,23,2,3,3,0,1,2,66,66068
USER_002214,0.033218645007503794,-0.004781354992496205,1,1,18,2,1,9,3,1,2,25,25030
USER_002215,0.03294936778360748,-0.005050632216392521,1,1,39,1,1,4,0,1,4,63,63099
USER_002216,0.043988173444780725,0.0059881734447807256,0,0,68,2,3,7,1,1,1,68,68098
USER_002217,0.03344920395939107,-0.004550796040608929,1,1,71,2,2,1,3,2,3,73,73042
USER_002218,0.03900801078061267,0.0010080107806126684,0,0,30,2,2,4,1,1,1,25,25010
USER_002219,0.07149582683749774,0.03349582683749774,0,1,55,1,2,5,1,2,3,11,11035
USER_002220,0.03629461448881005,-0.0017053855111899482,1,1,66,2,1,4,2,2,1,54,54022
USER_002221,0.03462489771968166,-0.003375102280318336,1,1,62,2,2,6,1,1,4,73,73019
USER_002222,0.03028687291547261,-0.007713127084527389,1,1,58,2,2,4,0,1,4,11,11031
USER_002223,0.05116287957249905,0.01316287957249905,0,0,57,1,1,6,2,1,2,25,25094
USER_002224,0.037281637401728455,-0.0007183625982715436,1,0,48,1,1,3,2,1,2,11,11002
USER_002225,0.03025940442517861,-0.007740595574821388,1,1,32,2,1,4,2,1,4,50,50061
USER_002226,0.05981956048409518,0.021819560484095182,0,0,67,2,1,2,1,1,1,50,50037
USER_002227,0.061294045067704556,0.023294045067704557,0,0,19,2,3,2,2,2,2,73,73053
USER_002228,0.030993646513919424,-0.007006353486080575,1,1,70,2,2,7,0,1,1,19,19033
USER_002229,0.012001900729590759,-0.02599809927040924,1,1,48,2,1,5,2,2,4,19,19078
USER_002230,0.05511270534755383,0.017112705347553832,0,0,43,2,2,3,1,2,4,76,76025
USER_002231,0.029730552613599942,-0.008269447386400057,1,1,19,1,1,6,1,1,4,63,63016
USER_002232,0.05185938398744153,0.013859383987441534,0,0,28,1,3,2,0,1,2,11,11026
USER_002233,0.010448442734322466,-0.027551557265677533,1,1,50,2,2,7,0,2,2,25,25060
USER_002234,0.05338896007448964,0.015388960074489644,0,0,35,1,2,3,1,1,1,11,11021
USER_002235,0.021832421060788282,-0.016167578939211717,1,1,38,1,1,5,1,1,4,25,25014
USER_002236,0.05096146178599787,0.012961461785997871,0,0,48,2,1,5,0,1,2,66,66076
USER_002237,0.04021409601754651,0.0022140960175465116,0,0,43,1,1,3,0,1,4,11,11041
USER_002238,0.025690908709050327,-0.012309091290949672,1,1,47,2,1,5,2,1,2,11,11056
USER_002239,0.033894455306098296,-0.004105544693901703,1,1,56,2,2,7,4,1,1,11,11092
USER_002240,0.05029477685435051,0.012294776854350514,0,1,38,1,1,5,0,1,4,11,11050
USER_002241,0.04158841679672851,0.0035884167967285135,0,0,66,1,1,5,4,1,5,11,11038
USER_002242,0.04876619470708726,0.010766194707087264,0,1,33,1,2,5,3,1,4,47,47084
USER_002243,0.06964660876773228,0.03164660876773228,0,0,24,1,1,3,2,1,2,8,8094
USER_002244,0.016536375824334232,-0.021463624175665767,1,1,39,2,1,2,2,1,4,50,50030
USER_002245,0.06425818862452935,0.026258188624529354,0,0,24,2,2,4,0,1,3,54,54084
USER_002246,0.04156533906284819,0.0035653390628481926,0,0,19,2,1,4,2,2,5,25,25092
USER_002247,0.02651823927515308,-0.01148176072484692,1,1,54,2,1,3,0,1,2,11,11056
USER_002248,0.020045295613915156,-0.017954704386084843,1,1,31,2,2,3,3,1,2,54,54008
USER_002249,0.0371631941383445,-0.0008368058616554999,1,1,25,2,2,3,3,1,5,76,76010
USER_002250,0.05382475167886689,0.01582475167886689,0,0,46,1,2,4,0,2,5,50,50026
USER_002251,0.03808676319433699,8.676319433698759e-05,0,0,61,1,2,4,2,1,3,19,19046
USER_002252,0.06266732395371022,0.02466732395371022,0,1,24,2,2,5,1,1,5,11,11004
USER_002253,0.018232364649226618,-0.01976763535077338,1,1,55,1,1,2,3,1,1,52,52004
USER_002254,0.039818665782309186,0.0018186657823091867,0,0,62,2,1,5,0,1,4,54,54097
USER_002255,0.021214098333803215,-0.016785901666196784,1,1,39,1,2,6,3,2,4,25,25062
USER_002256,0.04545447823937452,0.007454478239374521,0,0,61,1,2,2,3,1,4,11,11086
USER_002257,0.05330331085145951,0.015303310851459508,0,0,34,2,1,7,1,2,3,76,76088
USER_002258,0.0336885730947842,-0.004311426905215798,1,1,33,2,1,4,3,1,4,11,11047
USER_002259,0.0009367921505929889,-0.03706320784940701,1,1,50,2,2,6,4,1,5,76,76094
USER_002260,0.04298422220194742,0.0049842222019474205,0,0,56,1,1,4,1,1,5,5,5020
USER_002261,0.04655107827600264,0.008551078276002641,0,0,52,2,2,5,3,1,5,11,11045
USER_002262,0.04606442132442546,0.008064421324425461,0,0,55,2,1,5,1,1,4,47,47052
USER_002263,0.05853673287733231,0.020536732877332313,0,0,49,1,2,5,1,1,3,25,25063
USER_002264,0.023934194805264267,-0.014065805194735732,1,1,70,1,2,4,1,1,4,50,50038
USER_002265,0.05020324158175674,0.012203241581756744,0,0,20,2,2,4,0,1,2,54,54057
USER_002266,0.057887612687169625,0.019887612687169626,0,0,71,2,1,3,2,1,4,8,8066
USER_002267,0.01332118623990225,-0.02467881376009775,1,1,20,1,1,1,2,1,1,50,50017
USER_002268,0.04479477738878466,0.006794777388784659,0,0,25,2,2,3,0,2,5,54,54036
USER_002269,0.03243730253488493,-0.00556269746511507,1,1,63,2,1,2,1,1,4,66,66082
USER_002270,0.038777159903475314,0.0007771599034753149,0,0,48,2,1,7,1,2,3,52,52024
USER_002271,0.045215147253075044,0.007215147253075045,0,0,72,2,1,1,5,2,3,11,11004
USER_002272,0.032691571538296715,-0.005308428461703284,1,1,26,2,1,4,3,1,1,63,63059
USER_002273,0.029864378812575823,-0.008135621187424176,1,1,22,2,1,7,2,1,2,11,11028
USER_002274,0.04051228626232037,0.0025122862623203693,0,0,45,2,1,6,0,1,4,8,8027
USER_002275,0.023691310917057964,-0.014308689082942035,1,1,32,2,1,4,1,2,3,25,25078
USER_002276,0.02371262306672222,-0.014287376933277779,1,1,66,2,2,5,0,1,5,19,19009
USER_002277,0.05019059924434755,0.012190599244347552,0,0,44,1,2,6,0,1,3,50,50004
USER_002278,0.02276808947262016,-0.015231910527379839,1,1,59,1,1,7,0,1,4,47,47010
USER_002279,0.04999468751363818,0.011994687513638178,0,0,48,2,1,3,2,1,4,8,8015
USER_002280,0.046938869392809265,0.008938869392809266,0,0,57,1,1,3,0,1,2,50,50057
USER_002281,0.014112899068141052,-0.023887100931858946,1,1,35,2,2,7,1,1,2,11,11003
USER_002282,0.029836530214965174,-0.008163469785034825,1,0,55,2,1,4,0,2,2,54,54040
USER_002283,0.05791164104571059,0.01991164104571059,0,0,66,2,1,5,3,1,2,25,25098
USER_002284,0.025282517032904777,-0.012717482967095222,1,1,71,2,1,6,1,2,2,47,47071
USER_002285,0.03303393606535918,-0.004966063934640816,1,1,21,1,1,6,2,1,4,47,47088
USER_002286,0.046930913398778445,0.008930913398778446,0,0,38,2,1,3,1,1,1,13,13035
USER_002287,0.05175085763923893,0.013750857639238931,0,0,64,1,2,4,0,1,4,25,25076
USER_002288,0.03622691670933256,-0.0017730832906674363,1,1,59,2,1,3,0,1,2,25,25095
USER_002289,0.03103734707962538,-0.00696265292037462,1,1,40,1,3,8,1,1,3,54,54098
USER_002290,0.061335547925477615,0.023335547925477616,0,0,62,1,3,4,2,1,1,13,13093
USER_002291,0.06608349495696368,0.028083494956963682,0,0,39,2,1,3,2,2,4,25,25042
USER_002292,0.05468287076172693,0.016682870761726934,0,0,18,2,3,7,2,1,2,25,25081
USER_002293,0.04127977213847536,0.0032797721384753634,0,1,42,1,1,6,4,1,4,11,11072
USER_002294,0.027876014175386106,-0.010123985824613893,1,1,71,2,1,6,0,1,2,76,76036
USER_002295,0.027543333901651524,-0.010456666098348475,1,1,71,2,1,7,3,2,2,8,8075
USER_002296,0.047837711578986364,0.009837711578986365,0,0,58,2,1,5,0,1,5,11,11038
USER_002297,0.046275973313330256,0.008275973313330257,0,0,45,2,1,7,3,1,4,76,76030
USER_002298,0.06102397889419644,0.02302397889419644,0,0,54,2,1,4,3,1,1,50,50064
USER_002299,0.049756751388042086,0.011756751388042087,0,0,28,1,1,3,0,1,2,11,11027
USER_002300,0.017453795473602728,-0.02054620452639727,1,1,39,2,1,5,0,2,4,8,8006
USER_002301,0.05577921426584378,0.01777921426584378,0,0,71,1,1,6,1,1,2,11,11023
USER_002302,0.02502909059028381,-0.01297090940971619,1,1,72,1,1,1,2,1,4,11,11027
USER_002303,0.03424043092071473,-0.00375956907928527,1,1,42,2,2,5,0,1,5,47,47025
USER_002304,0.04375300309377542,0.005753003093775418,0,0,70,2,2,2,4,1,4,54,54081
USER_002305,0.06993501234675946,0.03193501234675946,0,0,38,2,2,6,1,1,3,73,73022
USER_002306,0.08664877834008042,0.04864877834008042,0,0,53,1,3,4,0,2,2,11,11022
USER_002307,0.04910084588704274,0.011100845887042743,0,0,37,1,1,2,1,1,4,8,8046
USER_002308,0.037252050719194185,-0.0007479492808058139,1,1,33,2,2,3,1,1,2,50,50063
USER_002309,0.048017584727208254,0.010017584727208255,0,0,45,2,1,4,5,1,2,11,11049
USER_002310,0.05331483138810754,0.01531483138810754,0,0,73,2,1,3,1,1,3,11,11059
USER_002311,0.035189985616642126,-0.002810014383357873,1,1,46,2,1,1,0,1,2,11,11051
USER_002312,0.06692817033868484,0.02892817033868484,0,0,67,2,1,3,0,1,2,11,11089
USER_002313,0.04345106138787103,0.005451061387871034,0,0,43,2,2,7,2,1,3,11,11027
USER_002314,0.04746614633637091,0.009466146336370912,0,0,57,2,2,4,1,2,2,68,68012
USER_002315,0.04998886378081692,0.01198886378081692,0,0,19,2,2,3,1,1,3,11,11070
USER_002316,0.04632379915921683,0.008323799159216834,0,0,66,2,1,5,2,1,5,19,19049
USER_002317,0.05258410750704419,0.01458410750704419,0,0,27,2,1,3,3,1,3,11,11080
USER_002318,0.03074120220179615,-0.007258797798203848,1,1,30,2,1,5,0,2,3,11,11061
USER_002319,0.03162547369080954,-0.006374526309190456,1,1,32,2,1,4,2,1,2,11,11047
USER_002320,0.023497686505424577,-0.014502313494575422,1,1,26,2,1,5,0,1,4,63,63085
USER_002321,0.04659251845930339,0.008592518459303394,0,0,44,1,3,6,0,2,3,66,66096
USER_002322,0.05168404755268171,0.01368404755268171,0,0,25,2,3,2,1,2,5,11,11090
USER_002323,0.046866592992278286,0.008866592992278287,0,0,23,2,2,2,1,1,2,13,13085
USER_002324,0.06511738650021306,0.027117386500213066,0,0,53,2,1,3,2,1,3,50,50006
USER_002325,0.0399160597175643,0.0019160597175643043,0,0,67,2,1,7,0,1,3,25,25034
USER_002326,0.05003112483388769,0.012031124833887692,0,0,41,1,1,8,0,1,4,25,25017
USER_002327,0.023624486857910288,-0.014375513142089711,1,1,20,2,1,6,1,2,4,66,66018
USER_002328,0.03419350446288399,-0.0038064955371160114,1,1,43,2,1,4,1,1,2,73,73081
USER_002329,0.05043306636348666,0.012433066363486664,0,0,53,2,1,3,1,2,4,11,11075
USER_002330,0.05273653166114716,0.014736531661147162,0,0,38,2,2,5,2,2,4,5,5041
USER_002331,0.035590495785037264,-0.002409504214962735,1,1,30,1,3,3,1,1,3,11,11001
USER_002332,0.038926011222129,0.0009260112221290001,0,0,69,1,1,2,0,1,3,11,11025
USER_002333,0.01723189379978786,-0.02076810620021214,1,1,28,2,3,5,1,1,3,50,50047
USER_002334,0.03464456198790086,-0.0033554380120991364,1,0,25,2,3,7,0,1,1,66,66052
USER_002335,0.053355747452796795,0.015355747452796796,0,0,74,2,1,4,3,1,3,11,11015
USER_002336,0.0486280752415985,0.010628075241598499,0,0,63,2,2,1,3,1,1,8,8035
USER_002337,0.047509985820718144,0.009509985820718145,0,0,63,2,1,4,0,1,4,11,11076
USER_002338,0.0407466053077144,0.0027466053077144018,0,0,65,2,1,5,0,1,5,25,25022
USER_002339,0.04010594737942265,0.00210594737942265,0,0,31,2,1,5,1,1,4,11,11048
USER_002340,0.030095182907898296,-0.007904817092101703,1,1,50,2,1,2,5,1,3,11,11087
USER_002341,0.05048242630303802,0.012482426303038023,0,0,19,2,2,6,1,1,4,25,25064
USER_002342,0.04631459416584085,0.00831459416584085,0,0,69,2,2,5,1,2,4,54,54045
USER_002343,0.04738028271989199,0.00938028271989199,0,0,18,1,1,6,3,1,3,25,25066
USER_002344,0.032109477359986295,-0.005890522640013704,1,1,28,2,1,3,0,1,4,13,13051
USER_002345,0.007699856201931336,-0.03030014379806866,1,1,23,1,1,4,2,2,5,68,68048
USER_002346,0.056457290676305436,0.018457290676305436,0,0,49,1,1,5,0,1,1,54,54045
USER_002347,0.03281743815987394,-0.005182561840126061,1,1,32,2,1,5,0,1,5,68,68063
USER_002348,0.027058363539353193,-0.010941636460646807,1,1,29,2,2,4,4,1,3,54,54069
USER_002349,0.050402183678709904,0.012402183678709905,0,0,54,2,1,4,0,1,2,11,11035
USER_002350,0.034119810401213056,-0.003880189598786943,1,0,46,2,1,6,2,1,1,25,25092
USER_002351,0.055899045760699324,0.017899045760699325,0,0,72,2,2,5,2,1,4,63,63001
USER_002352,0.04925508924365046,0.011255089243650464,0,0,61,2,2,5,2,2,4,68,68017
USER_002353,0.050253539848007164,0.012253539848007165,0,1,39,2,3,3,3,1,5,47,47022
USER_002354,0.019510664331991986,-0.018489335668008013,1,1,63,2,2,2,1,1,3,50,50002
USER_002355,0.058179159780796005,0.020179159780796006,0,0,31,2,1,8,1,1,1,68,68055
USER_002356,0.04391875796850784,0.00591875796850784,0,0,36,1,1,2,2,2,3,13,13065
USER_002357,0.03446084291130695,-0.003539157088693047,1,1,22,2,3,7,1,2,2,19,19029
USER_002358,0.042150827010133764,0.004150827010133765,0,0,52,2,1,5,0,1,4,73,73080
USER_002359,0.013356471506525202,-0.024643528493474797,1,1,42,2,3,3,2,2,4,68,68047
USER_002360,0.04612979217221006,0.008129792172210062,0,0,67,2,1,3,3,1,2,25,25088
USER_002361,0.024559427377268926,-0.013440572622731073,1,1,55,2,2,5,3,1,1,76,76057
USER_002362,0.019709945712346987,-0.018290054287653013,1,1,26,1,1,4,1,2,4,76,76051
USER_002363,0.017164612206731635,-0.020835387793268365,1,1,24,1,2,3,2,1,2,47,47034
USER_002364,0.05669032562484888,0.01869032562484888,0,0,70,1,1,6,1,2,3,11,11044
USER_002365,0.030561049094608172,-0.007438950905391827,1,0,35,2,1,5,0,2,5,11,11071
USER_002366,0.06300591564874748,0.025005915648747483,0,0,19,2,2,2,1,1,3,19,19018
USER_002367,0.03196297805421553,-0.006037021945784468,1,1,69,2,1,6,2,1,1,63,63075
USER_002368,0.0143896306361058,-0.0236103693638942,1,1,27,2,2,5,2,1,4,11,11023
USER_002369,0.023252133400770113,-0.014747866599229886,1,1,61,1,1,6,3,1,5,11,11044
USER_002370,0.05853717430010408,0.02053717430010408,0,0,19,1,3,2,1,2,5,52,52077
USER_002371,0.03766152733094999,-0.0003384726690500092,1,1,62,1,1,2,0,1,5,47,47078
USER_002372,0.031775690552640984,-0.006224309447359015,1,1,25,2,2,6,1,2,1,50,50018
USER_002373,0.042400273387791815,0.004400273387791816,0,0,72,2,3,4,2,1,5,8,8002
USER_002374,0.04752674104251318,0.009526741042513179,0,0,24,2,1,4,2,1,4,19,19045
USER_002375,0.05676098223853691,0.018760982238536908,0,0,52,1,3,9,4,1,2,66,66002
USER_002376,0.06172748844839389,0.02372748844839389,0,0,40,1,2,5,1,1,1,76,76068
USER_002377,0.034603470313163714,-0.0033965296868362846,1,1,25,2,1,6,2,1,5,8,8081
USER_002378,0.020109284708769423,-0.017890715291230576,1,1,38,1,1,5,0,1,2,54,54078
USER_002379,0.03379802258315086,-0.004201977416849141,1,1,50,2,2,4,0,1,3,11,11022
USER_002380,0.04390420759874329,0.005904207598743293,0,0,64,1,3,4,1,2,2,13,13080
USER_002381,0.02554361610684084,-0.01245638389315916,1,0,18,2,1,5,0,2,3,25,25063
USER_002382,0.025642736276574356,-0.012357263723425643,1,1,29,2,1,5,1,1,3,11,11073
USER_002383,0.04515681822324828,0.007156818223248283,0,0,28,1,1,2,0,1,2,8,8079
USER_002384,0.03927021472644324,0.0012702147264432376,0,0,65,2,1,4,0,1,2,11,11097
USER_002385,0.0404919549311738,0.0024919549311738023,0,1,47,2,1,6,2,1,2,8,8003
USER_002386,0.028622569979498958,-0.009377430020501041,1,1,21,1,1,3,0,1,5,5,5004
USER_002387,0.03654398928691349,-0.0014560107130865071,1,1,51,2,2,5,3,1,1,73,73035
USER_002388,0.026136502835975437,-0.011863497164024562,1,0,40,2,1,5,4,1,5,73,73097
USER_002389,0.053352976166871804,0.015352976166871805,0,0,49,1,2,2,0,1,3,8,8042
USER_002390,0.05552874002085629,0.01752874002085629,0,0,20,1,1,4,1,2,4,76,76010
USER_002391,0.012307182066428595,-0.025692817933571404,1,1,45,1,2,9,1,1,4,19,19060
USER_002392,0.02605733709711385,-0.011942662902886148,1,1,21,2,1,5,0,1,5,5,5011
USER_002393,0.017552061173648815,-0.020447938826351184,1,1,74,2,1,4,2,1,2,68,68079
USER_002394,0.030249640983896528,-0.007750359016103471,1,1,67,1,2,4,1,1,5,52,52036
USER_002395,0.038748430453144585,0.0007484304531445857,0,0,29,2,1,10,2,2,3,76,76018
USER_002396,0.01825532170452205,-0.01974467829547795,1,1,41,1,1,7,1,1,3,68,68018
USER_002397,0.026172102803120306,-0.011827897196879694,1,1,50,2,2,6,1,1,2,25,25028
USER_002398,0.024940639418777527,-0.013059360581222472,1,1,20,1,1,2,1,1,2,11,11009
USER_002399,0.04310900994098416,0.005109009940984163,0,0,21,2,3,3,1,1,2,19,19031
USER_002400,0.04104016505554376,0.0030401650555437615,0,0,47,2,2,1,0,2,3,5,5081
USER_002401,0.029173936699941203,-0.008826063300058796,1,0,23,1,1,1,1,1,5,25,25085
USER_002402,0.04265231308209097,0.004652313082090971,0,0,66,2,1,3,2,1,4,11,11050
USER_002403,0.03179979873119102,-0.0062002012688089775,1,1,47,1,2,4,4,2,3,66,66081
USER_002404,0.0359251733451092,-0.002074826654890796,1,1,25,1,1,2,1,1,3,5,5066
USER_002405,0.06510178135447806,0.027101781354478056,0,0,35,2,2,6,1,1,3,52,52011
USER_002406,0.060106915776855216,0.022106915776855217,0,0,33,1,1,3,0,1,3,63,63023
USER_002407,0.020506281446086037,-0.01749371855391396,1,1,70,2,2,6,1,2,4,68,68084
USER_002408,0.05244598626818762,0.014445986268187619,0,0,23,2,3,7,0,2,1,25,25083
USER_002409,0.05217094831737388,0.01417094831737388,0,0,41,2,1,8,3,1,2,11,11076
USER_002410,0.022776050668710728,-0.01522394933128927,1,1,68,2,3,6,1,1,1,25,25004
USER_002411,0.05228166465632291,0.014281664656322912,0,0,45,1,1,4,1,2,4,11,11083
USER_002412,0.06306897877618829,0.025068978776188293,0,0,49,2,1,4,2,1,3,25,25086
USER_002413,0.023161827906333792,-0.014838172093666207,1,1,42,1,1,5,0,1,1,68,68016
USER_002414,0.026237457684786046,-0.011762542315213953,1,1,45,2,1,8,0,1,4,73,73012
USER_002415,0.05526492200265254,0.01726492200265254,0,0,38,2,1,4,2,1,2,25,25099
USER_002416,0.04407242966238472,0.006072429662384721,0,0,25,2,1,7,0,1,2,25,25044
USER_002417,0.04827214412859285,0.010272144128592849,0,0,53,2,1,3,0,1,2,8,8043
USER_002418,0.04510883824600745,0.00710883824600745,0,0,26,2,1,6,0,1,3,11,11040
USER_002419,0.04586043881392216,0.007860438813922163,0,0,57,2,1,2,1,1,3,52,52083
USER_002420,0.020102918075333757,-0.01789708192466624,1,1,38,2,1,5,1,1,3,73,73046
USER_002421,0.055709765599321726,0.017709765599321727,0,0,68,2,3,6,2,1,4,13,13098
USER_002422,0.0575438498864166,0.019543849886416602,0,0,18,2,3,7,3,2,2,25,25041
USER_002423,0.036559138838979585,-0.001440861161020414,1,1,70,2,2,1,4,2,3,68,68050
USER_002424,0.039347845752792064,0.001347845752792065,0,0,70,2,1,1,1,1,5,11,11097
USER_002425,0.017033387461664162,-0.020966612538335837,1,1,21,2,1,6,2,1,2,73,73007
USER_002426,0.047713821340267526,0.009713821340267527,0,0,27,1,1,7,2,2,4,25,25096
USER_002427,0.04858086162571216,0.01058086162571216,0,0,43,2,1,5,0,1,4,11,11043
USER_002428,0.039067134745010335,0.0010671347450103355,0,0,57,2,3,5,1,1,1,63,63066
USER_002429,0.05686530039805754,0.01886530039805754,0,0,20,1,2,4,1,2,3,5,5018
USER_002430,0.034988841535300894,-0.0030111584646991055,1,1,61,2,1,9,2,1,1,5,5014
USER_002431,0.048469088888404004,0.010469088888404005,0,0,26,2,1,2,2,2,5,13,13004
USER_002432,0.024705034919618268,-0.013294965080381731,1,1,49,1,2,2,0,1,2,68,68018
USER_002433,0.03964671773688643,0.0016467177368864327,0,0,20,2,2,6,1,1,1,11,11083
USER_002434,0.03738468613145746,-0.0006153138685425358,1,1,21,2,1,5,2,1,1,11,11056
USER_002435,0.04337961883061412,0.005379618830614122,0,1,23,1,1,2,1,1,4,54,54034
USER_002436,0.034457096067499624,-0.0035429039325003756,1,1,26,2,1,5,2,1,5,11,11079
USER_002437,0.03802791106492499,2.7911064924987516e-05,0,0,43,1,1,3,1,1,3,54,54012
USER_002438,0.0523907075716226,0.014390707571622599,0,0,19,2,2,2,2,1,1,19,19084
USER_002439,0.033448536441426736,-0.004551463558573263,1,1,19,2,1,6,0,1,2,25,25091
USER_002440,0.015901343488919813,-0.022098656511080186,1,1,67,2,1,4,5,2,1,19,19087
USER_002441,0.0662437585630813,0.028243758563081305,0,0,38,1,1,4,1,2,2,52,52093
USER_002442,0.0607218111803573,0.0227218111803573,0,0,39,2,1,5,0,1,4,25,25026
USER_002443,0.02061605957341572,-0.01738394042658428,1,0,20,2,2,3,0,1,3,66,66066
USER_002444,0.050345617078677914,0.012345617078677915,0,0,52,1,1,5,2,1,2,25,25003
USER_002445,0.032455378441729854,-0.005544621558270145,1,0,67,2,1,4,2,1,3,66,66085
USER_002446,0.043952308229965896,0.005952308229965897,0,0,55,2,2,9,6,2,3,25,25037
USER_002447,0.04441336193520241,0.006413361935202408,0,0,50,2,1,3,0,1,2,25,25055
USER_002448,0.03648388299525517,-0.001516117004744827,1,0,74,2,1,3,1,1,2,11,11019
USER_002449,0.028243515016204052,-0.009756484983795947,1,1,32,2,1,5,0,2,4,47,47036
USER_002450,0.029641884215256112,-0.008358115784743887,1,1,28,2,1,7,0,1,4,47,47056
USER_002451,0.026257121267781364,-0.011742878732218635,1,1,27,1,1,5,0,1,2,8,8050
USER_002452,0.02752266687654333,-0.01047733312345667,1,1,53,2,1,5,0,1,1,8,8093
USER_002453,0.038992325649259675,0.000992325649259676,0,0,31,2,2,4,6,2,4,11,11066
USER_002454,0.029263600163338725,-0.008736399836661274,1,1,19,2,1,2,2,1,2,13,13014
USER_002455,0.0502307809856893,0.012230780985689298,0,0,62,1,2,5,2,1,4,68,68087
USER_002456,0.06230869233003891,0.024308692330038913,0,0,65,1,3,7,0,2,3,73,73050
USER_002457,0.03129920137944936,-0.0067007986205506395,1,0,61,2,1,4,4,2,2,11,11051
USER_002458,0.043591067508030656,0.005591067508030657,0,0,71,1,2,6,2,1,2,11,11065
USER_002459,0.04749527665454401,0.009495276654544013,0,0,54,2,2,4,0,1,2,5,5003
USER_002460,0.04708003406378912,0.00908003406378912,0,0,68,1,3,4,1,1,2,11,11051
USER_002461,0.04113932901874131,0.0031393290187413103,0,0,46,2,2,6,0,1,5,11,11016
USER_002462,0.05114023627539583,0.01314023627539583,0,0,52,2,1,5,3,2,2,73,73099
USER_002463,0.047233734290209856,0.009233734290209857,0,0,70,2,1,3,2,1,5,8,8033
USER_002464,0.021435063665090535,-0.016564936334909464,1,1,37,1,1,3,2,1,3,8,8082
USER_002465,0.0530373409658391,0.0150373409658391,0,0,38,2,3,3,1,1,5,11,11092
USER_002466,0.05330936255900113,0.01530936255900113,0,1,51,2,1,7,2,1,3,66,66044
USER_002467,0.028550708437321277,-0.009449291562678722,1,1,66,2,1,4,1,1,1,25,25089
USER_002468,0.040569067531714034,0.002569067531714035,0,0,70,1,2,4,2,1,3,47,47061
USER_002469,0.05024993489216604,0.01224993489216604,0,0,60,2,1,3,0,2,4,19,19090
USER_002470,0.036860292706309576,-0.001139707293690423,1,1,50,1,1,7,0,2,2,54,54050
USER_002471,0.05609467071649018,0.01809467071649018,0,0,36,2,3,7,1,1,3,47,47042
USER_002472,0.07545808741929041,0.037458087419290416,0,0,25,1,2,2,4,2,4,11,11088
USER_002473,0.028210209510475266,-0.009789790489524733,1,0,48,2,1,3,1,1,4,66,66094
USER_002474,0.019284330952693378,-0.01871566904730662,1,1,28,2,1,9,1,1,2,11,11034
USER_002475,0.04455727893407314,0.006557278934073138,0,0,25,1,1,1,1,1,1,76,76056
USER_002476,0.05082343757689215,0.012823437576892152,0,0,42,2,1,6,2,1,3,68,68096
USER_002477,0.036537004392328466,-0.0014629956076715328,1,1,66,1,1,2,1,2,4,25,25047
USER_002478,0.06179890994981552,0.023798909949815518,0,0,37,1,1,2,2,1,2,73,73019
USER_002479,0.01992091300415127,-0.018079086995848728,1,1,55,2,1,6,0,2,2,8,8066
USER_002480,0.05039377934547417,0.01239377934547417,0,0,24,2,1,2,0,1,3,11,11037
USER_002481,0.0309120876886166,-0.0070879123113834,1,1,70,1,1,5,1,1,2,66,66014
USER_002482,0.06579066859310945,0.027790668593109448,0,0,30,2,2,4,0,1,2,25,25009
USER_002483,0.06988773029752178,0.03188773029752178,0,0,56,2,2,4,0,1,4,54,54093
USER_002484,0.02850015118324978,-0.009499848816750218,1,1,60,2,1,7,2,1,2,19,19019
USER_002485,0.0317566429613713,-0.006243357038628702,1,1,27,1,1,4,1,1,1,13,13082
USER_002486,0.05289381830469703,0.014893818304697028,0,0,25,1,2,6,1,1,2,66,66043
USER_002487,0.03419304025315728,-0.0038069597468427183,1,1,59,1,2,4,3,1,3,63,63039
USER_002488,0.039318831731016426,0.0013188317310164274,0,0,71,2,1,4,0,2,5,11,11054
USER_002489,0.04038082630813615,0.002380826308136151,0,0,60,2,2,7,4,2,2,13,13050
USER_002490,0.011204902657035156,-0.02679509734296484,1,1,37,2,1,7,0,2,5,54,54044
USER_002491,0.03979243380858644,0.0017924338085864439,0,1,34,1,2,1,1,1,4,25,25046
USER_002492,0.02965408338903739,-0.008345916610962609,1,1,28,2,2,5,1,1,3,11,11093
USER_002493,0.03260315766400342,-0.005396842335996577,1,0,33,1,2,5,2,2,5,25,25084
USER_002494,0.06165448005203221,0.02365448005203221,0,0,54,1,3,2,1,1,3,11,11046
USER_002495,0.021152396585811157,-0.016847603414188842,1,1,59,2,1,4,1,1,2,11,11081
USER_002496,0.05219807780121966,0.014198077801219663,0,0,49,2,1,2,1,1,4,5,5038
USER_002497,0.03581555604502287,-0.0021844439549771263,1,1,43,2,1,6,0,1,3,52,52025
USER_002498,0.03580359747256248,-0.0021964025274375173,1,1,69,2,1,4,1,2,3,54,54043
USER_002499,0.05185557844077567,0.013855578440775673,0,0,54,1,2,3,2,1,3,11,11007
USER_002500,0.04510076941853336,0.007100769418533361,0,0,69,2,2,3,2,1,1,76,76032
USER_002501,0.048559194958292966,0.010559194958292967,0,0,26,2,2,7,1,1,1,76,76056
USER_002502,0.054522769907992916,0.016522769907992917,0,0,52,2,1,8,1,1,1,73,73078
USER_002503,0.03503037425225016,-0.002969625747749838,1,1,20,2,2,3,2,1,3,8,8036
USER_002504,0.030816448982383747,-0.007183551017616252,1,1,48,1,1,4,2,2,3,68,68011
USER_002505,0.02372274210163303,-0.01427725789836697,1,1,59,2,1,2,1,1,5,11,11033
USER_002506,0.027618842050315673,-0.010381157949684326,1,1,24,1,1,8,1,1,4,11,11050
USER_002507,0.08423641637963088,0.04623641637963088,0,0,19,2,1,5,2,1,4,25,25016
USER_002508,0.0586701937110518,0.020670193711051804,0,0,42,2,3,3,1,1,2,8,8067
USER_002509,0.01973388450687968,-0.01826611549312032,1,1,57,1,1,7,1,1,3,11,11091
USER_002510,0.02016313064884645,-0.01783686935115355,1,1,29,2,1,4,3,1,2,11,11042
USER_002511,0.04722799092577737,0.00922799092577737,0,0,47,1,2,9,1,1,3,25,25010
USER_002512,0.048208971960669506,0.010208971960669506,0,0,71,1,1,3,2,1,4,25,25007
USER_002513,0.048233257529760466,0.010233257529760467,0,0,47,2,1,1,0,1,4,50,50058
USER_002514,0.03617566309669453,-0.001824336903305468,1,1,46,1,1,8,1,1,4,19,19047
USER_002515,0.0381181860999565,0.0001181860999565007,0,0,58,2,1,3,3,2,2,11,11060
USER_002516,0.04491819286239036,0.006918192862390364,0,0,28,2,1,4,3,1,3,25,25020
USER_002517,0.04128839509439996,0.0032883950943999596,0,0,68,2,3,6,3,1,2,13,13005
USER_002518,0.006710494408786976,-0.031289505591213025,1,1,69,2,3,4,0,1,3,76,76084
USER_002519,0.03655300554137209,-0.0014469944586279065,1,1,40,2,1,4,1,1,2,73,73062
USER_002520,0.027228903486095298,-0.010771096513904701,1,1,34,2,1,4,0,1,3,25,25074
USER_002521,0.04262817128362768,0.004628171283627684,0,0,30,2,2,6,2,1,2,19,19069
USER_002522,0.08477888503905115,0.04677888503905115,0,0,50,2,2,4,2,1,2,19,19038
USER_002523,0.04551222498211457,0.007512224982114568,0,0,18,1,2,11,0,1,2,76,76004
USER_002524,0.03529705470741403,-0.0027029452925859676,1,1,57,2,2,8,1,1,3,11,11056
USER_002525,0.053827022529658784,0.015827022529658785,0,0,30,1,3,1,1,1,2,19,19017
USER_002526,0.04724031830813819,0.009240318308138193,0,0,55,1,2,2,1,1,2,25,25042
USER_002527,0.04630141735677762,0.00830141735677762,0,0,20,2,2,1,0,1,2,8,8093
USER_002528,0.049102758898235066,0.011102758898235067,0,0,33,2,1,7,4,1,1,13,13097
USER_002529,0.07084815347244312,0.032848153472443124,0,0,59,2,1,6,3,1,2,11,11060
USER_002530,0.023036673470111263,-0.014963326529888736,1,1,24,1,2,7,0,2,2,25,25026
USER_002531,0.04710448115217182,0.009104481152171821,0,0,71,2,1,5,1,1,3,11,11081
USER_002532,0.026104283050276924,-0.011895716949723075,1,1,70,2,1,3,1,1,3,19,19046
USER_002533,0.048332689695133726,0.010332689695133727,0,0,20,2,3,6,1,1,1,25,25030
USER_002534,0.026219702327708587,-0.011780297672291412,1,0,31,2,1,3,1,1,5,11,11005
USER_002535,0.03373949779592374,-0.004260502204076262,1,1,33,1,1,3,3,1,3,63,63073
USER_002536,0.035573651286431404,-0.002426348713568595,1,1,21,2,1,3,0,1,3,8,8016
USER_002537,0.054637250790170636,0.016637250790170637,0,0,48,2,1,3,1,1,2,11,11062
USER_002538,0.05377681665913621,0.01577681665913621,0,0,30,2,2,4,2,1,3,5,5040
USER_002539,0.021314239353304235,-0.016685760646695764,1,1,44,1,2,7,5,1,3,8,8022
USER_002540,0.04082401166499773,0.0028240116649977318,0,0,18,2,2,5,2,1,3,11,11013
USER_002541,0.029356302178762412,-0.008643697821237587,1,1,42,1,1,4,3,2,1,8,8002
USER_002542,0.021122426339869983,-0.016877573660130017,1,1,54,2,1,5,2,2,4,19,19062
USER_002543,0.03674474424363444,-0.0012552557563655573,1,1,67,1,1,4,1,1,1,11,11053
USER_002544,0.035372758173162704,-0.0026272418268372955,1,1,61,2,1,3,1,1,4,25,25013
USER_002545,0.07640074729518284,0.03840074729518284,0,0,28,2,2,3,2,2,2,50,50060
USER_002546,0.046494397380410446,0.008494397380410447,0,0,26,2,1,4,1,1,5,76,76085
USER_002547,0.019335737488686444,-0.018664262511313555,1,1,24,1,1,4,1,1,2,76,76049
USER_002548,0.03152838993743587,-0.00647161006256413,1,1,31,2,1,4,0,2,2,54,54039
USER_002549,0.055320749431440976,0.017320749431440977,0,0,47,1,1,10,2,1,3,52,52086
USER_002550,0.07132664159304887,0.03332664159304887,0,0,41,1,2,4,1,2,3,25,25042
USER_002551,0.016210250316430627,-0.021789749683569372,1,1,20,1,1,9,3,2,3,52,52089
USER_002552,0.011801134222914327,-0.026198865777085672,1,1,65,2,1,3,1,1,2,68,68053
USER_002553,0.06806447763057673,0.03006447763057673,0,0,56,1,1,5,3,2,3,73,73003
USER_002554,0.04584421266056356,0.007844212660563558,0,0,44,2,1,7,0,1,2,66,66088
USER_002555,0.026975609021854505,-0.011024390978145494,1,0,18,1,1,5,1,2,1,66,66018
USER_002556,0.04801943629183653,0.010019436291836534,0,0,55,2,2,5,2,1,2,11,11091
USER_002557,0.00046378391474683595,-0.03753621608525316,1,1,43,1,2,6,1,2,3,68,68037
USER_002558,0.040050632598957414,0.002050632598957415,0,0,23,2,1,3,1,1,3,63,63036
USER_002559,0.04491731759264628,0.0069173175926462785,0,0,59,1,1,1,0,2,5,11,11048
USER_002560,0.053864052093067445,0.015864052093067446,0,0,29,2,3,6,2,1,3,11,11090
USER_002561,0.024791560715611935,-0.013208439284388064,1,1,71,1,2,7,0,2,3,11,11031
USER_002562,0.04128530742105039,0.00328530742105039,0,0,68,2,1,2,2,1,5,8,8080
USER_002563,0.026118630609106193,-0.011881369390893806,1,1,55,1,1,5,0,2,4,13,13074
USER_002564,0.043830756335114754,0.005830756335114755,0,0,63,2,1,7,1,1,3,76,76001
USER_002565,0.02656980516455464,-0.01143019483544536,1,1,52,1,2,7,0,2,4,11,11057
USER_002566,0.03387848741259669,-0.004121512587403307,1,0,27,1,3,4,1,1,4,25,25073
USER_002567,0.025062769078146564,-0.012937230921853435,1,1,26,2,2,3,0,2,3,5,5059
USER_002568,0.04976704362735486,0.01176704362735486,0,0,40,1,1,7,0,1,3,68,68037
USER_002569,0.05287676674984998,0.01487676674984998,0,0,47,2,2,7,1,1,3,68,68014
USER_002570,0.03648069145063879,-0.0015193085493612063,1,1,69,1,3,5,1,2,2,5,5093
USER_002571,0.04057356992440043,0.002573569924400429,0,0,68,2,1,4,1,1,2,11,11002
USER_002572,0.01827112878049684,-0.01972887121950316,1,1,39,2,3,2,0,1,3,25,25003
USER_002573,0.03550485027989819,-0.0024951497201018066,1,1,64,1,2,2,3,1,3,13,13050
USER_002574,0.039246930744373826,0.0012469307443738267,0,0,26,2,1,4,1,1,1,50,50027
USER_002575,0.07931189636544962,0.04131189636544962,0,0,36,1,1,4,2,2,4,11,11006
USER_002576,0.023320494613387546,-0.014679505386612453,1,1,25,2,1,4,1,1,2,8,8037
USER_002577,0.061962658581286564,0.023962658581286565,0,0,71,2,2,5,1,1,4,66,66093
USER_002578,0.05495288160198712,0.016952881601987123,0,0,21,2,1,6,1,1,1,63,63013
USER_002579,0.04420954606735204,0.006209546067352044,0,0,22,1,1,4,1,2,3,13,13016
USER_002580,0.066379307262927,0.028379307262927,0,0,36,2,1,3,3,1,2,8,8053
USER_002581,0.04558158208910294,0.007581582089102944,0,0,63,2,3,3,2,1,3,11,11001
USER_002582,0.04583738793501893,0.007837387935018932,0,0,35,2,1,9,0,1,3,66,66088
USER_002583,0.039203190204736824,0.0012031902047368245,0,0,74,2,1,6,1,2,3,25,25043
USER_002584,0.05835353323627941,0.020353533236279413,0,0,46,1,1,11,1,2,3,11,11028
USER_002585,0.056447038507163254,0.018447038507163255,0,0,36,2,1,4,0,1,3,8,8075
USER_002586,0.030614840687556814,-0.007385159312443185,1,1,23,2,3,9,0,1,4,68,68023
USER_002587,0.02021129208101849,-0.01778870791898151,1,1,22,2,1,4,1,1,2,11,11094
USER_002588,0.03695529043906515,-0.001044709560934852,1,1,60,1,1,4,1,1,3,19,19047
USER_002589,0.027999421534035306,-0.010000578465964693,1,1,73,1,1,6,0,1,1,13,13079
USER_002590,0.03904713138076967,0.0010471313807696725,0,0,22,2,1,6,0,1,3,25,25023
USER_002591,0.05856157202026209,0.02056157202026209,0,0,25,2,1,8,1,1,3,13,13054
USER_002592,0.03314047517369815,-0.00485952482630185,1,1,44,1,1,5,1,1,4,68,68056
USER_002593,0.039357649280326375,0.0013576492803263757,0,0,54,2,1,4,1,2,2,11,11078
USER_002594,0.04087034102212593,0.0028703410221259315,0,0,60,2,2,6,1,2,2,54,54017
USER_002595,0.05272646323307927,0.014726463233079273,0,0,62,1,2,5,0,2,4,8,8058
USER_002596,0.006296659990230924,-0.03170334000976908,1,1,55,2,3,3,2,2,3,11,11063
USER_002597,0.030899495578520553,-0.007100504421479446,1,1,54,2,1,2,1,1,4,25,25015
USER_002598,0.04316925538419209,0.005169255384192092,0,0,35,1,1,4,0,1,2,8,8074
USER_002599,0.05800118434640292,0.02000118434640292,0,0,43,1,2,6,1,1,4,11,11064
USER_002600,0.03262146328740692,-0.005378536712593078,1,1,59,2,1,3,3,1,2,73,73096
USER_002601,0.01185170940937189,-0.026148290590628107,1,1,33,1,2,4,1,1,3,11,11023
USER_002602,0.049295671689492046,0.011295671689492047,0,0,39,2,1,3,2,1,2,11,11043
USER_002603,0.03046956416761556,-0.007530435832384438,1,1,63,1,1,9,0,1,3,11,11076
USER_002604,0.02215500011364458,-0.015844999886355418,1,0,40,1,2,4,0,2,4,13,13009
USER_002605,0.03063481915430164,-0.0073651808456983575,1,1,64,1,1,2,0,1,2,73,73044
USER_002606,0.03723211963516226,-0.0007678803648377419,1,0,20,1,2,7,0,1,5,8,8060
USER_002607,0.03092883003192681,-0.00707116996807319,1,1,20,1,3,5,0,2,2,8,8027
USER_002608,0.006916509143513965,-0.031083490856486033,1,1,29,1,1,4,1,1,3,8,8085
USER_002609,0.05345599295330698,0.015455992953306984,0,0,40,1,1,5,4,2,2,76,76062
USER_002610,0.05912312561918083,0.02112312561918083,0,0,64,2,2,7,2,1,2,63,63044
USER_002611,0.049772829870092586,0.011772829870092587,0,0,28,1,1,4,1,1,2,54,54046
USER_002612,0.02293471494362775,-0.015065285056372248,1,1,59,2,1,5,1,1,3,63,63089
USER_002613,0.03697762699078723,-0.0010223730092127695,1,0,69,1,1,4,1,1,5,8,8074
USER_002614,0.03990218027155813,0.0019021802715581335,0,0,64,1,2,3,0,2,3,11,11014
USER_002615,0.048981915843428654,0.010981915843428655,0,0,67,1,2,3,1,1,4,13,13013
USER_002616,0.050025107330771215,0.012025107330771216,0,0,74,2,3,6,2,1,3,19,19021
USER_002617,0.028987393018322566,-0.009012606981677433,1,1,63,2,2,3,1,1,4,8,8044
USER_002618,0.04122993334620341,0.0032299333462034105,0,0,46,1,3,7,1,1,2,11,11003
USER_002619,0.046859206069228616,0.008859206069228617,0,1,74,1,1,6,1,1,5,11,11079
USER_002620,0.061837334832201496,0.023837334832201497,0,0,23,2,1,4,0,1,5,66,66006
USER_002621,0.050567598097370846,0.012567598097370847,0,0,63,2,1,6,0,1,4,11,11004
USER_002622,0.05183585031063278,0.01383585031063278,0,0,33,1,2,4,1,1,2,47,47079
USER_002623,0.04125739941894042,0.003257399418940418,0,1,51,2,1,4,3,2,2,25,25072
USER_002624,0.06115688717805256,0.02315688717805256,0,0,68,2,2,5,1,1,3,25,25016
USER_002625,0.04614644193939246,0.008146441939392464,0,0,54,1,2,8,0,2,1,5,5064
USER_002626,0.027083681347396443,-0.010916318652603556,1,1,28,2,1,3,3,2,2,63,63097
USER_002627,0.06105054955187786,0.02305054955187786,0,0,28,2,1,5,2,1,3,11,11075
USER_002628,0.050468549088085415,0.012468549088085416,0,0,70,2,1,5,2,2,4,25,25016
USER_002629,0.03335433968307277,-0.00464566031692723,1,1,42,2,3,6,3,1,2,68,68019
USER_002630,0.03280760548901135,-0.00519239451098865,1,1,36,2,1,2,2,2,3,5,5083
USER_002631,0.044448633177111424,0.006448633177111425,0,0,49,1,3,2,0,1,2,13,13048
USER_002632,0.04694777192901377,0.008947771929013769,0,0,67,1,3,3,1,2,3,68,68003
USER_002633,0.0429593839844681,0.004959383984468102,0,0,25,2,1,4,2,1,1,63,63013
USER_002634,0.04466963010164328,0.00666963010164328,0,0,72,1,2,5,1,1,4,25,25041
USER_002635,0.06549936061864571,0.02749936061864571,0,0,29,2,1,4,1,2,5,8,8007
USER_002636,0.056073147283523285,0.018073147283523286,0,0,58,1,1,2,1,1,2,11,11058
USER_002637,0.04285953386897537,0.00485953386897537,0,0,52,1,1,4,1,1,4,19,19005
USER_002638,0.05411965871151225,0.016119658711512254,0,0,23,2,3,4,1,2,2,11,11007
USER_002639,0.024512141447086907,-0.013487858552913092,1,1,38,2,1,6,0,2,5,5,5042
USER_002640,0.045968905749202135,0.007968905749202136,0,0,70,2,1,6,0,1,5,76,76049
USER_002641,0.06713959524599665,0.02913959524599665,0,0,43,2,2,4,0,1,1,25,25079
USER_002642,0.036729311569114395,-0.001270688430885604,1,1,73,2,1,7,3,1,2,13,13028
USER_002643,0.02728549107071373,-0.01071450892928627,1,1,18,2,1,4,3,1,3,50,50015
USER_002644,0.03021866667110409,-0.007781333328895908,1,1,34,1,3,2,0,1,3,47,47065
USER_002645,0.023655504439864177,-0.014344495560135822,1,1,52,2,1,5,0,1,3,8,8019
USER_002646,0.02822857137808445,-0.009771428621915549,1,1,44,2,1,4,3,1,1,11,11095
USER_002647,0.034442378521149564,-0.0035576214788504354,1,1,67,2,1,5,1,1,4,11,11097
USER_002648,0.018916494712320372,-0.019083505287679627,1,1,67,1,2,4,1,1,4,25,25045
USER_002649,0.04023427500924405,0.002234275009244051,0,0,19,2,1,6,1,2,4,76,76077
USER_002650,0.05353415760679971,0.015534157606799708,0,0,53,1,1,4,0,1,4,50,50077
USER_002651,0.026383657297796195,-0.011616342702203804,1,1,18,1,2,6,2,1,1,73,73009
USER_002652,0.06278925885462654,0.024789258854626538,0,0,27,1,1,4,0,1,4,76,76072
USER_002653,0.04766188132791392,0.009661881327913922,0,0,48,1,2,8,0,2,1,8,8093
USER_002654,0.055458708784360856,0.017458708784360857,0,0,74,2,2,3,3,2,2,25,25070
USER_002655,0.030132481692217945,-0.007867518307782054,1,1,54,2,1,5,2,1,2,11,11085
USER_002656,0.05281787840599923,0.014817878405999234,0,0,22,2,1,1,4,1,4,11,11010
USER_002657,0.023620991494070306,-0.014379008505929693,1,1,58,2,1,2,0,1,2,11,11086
USER_002658,0.053353712512547634,0.015353712512547635,0,0,63,2,2,2,2,2,3,11,11037
USER_002659,0.04257759009690297,0.004577590096902971,0,0,70,2,1,6,1,1,2,25,25063
USER_002660,0.04829876829977176,0.010298768299771763,0,0,30,2,2,5,0,1,4,76,76051
USER_002661,0.022366080915627227,-0.015633919084372772,1,1,62,2,1,7,0,1,4,25,25008
USER_002662,0.02657395236585093,-0.011426047634149068,1,1,41,2,1,8,3,2,4,52,52006
USER_002663,0.048958423273800775,0.010958423273800776,0,1,44,2,1,4,0,1,2,25,25092
USER_002664,0.02577477993663699,-0.012225220063363008,1,1,18,2,1,4,3,2,4,68,68085
USER_002665,0.046948094381486845,0.008948094381486846,0,0,66,1,1,4,0,2,5,11,11055
USER_002666,0.019492932903096314,-0.018507067096903685,1,1,37,1,1,3,2,1,4,8,8090
USER_002667,0.052722613190000024,0.014722613190000025,0,0,25,2,2,4,2,1,2,19,19063
USER_002668,0.021512150278472364,-0.016487849721527635,1,0,20,1,1,2,1,2,3,25,25020
USER_002669,0.04828449906519285,0.010284499065192854,0,0,66,1,3,6,3,1,3,11,11032
USER_002670,0.049384464004690015,0.011384464004690016,0,0,49,1,1,4,0,2,2,50,50096
USER_002671,0.029548422723556376,-0.008451577276443623,1,1,61,2,1,3,0,1,2,11,11059
USER_002672,0.0487303985062709,0.010730398506270902,0,0,74,2,3,2,1,1,4,8,8003
USER_002673,0.04390663395000334,0.005906633950003341,0,0,74,2,1,4,2,1,2,73,73097
USER_002674,0.03191737215710893,-0.00608262784289107,1,1,42,2,1,6,0,1,5,5,5037
USER_002675,0.02487167973885688,-0.01312832026114312,1,1,42,2,1,3,2,1,5,5,5081
USER_002676,0.010560614624911317,-0.027439385375088683,1,1,67,1,1,5,1,1,4,76,76076
USER_002677,0.04524475070949541,0.007244750709495408,0,1,31,2,2,3,0,1,2,11,11048
USER_002678,0.016527958429569174,-0.021472041570430825,1,1,60,1,1,5,2,1,3,25,25080
USER_002679,0.041430162991619626,0.003430162991619627,0,0,44,2,1,6,1,1,3,11,11047
USER_002680,0.03604827675876626,-0.0019517232412337368,1,1,65,1,2,6,0,1,4,19,19016
USER_002681,0.05018714163157293,0.012187141631572931,0,0,49,2,1,7,0,1,2,8,8045
USER_002682,0.03546931750765204,-0.0025306824923479604,1,1,44,2,2,3,0,1,2,5,5011
USER_002683,0.03505828320479363,-0.00294171679520637,1,1,21,2,1,3,1,1,3,76,76072
USER_002684,0.05097806056432443,0.012978060564324434,0,0,67,2,1,2,0,2,3,11,11018
USER_002685,0.045025870436261765,0.007025870436261766,0,0,56,2,3,6,2,1,3,13,13058
USER_002686,0.044742339357741676,0.0067423393577416765,0,0,28,2,1,3,1,1,1,47,47054
USER_002687,0.04703901384712789,0.009039013847127894,0,0,65,2,2,5,3,1,3,25,25063
USER_002688,0.016966418151893415,-0.021033581848106584,1,1,65,2,2,6,0,1,2,11,11011
USER_002689,0.05135183019980473,0.01335183019980473,0,0,20,2,1,5,1,1,3,5,5088
USER_002690,0.049187031910204036,0.011187031910204037,0,1,42,2,1,6,2,1,3,25,25092
USER_002691,0.02474975307135254,-0.013250246928647458,1,1,72,1,1,2,1,2,3,73,73031
USER_002692,0.03633879289488698,-0.0016612071051130203,1,0,41,1,2,8,1,1,3,54,54097
USER_002693,0.039410390685585536,0.0014103906855855372,0,1,26,1,3,6,0,1,3,54,54034
USER_002694,0.03798254823397401,-1.745176602598736e-05,1,1,25,2,1,4,5,1,4,73,73096
USER_002695,0.04500789949852802,0.007007899498528022,0,1,56,2,1,7,0,1,4,11,11046
USER_002696,0.06147050172746775,0.02347050172746775,0,0,48,1,1,3,2,1,4,76,76057
USER_002697,0.05622650091509243,0.018226500915092432,0,1,74,2,1,8,0,2,4,76,76043
USER_002698,0.020316712098528908,-0.01768328790147109,1,1,34,2,2,6,2,2,3,25,25051
USER_002699,0.04933104985459073,0.011331049854590734,0,0,60,2,2,7,1,1,3,63,63084
USER_002700,0.05993399979303114,0.021933999793031143,0,0,48,2,1,8,1,1,3,5,5028
USER_002701,0.04580212781033804,0.007802127810338039,0,0,21,1,1,3,2,1,3,76,76032
USER_002702,0.0563647063777895,0.018364706377789503,0,0,21,2,1,7,1,1,3,19,19037
USER_002703,0.07018405668551148,0.032184056685511477,0,1,54,1,1,6,1,1,3,76,76021
USER_002704,0.05535564319160472,0.017355643191604722,0,0,25,2,2,4,3,1,4,19,19039
USER_002705,0.043739628934625935,0.005739628934625936,0,0,59,1,1,3,1,2,4,50,50096
USER_002706,0.0556763271112713,0.017676327111271303,0,0,66,1,1,5,2,2,3,8,8079
USER_002707,0.042173317496453366,0.004173317496453367,0,0,23,2,1,3,0,1,2,11,11026
USER_002708,0.04035854564927433,0.0023585456492743323,0,0,26,2,1,4,1,1,3,19,19007
USER_002709,0.03472878646429401,-0.0032712135357059885,1,0,59,2,1,5,1,1,3,13,13024
USER_002710,0.06345120038248163,0.02545120038248163,0,0,25,2,2,8,3,1,4,8,8044
USER_002711,0.02772357001086998,-0.010276429989130018,1,1,49,2,3,5,0,1,4,5,5099
USER_002712,0.06298551587017175,0.024985515870171747,0,0,32,1,1,6,1,1,4,63,63063
USER_002713,0.04749796185610557,0.009497961856105568,0,0,35,2,1,2,3,2,2,11,11092
USER_002714,0.019010407377970884,-0.018989592622029115,1,1,40,2,2,8,1,1,3,68,68034
USER_002715,0.04551473939487132,0.007514739394871323,0,0,22,2,3,5,1,1,4,13,13095
USER_002716,0.008499602385225642,-0.029500397614774358,1,1,67,2,2,5,1,2,3,19,19096
USER_002717,0.04938262025246554,0.011382620252465538,0,0,44,2,1,4,1,1,4,11,11056
USER_002718,0.05327847224483487,0.015278472244834869,0,0,50,2,1,3,0,1,4,11,11030
USER_002719,0.031114660665219198,-0.006885339334780801,1,1,19,1,1,1,1,1,1,11,11020
USER_002720,0.041853215439333735,0.003853215439333736,0,0,59,2,1,5,0,1,3,66,66082
USER_002721,0.06931236150625429,0.03131236150625429,0,0,55,2,1,6,1,1,3,52,52082
USER_002722,0.03241379943607095,-0.005586200563929049,1,1,45,1,3,3,0,1,5,73,73054
USER_002723,0.024116386194150994,-0.013883613805849005,1,1,41,1,2,7,0,1,4,25,25023
USER_002724,0.06222495103693898,0.02422495103693898,0,0,68,2,1,5,1,1,5,66,66025
USER_002725,0.06943880785796192,0.031438807857961916,0,0,38,1,1,8,1,1,4,11,11019
USER_002726,0.04005543507771771,0.0020554350777177086,0,0,48,2,1,4,2,1,3,8,8027
USER_002727,0.055171945531125345,0.017171945531125346,0,0,28,1,2,6,0,2,5,11,11061
USER_002728,0.060122138732963216,0.022122138732963217,0,0,67,2,1,5,0,1,3,68,68013
USER_002729,0.028862736511924243,-0.009137263488075757,1,1,45,2,1,6,1,1,3,76,76091
USER_002730,0.03272041246948198,-0.005279587530518021,1,1,65,1,1,3,1,2,5,54,54085
USER_002731,0.05846311769732102,0.020463117697321023,0,0,57,2,2,6,0,1,3,13,13089
USER_002732,0.06527521418062764,0.027275214180627637,0,0,21,2,1,5,0,2,2,66,66087
USER_002733,0.04844321290261532,0.010443212902615323,0,0,60,1,1,3,1,1,3,50,50086
USER_002734,0.026802784697469186,-0.011197215302530813,1,1,59,1,2,7,5,1,3,8,8040
USER_002735,0.06980591667549162,0.03180591667549162,0,0,33,2,2,3,1,1,4,73,73022
USER_002736,0.03203543653282053,-0.005964563467179468,1,1,29,1,1,9,1,2,3,11,11007
USER_002737,0.034972933282428224,-0.0030270667175717747,1,1,39,2,3,7,2,1,3,19,19049
USER_002738,0.04513506751734432,0.007135067517344322,0,0,52,2,1,4,2,1,5,76,76016
USER_002739,0.06331240631072162,0.025312406310721618,0,0,60,2,1,8,0,1,4,11,11053
USER_002740,0.052809639648283356,0.014809639648283357,0,0,73,1,3,4,1,1,3,11,11072
USER_002741,0.04622298250542866,0.008222982505428661,0,0,33,2,2,4,1,1,3,54,54015
USER_002742,0.0469493279517716,0.008949327951771599,0,0,41,1,1,6,0,1,3,11,11022
USER_002743,0.04065272002965199,0.0026527200296519934,0,0,52,2,3,3,2,2,5,25,25085
USER_002744,0.04837209271777759,0.010372092717777594,0,0,45,2,1,4,0,2,3,68,68095
USER_002745,0.002056598834585457,-0.03594340116541454,1,1,74,1,2,3,1,1,2,11,11056
USER_002746,0.03555088811395302,-0.0024491118860469757,1,1,59,1,1,4,2,1,2,25,25035
USER_002747,0.043619829023751715,0.005619829023751716,0,0,46,1,1,4,1,1,1,8,8025
USER_002748,0.022734788745707394,-0.015265211254292605,1,1,38,2,1,7,3,1,2,25,25091
USER_002749,0.0457948497671734,0.007794849767173401,0,0,65,2,2,3,0,1,4,68,68010
USER_002750,0.03693293168520818,-0.001067068314791822,1,1,42,2,2,6,1,1,2,52,52094
USER_002751,0.06633213547473235,0.028332135474732352,0,1,56,2,3,6,0,2,1,11,11022
USER_002752,0.06359529587822285,0.025595295878222853,0,0,48,2,1,4,0,1,4,52,52044
USER_002753,0.03301291646322756,-0.004987083536772442,1,0,32,2,1,5,0,1,1,19,19092
USER_002754,0.03773743432649957,-0.00026256567350042836,1,1,64,1,1,3,2,1,1,11,11043
USER_002755,0.03889078651587411,0.0008907865158741118,0,0,59,1,1,3,0,1,2,11,11036
USER_002756,0.033225107857605664,-0.004774892142394335,1,1,52,1,1,5,2,1,1,11,11063
USER_002757,0.0429253747604219,0.004925374760421902,0,0,55,2,2,4,0,1,3,5,5052
USER_002758,0.028625768966686147,-0.009374231033313852,1,1,67,1,2,6,0,1,4,68,68089
USER_002759,0.023040769975937108,-0.014959230024062891,1,1,39,2,1,4,1,1,2,11,11037
USER_002760,0.04934066835850403,0.01134066835850403,0,1,22,2,2,6,3,1,3,68,68032
USER_002761,0.04944294376332716,0.011442943763327162,0,0,65,1,2,2,2,1,3,73,73030
USER_002762,0.027935263605100114,-0.010064736394899885,1,1,30,2,1,8,0,1,4,54,54062
USER_002763,0.053430331461438996,0.015430331461438997,0,0,49,1,2,3,2,1,3,47,47050
USER_002764,0.03052633406252003,-0.0074736659374799695,1,1,20,2,1,3,2,1,3,68,68053
USER_002765,0.04379747857056972,0.005797478570569718,0,0,32,2,3,9,1,1,3,8,8042
USER_002766,0.05230516018918684,0.014305160189186844,0,0,72,2,1,7,1,1,2,47,47030
USER_002767,0.03949581152944431,0.0014958115294443075,0,0,44,1,1,2,1,1,3,73,73098
USER_002768,0.04682111368211702,0.008821113682117021,0,0,69,1,1,3,1,1,3,68,68009
USER_002769,0.032253555341686425,-0.005746444658313574,1,1,44,2,2,3,1,2,4,63,63002
USER_002770,0.03705300124857854,-0.0009469987514214573,1,1,47,1,1,4,3,1,2,11,11081
USER_002771,0.03691210853679489,-0.0010878914632051068,1,1,23,2,1,3,0,1,4,52,52082
USER_002772,0.028801324801896417,-0.009198675198103582,1,1,42,1,2,4,1,2,1,68,68006
USER_002773,0.03734838755326327,-0.0006516124467367268,1,1,45,2,1,9,0,1,1,11,11075
USER_002774,0.0167707255170438,-0.0212292744829562,1,1,39,2,1,5,3,2,4,50,50080
USER_002775,0.03263269379286843,-0.005367306207131571,1,1,21,2,1,4,3,2,1,13,13064
USER_002776,0.03572686759945494,-0.0022731324005450596,1,1,32,1,1,4,2,2,4,73,73084
USER_002777,0.0361573037125693,-0.001842696287430702,1,1,43,2,3,3,0,2,5,11,11085
USER_002778,0.036377538311938316,-0.0016224616880616827,1,1,35,1,2,4,0,2,4,11,11090
USER_002779,0.03907353700209807,0.0010735370020980711,0,0,26,2,2,4,1,2,3,52,52008
USER_002780,0.04719162277129096,0.009191622771290958,0,0,69,1,1,3,0,1,3,5,5039
USER_002781,0.05311775611198784,0.015117756111987839,0,0,21,2,1,2,1,2,3,11,11055
USER_002782,0.030253521597275995,-0.0077464784027240045,1,1,65,1,1,7,2,1,3,11,11057
USER_002783,0.021951987169162836,-0.016048012830837163,1,1,67,1,1,6,1,1,3,54,54009
USER_002784,0.024369333816353457,-0.013630666183646542,1,1,22,2,2,3,1,1,2,25,25012
USER_002785,0.03269195618207609,-0.0053080438179239076,1,1,62,2,1,3,4,1,2,8,8050
USER_002786,0.03472118023275236,-0.0032788197672476357,1,1,23,1,1,5,1,1,2,19,19005
USER_002787,0.02845005900703814,-0.009549940992961858,1,1,71,2,2,5,2,2,1,76,76093
USER_002788,0.020558250036251585,-0.017441749963748414,1,1,68,2,1,4,1,1,3,68,68004
USER_002789,0.033158187587887175,-0.004841812412112824,1,1,29,1,3,3,1,1,1,66,66012
USER_002790,0.042721399301709574,0.004721399301709575,0,1,48,2,1,6,2,1,2,47,47039
USER_002791,0.04892544198753347,0.010925441987533473,0,0,64,2,3,5,1,1,3,8,8019
USER_002792,0.03163865420337518,-0.006361345796624819,1,1,26,1,2,3,0,1,4,68,68082
USER_002793,0.03380503266784849,-0.0041949673321515085,1,1,24,2,1,3,0,1,3,11,11059
USER_002794,0.02609952536729034,-0.01190047463270966,1,0,46,2,1,1,0,1,2,11,11057
USER_002795,0.03952841244437835,0.0015284124443783534,0,0,31,1,2,3,2,1,1,11,11062
USER_002796,0.027273570487137782,-0.010726429512862217,1,1,68,2,1,5,2,1,3,68,68099
USER_002797,0.048596917198618,0.010596917198618001,0,0,37,2,1,8,3,1,5,50,50059
USER_002798,0.013212002620988334,-0.024787997379011665,1,1,65,2,3,5,1,1,2,8,8047
USER_002799,0.03460555491321307,-0.0033944450867869277,1,1,72,2,1,6,2,1,4,68,68078
USER_002800,0.04451661008787613,0.006516610087876129,0,0,49,1,1,7,1,1,4,11,11098
USER_002801,0.04275751774483757,0.004757517744837569,0,0,73,2,1,4,1,1,3,47,47067
USER_002802,0.08039550495970745,0.042395504959707446,0,0,39,2,1,8,0,1,3,76,76047
USER_002803,0.045247000368518614,0.007247000368518615,0,0,53,2,2,6,5,1,4,66,66023
USER_002804,0.024939181047369856,-0.013060818952630143,1,1,61,1,1,4,2,2,4,52,52013
USER_002805,0.038568036293663906,0.0005680362936639066,0,0,35,2,3,7,0,2,4,63,63097
USER_002806,0.013356304998003221,-0.024643695001996778,1,1,57,2,2,3,1,1,4,25,25009
USER_002807,0.03879100376054859,0.0007910037605485878,0,0,66,2,3,3,1,1,3,13,13046
USER_002808,0.027504159144988622,-0.010495840855011377,1,0,42,2,1,3,1,2,1,5,5039
USER_002809,0.05373085413340243,0.01573085413340243,0,0,48,2,1,2,3,1,3,5,5054
USER_002810,0.03175689588106698,-0.0062431041189330225,1,1,73,1,1,4,1,2,2,73,73083
USER_002811,0.0382485112630713,0.0002485112630713007,0,0,52,2,1,4,1,1,3,8,8061
USER_002812,0.03046663237893395,-0.007533367621066048,1,1,43,2,2,3,1,1,3,47,47083
USER_002813,0.06608277027779996,0.028082770277799964,0,0,21,2,2,5,1,2,3,25,25083
USER_002814,0.03518135850823133,-0.002818641491768671,1,1,59,2,1,4,3,1,5,47,47041
USER_002815,0.06748835565218803,0.029488355652188027,0,0,65,2,1,6,2,2,3,25,25074
USER_002816,0.052212276431774,0.014212276431774001,0,0,37,2,1,4,3,1,1,73,73009
USER_002817,0.047231000910030796,0.009231000910030797,0,0,51,2,1,5,2,1,4,11,11047
USER_002818,0.045530997209762794,0.007530997209762795,0,0,29,2,2,6,3,1,4,11,11058
USER_002819,0.045906959473243775,0.007906959473243776,0,0,33,1,1,3,0,1,4,11,11090
USER_002820,0.011084911309815853,-0.026915088690184146,1,1,59,2,3,6,0,2,3,11,11026
USER_002821,0.03581674908773865,-0.0021832509122613475,1,1,22,2,2,6,0,2,5,54,54063
USER_002822,0.05267736956776482,0.014677369567764824,0,0,61,1,2,6,1,1,4,11,11038
USER_002823,0.03926654224788842,0.0012665422478884206,0,0,52,2,1,4,0,1,2,8,8002
USER_002824,0.018922152297946377,-0.019077847702053622,1,1,61,2,3,4,1,2,4,8,8004
USER_002825,0.039213933241337956,0.001213933241337957,0,0,44,1,2,3,2,1,3,63,63062
USER_002826,0.06556158274383236,0.027561582743832365,0,1,18,1,1,2,1,2,3,8,8054
USER_002827,0.05870337573302079,0.020703375733020793,0,0,51,2,1,5,2,1,1,11,11032
USER_002828,0.039069939859509524,0.001069939859509525,0,0,60,1,2,4,0,2,4,11,11006
USER_002829,0.0542717391558713,0.016271739155871302,0,0,49,1,1,7,2,1,2,66,66056
USER_002830,0.03450239469447922,-0.003497605305520776,1,1,61,2,1,5,0,2,3,8,8047
USER_002831,0.014441926197599219,-0.02355807380240078,1,0,56,1,1,8,0,1,4,11,11074
USER_002832,0.026133010178056686,-0.011866989821943313,1,1,50,2,1,6,3,1,3,11,11022
USER_002833,0.06344333152762296,0.025443331527622966,0,0,48,1,1,12,1,1,2,19,19087
USER_002834,0.03589010377256044,-0.0021098962274395602,1,1,30,2,2,5,0,1,3,13,13023
USER_002835,0.03634924030937473,-0.001650759690625267,1,1,62,1,1,4,1,1,5,66,66007
USER_002836,0.03550242705587679,-0.0024975729441232067,1,1,19,1,2,5,1,1,3,11,11017
USER_002837,0.0685620488435951,0.030562048843595098,0,0,47,2,1,7,1,1,3,8,8058
USER_002838,0.06438938373043095,0.026389383730430947,0,0,27,1,1,5,1,2,1,11,11059
USER_002839,0.07328170350172201,0.035281703501722016,0,0,40,2,1,7,3,2,3,11,11016
USER_002840,0.03761432184399923,-0.00038567815600076827,1,0,50,2,2,2,3,1,5,25,25032
USER_002841,0.044434367331206426,0.006434367331206427,0,0,56,2,1,6,1,1,3,13,13039
USER_002842,0.017250361758688135,-0.020749638241311864,1,1,62,2,2,6,1,1,1,11,11094
USER_002843,0.06215401639177412,0.02415401639177412,0,0,73,2,1,3,4,1,4,8,8058
USER_002844,0.022483306730980975,-0.015516693269019024,1,1,46,2,2,4,0,1,4,25,25045
USER_002845,0.04325163345643944,0.00525163345643944,0,0,47,1,2,5,0,1,4,73,73092
USER_002846,0.02354046208550734,-0.01445953791449266,1,1,51,1,1,2,5,1,2,11,11030
USER_002847,0.03116699759891956,-0.0068330024010804374,1,1,69,2,2,2,1,2,2,8,8069
USER_002848,0.027441063534254496,-0.010558936465745503,1,1,56,2,1,4,1,1,3,73,73028
USER_002849,0.030881871089862734,-0.0071181289101372655,1,1,34,1,2,5,3,2,4,47,47098
USER_002850,0.03191315945276532,-0.006086840547234677,1,1,39,2,2,5,0,2,4,11,11033
USER_002851,0.031775968076123845,-0.006224031923876154,1,0,22,2,1,2,2,2,4,8,8035
USER_002852,0.05250000867670461,0.01450000867670461,0,0,28,2,2,8,1,2,3,63,63019
USER_002853,0.0234270581040622,-0.014572941895937799,1,1,39,2,1,2,2,1,3,54,54063
USER_002854,0.043308121405208004,0.005308121405208005,0,0,49,1,1,7,1,2,3,68,68060
USER_002855,0.05826938728458338,0.020269387284583378,0,0,41,2,1,7,0,2,4,25,25032
USER_002856,0.03230205453229906,-0.005697945467700936,1,1,28,2,1,11,3,1,3,11,11024
USER_002857,0.029231216638785973,-0.008768783361214026,1,1,28,2,1,5,4,1,2,11,11095
USER_002858,0.03654213062229624,-0.0014578693777037577,1,1,34,2,1,4,0,1,4,11,11013
USER_002859,0.05769587812541065,0.019695878125410654,0,0,49,1,1,5,0,1,3,25,25019
USER_002860,0.04291161446430037,0.004911614464300371,0,0,36,2,2,4,1,2,4,68,68097
USER_002861,0.03203178558088603,-0.005968214419113972,1,1,44,1,2,4,0,1,4,73,73089
USER_002862,0.0472581497678206,0.009258149767820599,0,0,49,2,2,4,2,2,5,25,25002
USER_002863,0.023465617752453653,-0.014534382247546346,1,1,42,2,1,6,0,2,2,5,5017
USER_002864,0.05022039265664422,0.012220392656644222,0,0,45,2,1,4,0,2,2,8,8032
USER_002865,0.04612910961552651,0.008129109615526514,0,0,57,2,3,5,0,1,5,76,76086
USER_002866,0.03538287293291674,-0.0026171270670832594,1,1,69,2,1,5,1,1,4,11,11038
USER_002867,0.027421213023291535,-0.010578786976708464,1,1,44,1,1,3,0,2,3,66,66046
USER_002868,0.02669978616574814,-0.011300213834251858,1,1,31,1,1,5,0,2,4,73,73094
USER_002869,0.048022260045188656,0.010022260045188656,0,0,59,1,1,5,0,1,4,73,73073
USER_002870,0.05843470753733593,0.02043470753733593,0,0,74,2,3,2,2,1,3,8,8099
USER_002871,0.030440383794568076,-0.007559616205431923,1,1,56,2,2,7,2,1,4,11,11051
USER_002872,0.046875800553272264,0.008875800553272264,0,0,19,2,1,4,1,2,3,19,19046
USER_002873,0.00869459472096897,-0.029305405279031027,1,1,34,2,3,6,1,1,5,11,11045
USER_002874,0.031230734040142007,-0.006769265959857992,1,0,18,2,1,5,3,2,3,11,11047
USER_002875,0.03953411600693647,0.0015341160069364743,0,0,62,1,2,2,3,1,2,25,25026
USER_002876,0.026354748745272497,-0.011645251254727502,1,1,49,2,1,4,1,1,3,73,73051
USER_002877,0.025952404378156064,-0.012047595621843935,1,1,36,1,1,3,2,1,3,25,25040
USER_002878,0.029983306652966713,-0.008016693347033286,1,1,31,2,1,6,1,2,3,19,19043
USER_002879,0.0443828909248956,0.0063828909248956,0,0,48,2,2,5,2,1,5,50,50023
USER_002880,0.03719006472390438,-0.0008099352760956163,1,1,35,2,1,4,2,1,5,11,11038
USER_002881,0.00642653150012542,-0.03157346849987458,1,1,69,2,2,4,0,1,3,25,25013
USER_002882,0.00818949771047401,-0.02981050228952599,1,1,31,2,1,4,0,2,1,54,54017
USER_002883,0.030897022332142372,-0.007102977667857627,1,1,64,2,1,3,1,1,3,47,47009
USER_002884,0.04686529879080328,0.008865298790803278,0,0,31,2,3,5,2,1,3,63,63045
USER_002885,0.0,-0.038,1,1,41,1,1,3,0,1,5,68,68074
USER_002886,0.032504047357725545,-0.005495952642274454,1,1,22,2,1,5,0,1,2,19,19086
USER_002887,0.03210628215223869,-0.005893717847761312,1,1,33,2,3,2,1,1,1,54,54051
USER_002888,0.06082506667312672,0.02282506667312672,0,0,22,2,1,5,2,1,4,13,13031
USER_002889,0.034224672824307044,-0.003775327175692955,1,1,71,2,1,4,1,1,2,68,68012
USER_002890,0.04574483477111393,0.007744834771113929,0,0,30,2,1,5,1,1,4,19,19019
USER_002891,0.04211885710131195,0.0041188571013119485,0,0,33,2,1,5,5,1,4,52,52014
USER_002892,0.008041502802891993,-0.029958497197108004,1,1,32,1,1,3,0,2,3,5,5064
USER_002893,0.05152310824947606,0.013523108249476064,0,0,48,1,3,6,1,1,3,13,13051
USER_002894,0.04323094758184432,0.005230947581844322,0,0,22,2,1,4,0,1,1,25,25038
USER_002895,0.04762402959511884,0.009624029595118842,0,0,38,1,1,4,1,1,5,50,50034
USER_002896,0.0988935655965449,0.0608935655965449,0,0,47,1,1,1,0,1,2,11,11043
USER_002897,0.008738305907521175,-0.029261694092478824,1,1,40,2,1,6,4,1,3,50,50075
USER_002898,0.06587044974641662,0.02787044974641662,0,0,55,2,1,2,2,1,3,63,63012
USER_002899,0.03568828720899467,-0.002311712791005331,1,1,46,2,2,2,1,1,3,11,11086
USER_002900,0.04430993356604514,0.006309933566045138,0,0,30,1,1,4,1,1,4,11,11099
USER_002901,0.03931731632048137,0.0013173163204813695,0,0,49,2,1,2,1,1,1,73,73063
USER_002902,0.03363645499902935,-0.004363545000970651,1,0,65,2,2,6,1,1,4,11,11061
USER_002903,0.031452506076418627,-0.0065474939235813726,1,1,59,2,1,3,0,2,2,11,11084
USER_002904,0.04494263103359514,0.006942631033595138,0,0,44,1,1,2,1,2,4,54,54036
USER_002905,0.017242394549924815,-0.020757605450075184,1,1,51,2,1,5,1,1,4,11,11094
USER_002906,0.05125868751282649,0.013258687512826488,0,0,62,2,1,4,0,1,4,25,25052
USER_002907,0.03375708392672119,-0.004242916073278806,1,1,66,2,1,4,0,2,3,63,63060
USER_002908,0.023048959914394634,-0.014951040085605365,1,1,50,2,1,2,2,1,4,8,8066
USER_002909,0.03324980713006279,-0.004750192869937206,1,1,21,2,1,5,2,1,4,11,11045
USER_002910,0.05885723825293859,0.020857238252938594,0,0,35,2,1,4,0,1,1,25,25047
USER_002911,0.031969973694756654,-0.006030026305243345,1,1,23,2,1,3,3,2,3,11,11073
USER_002912,0.045376804273144306,0.0073768042731443065,0,0,45,1,1,2,1,2,2,66,66038
USER_002913,0.0290356558642679,-0.008964344135732098,1,1,61,2,2,1,0,1,3,52,52097
USER_002914,0.0513688277488543,0.013368827748854298,0,0,74,1,2,3,1,1,3,25,25097
USER_002915,0.05028261608185306,0.012282616081853062,0,0,44,2,1,2,1,2,5,11,11040
USER_002916,0.06772913249944618,0.029729132499446177,0,0,43,2,1,2,1,1,4,52,52061
USER_002917,0.03736654081751177,-0.0006334591824882288,1,1,73,1,2,7,1,1,3,11,11031
USER_002918,0.0500298220713686,0.012029822071368601,0,0,37,2,1,3,2,1,3,73,73025
USER_002919,0.041471013093084166,0.0034710130930841673,0,0,30,2,2,4,1,1,2,8,8015
USER_002920,0.05943807672794522,0.02143807672794522,0,0,45,1,1,4,0,1,3,13,13009
USER_002921,0.029217514185869046,-0.008782485814130953,1,1,51,2,1,4,4,1,4,11,11030
USER_002922,0.051175079693159216,0.013175079693159217,0,1,66,1,2,8,0,1,5,52,52070
USER_002923,0.037079540558249774,-0.0009204594417502251,1,1,40,2,2,3,1,1,2,52,52010
USER_002924,0.03903717734337254,0.001037177343372539,0,0,27,1,1,4,3,1,5,63,63091
USER_002925,0.04137628726672559,0.0033762872667255917,0,0,68,2,3,5,1,1,3,66,66022
USER_002926,0.04378360594640016,0.005783605946400164,0,0,47,2,1,4,1,1,4,11,11048
USER_002927,0.03825656435317063,0.0002565643531706324,0,0,39,2,2,3,2,2,4,50,50096
USER_002928,0.04322069774755789,0.005220697747557894,0,1,22,1,1,3,0,2,2,11,11045
USER_002929,0.06367177086343277,0.025671770863432773,0,0,70,2,1,6,3,1,4,25,25004
USER_002930,0.05478174528422828,0.01678174528422828,0,0,61,2,2,6,1,2,2,25,25010
USER_002931,0.05303731888745345,0.015037318887453452,0,0,67,2,1,3,2,1,2,66,66054
USER_002932,0.033166907109641944,-0.004833092890358055,1,1,26,2,1,5,6,1,4,11,11019
USER_002933,0.026661387576575133,-0.011338612423424866,1,0,60,1,1,5,2,1,4,5,5031
USER_002934,0.054329508373566295,0.016329508373566295,0,0,21,2,1,2,0,1,4,11,11029
USER_002935,0.053140701887946916,0.015140701887946917,0,0,59,2,1,4,1,1,2,68,68090
USER_002936,0.06209006013626473,0.024090060136264732,0,1,18,1,1,2,1,1,2,19,19012
USER_002937,0.03094029061046156,-0.0070597093895384405,1,1,51,2,1,2,1,2,4,66,66095
USER_002938,0.03655677016959479,-0.0014432298304052071,1,1,58,2,2,3,0,2,2,11,11008
USER_002939,0.01540773756211849,-0.02259226243788151,1,1,72,1,1,6,1,1,2,11,11078
USER_002940,0.03411293340908691,-0.003887066590913091,1,1,43,1,1,1,0,1,2,11,11021
USER_002941,0.05494855765869171,0.01694855765869171,0,0,35,2,2,4,2,1,3,54,54076
USER_002942,0.03300256931157703,-0.0049974306884229686,1,0,33,2,1,5,2,1,2,25,25053
USER_002943,0.049607196928012354,0.011607196928012355,0,0,40,2,1,5,2,1,4,54,54049
USER_002944,0.03714245341003283,-0.0008575465899671661,1,1,63,2,1,3,1,1,1,11,11046
USER_002945,0.04486085542332341,0.00686085542332341,0,0,53,2,2,4,0,1,1,19,19033
USER_002946,0.022784629152764992,-0.015215370847235007,1,0,43,2,1,6,0,1,4,25,25076
USER_002947,0.041278141744508515,0.0032781417445085156,0,0,19,2,3,2,0,1,2,25,25064
USER_002948,0.0,-0.038,1,1,61,2,2,3,1,1,4,11,11080
USER_002949,0.03719655762757023,-0.000803442372429769,1,0,69,1,1,7,0,2,1,52,52064
USER_002950,0.0155429013442729,-0.0224570986557271,1,1,22,1,2,5,0,2,2,25,25085
USER_002951,0.05808991774820224,0.020089917748202242,0,0,46,2,1,4,2,2,3,50,50045
USER_002952,0.051661110291467666,0.013661110291467667,0,0,21,2,1,6,2,2,3,8,8051
USER_002953,0.04700006472949122,0.00900006472949122,0,1,64,1,1,10,1,1,3,8,8023
USER_002954,0.06281509340739069,0.024815093407390694,0,0,52,1,1,4,2,1,5,13,13079
USER_002955,0.02576625218762744,-0.012233747812372558,1,1,39,2,2,3,0,1,3,47,47080
USER_002956,0.06621044796873338,0.028210447968733378,0,0,66,2,2,2,1,2,2,11,11017
USER_002957,0.05398287346390577,0.01598287346390577,0,0,25,1,1,6,1,1,2,8,8030
USER_002958,0.03645167069171581,-0.001548329308284191,1,1,61,2,1,3,1,1,4,54,54054
USER_002959,0.057034302207744164,0.019034302207744165,0,0,38,1,3,8,0,1,2,66,66084
USER_002960,0.023405597313825487,-0.014594402686174512,1,1,25,1,1,5,0,1,3,50,50065
USER_002961,0.0276322875770849,-0.0103677124229151,1,1,69,2,1,5,2,1,3,11,11013
USER_002962,0.030871154151404494,-0.007128845848595505,1,1,69,1,1,5,1,1,1,25,25010
USER_002963,0.03206533437903977,-0.005934665620960226,1,1,22,2,2,1,1,1,5,11,11037
USER_002964,0.02415163535859621,-0.01384836464140379,1,0,38,2,1,7,2,1,3,66,66065
USER_002965,0.058346246006429875,0.020346246006429876,0,1,44,2,1,6,1,1,2,76,76014
USER_002966,0.036117183994452524,-0.0018828160055474746,1,1,55,2,1,2,2,2,4,11,11014
USER_002967,0.045287574525353196,0.0072875745253531965,0,0,22,1,2,5,2,1,3,63,63060
USER_002968,0.031444729503794795,-0.006555270496205204,1,1,38,1,1,4,1,2,2,5,5010
USER_002969,0.012690950491772244,-0.025309049508227755,1,1,25,2,2,4,2,2,3,19,19038
USER_002970,0.04405086037587133,0.006050860375871332,0,0,39,2,1,3,0,1,4,63,63071
USER_002971,0.011316175368703349,-0.02668382463129665,1,0,35,2,2,2,3,1,2,54,54091
USER_002972,0.03897048930871797,0.0009704893087179728,0,0,21,1,2,7,1,2,3,73,73063
USER_002973,0.019475274417507845,-0.018524725582492154,1,0,21,2,2,7,3,1,4,73,73002
USER_002974,0.06980913998846212,0.031809139988462125,0,0,54,1,2,6,0,1,3,25,25068
USER_002975,0.053670440832620826,0.015670440832620827,0,0,32,1,1,2,2,1,5,66,66017
USER_002976,0.041586306869072207,0.0035863068690722075,0,0,55,2,2,10,3,1,2,76,76084
USER_002977,0.05895560016482003,0.02095560016482003,0,0,44,2,1,4,0,1,3,25,25071
USER_002978,0.027305260338013965,-0.010694739661986034,1,1,38,2,1,8,0,1,4,50,50054
USER_002979,0.048152190680051395,0.010152190680051396,0,0,65,1,1,3,2,1,2,8,8059
USER_002980,0.042997156505780704,0.004997156505780705,0,1,63,2,2,3,1,1,2,76,76051
USER_002981,0.04396030122000505,0.00596030122000505,0,0,63,2,1,4,0,1,4,73,73070
USER_002982,0.05908530250160152,0.021085302501601517,0,0,65,2,1,4,2,1,3,25,25063
USER_002983,0.05098738154169703,0.012987381541697034,0,0,71,2,3,2,2,1,2,25,25072
USER_002984,0.04433085494237535,0.006330854942375348,0,0,73,2,1,3,3,1,3,25,25010
USER_002985,0.01517668845657556,-0.02282331154342444,1,1,21,1,1,5,0,1,2,54,54089
USER_002986,0.025599305570808046,-0.012400694429191953,1,1,28,1,2,5,0,1,3,54,54004
USER_002987,0.03815936599606414,0.00015936599606414248,0,0,36,1,3,8,1,1,4,50,50080
USER_002988,0.04140058561414977,0.0034005856141497703,0,0,74,2,1,5,2,1,3,11,11062
USER_002989,0.023046944129891143,-0.014953055870108856,1,1,36,2,2,4,0,1,3,25,25008
USER_002990,0.07617515013367632,0.03817515013367632,0,0,44,2,1,3,0,1,2,25,25050
USER_002991,0.0627459108288036,0.024745910828803598,0,0,57,1,1,5,0,1,4,25,25088
USER_002992,0.04903177480588725,0.011031774805887254,0,0,59,2,3,4,0,1,4,8,8056
USER_002993,0.04108055291925618,0.0030805529192561784,0,0,45,1,2,5,2,2,2,68,68082
USER_002994,0.036816865451482716,-0.0011831345485172826,1,1,22,1,2,6,0,1,5,11,11062
USER_002995,0.025721223099666467,-0.012278776900333532,1,1,65,2,2,6,1,2,3,50,50068
USER_002996,0.04116220777778294,0.0031622077777829424,0,0,42,1,2,5,2,1,4,50,50023
USER_002997,0.043866288102141264,0.005866288102141265,0,0,20,2,1,5,1,1,3,8,8087
USER_002998,0.021373591367775637,-0.016626408632224362,1,1,43,2,1,8,2,2,4,68,68069
USER_002999,0.04501264625867346,0.007012646258673462,0,0,27,1,2,6,3,1,5,11,11055
USER_003000,0.03767111426762877,-0.00032888573237122715,1,1,41,1,2,5,0,2,5,8,8012
USER_003001,0.011382886631839137,-0.02661711336816086,1,1,46,2,1,3,0,1,2,73,73001
USER_003002,0.027094224838307472,-0.010905775161692527,1,1,62,1,1,4,2,1,4,11,11006
USER_003003,0.03379591699867534,-0.00420408300132466,1,1,24,2,2,5,3,1,2,54,54024
USER_003004,0.06831531486010285,0.030315314860102853,0,0,61,2,3,7,0,1,5,76,76061
USER_003005,0.048348296868006374,0.010348296868006375,0,0,40,1,2,4,0,1,4,11,11079
USER_003006,0.01996777646350164,-0.01803222353649836,1,1,63,2,1,5,3,1,4,54,54013
USER_003007,0.047290544341264555,0.009290544341264556,0,0,44,2,1,7,1,1,5,11,11012
USER_003008,0.016790440165924517,-0.02120955983407548,1,1,59,2,2,2,0,2,4,66,66060
USER_003009,0.0562403658083061,0.018240365808306104,0,0,26,2,1,3,3,1,2,68,68092
USER_003010,0.032933130222731824,-0.005066869777268175,1,1,61,1,3,5,3,1,4,25,25078
USER_003011,0.03859545716891244,0.0005954571689124402,0,0,73,1,1,4,3,2,3,25,25038
USER_003012,0.05988694971313286,0.02188694971313286,0,0,20,2,2,1,1,1,4,25,25081
USER_003013,0.02069254647123625,-0.01730745352876375,1,1,30,2,3,2,2,2,2,66,66075
USER_003014,0.019043227223305134,-0.018956772776694865,1,1,23,1,2,8,1,1,3,8,8028
USER_003015,0.03124601010480993,-0.00675398989519007,1,0,55,2,2,3,2,2,2,13,13043
USER_003016,0.05557568276528975,0.01757568276528975,0,0,38,2,3,7,0,1,4,11,11089
USER_003017,0.017209808867847363,-0.020790191132152636,1,1,36,2,2,5,2,1,4,63,63076
USER_003018,0.0,-0.038,1,1,42,2,3,6,1,1,2,47,47084
USER_003019,0.03323261712386502,-0.004767382876134978,1,1,56,1,2,3,1,1,5,25,25092
USER_003020,0.04827611199866381,0.010276111998663809,0,1,21,1,2,4,2,1,3,19,19057
USER_003021,0.058003926246082436,0.020003926246082437,0,0,39,2,2,1,2,1,4,68,68080
USER_003022,0.033052579568719015,-0.004947420431280984,1,1,22,1,1,4,1,1,2,11,11008
USER_003023,0.033828600893259966,-0.004171399106740033,1,1,18,2,2,6,0,1,2,13,13073
USER_003024,0.05730851101383621,0.01930851101383621,0,0,67,1,3,3,3,1,5,47,47092
USER_003025,0.011953874504568694,-0.026046125495431303,1,1,34,1,2,6,2,2,5,11,11067
USER_003026,0.034172188372254865,-0.003827811627745134,1,1,26,1,1,3,0,2,2,19,19045
USER_003027,0.04285635834887587,0.004856358348875871,0,0,26,2,1,8,1,2,3,52,52041
USER_003028,0.046738280819275516,0.008738280819275517,0,0,70,2,1,6,2,1,4,19,19035
USER_003029,0.03235289960213676,-0.0056471003978632375,1,1,41,2,1,2,1,1,2,8,8044
USER_003030,0.04051661517558762,0.0025166151755876207,0,0,27,2,1,5,0,1,3,47,47080
USER_003031,0.00267508969880516,-0.03532491030119484,1,1,37,2,3,5,2,1,3,11,11005
USER_003032,0.030126273814992277,-0.007873726185007722,1,1,34,1,3,1,2,1,1,11,11069
USER_003033,0.04680263068831701,0.008802630688317013,0,0,30,2,1,2,1,1,3,8,8099
USER_003034,0.02526558948617981,-0.01273441051382019,1,1,46,2,2,5,2,1,3,25,25026
USER_003035,0.04088476332384396,0.002884763323843964,0,1,53,1,2,6,0,1,4,19,19073
USER_003036,0.04670308751204046,0.008703087512040464,0,0,40,1,1,7,3,1,2,63,63064
USER_003037,0.034861761987133526,-0.0031382380128664733,1,0,44,2,3,3,1,1,4,66,66046
USER_003038,0.04255695656494857,0.004556956564948568,0,1,35,2,1,1,2,1,1,68,68094
USER_003039,0.02555901152073082,-0.01244098847926918,1,1,35,2,2,7,2,1,2,8,8036
USER_003040,0.036900830804559304,-0.0010991691954406954,1,1,71,2,2,2,2,1,3,11,11027
USER_003041,0.049153242543838335,0.011153242543838336,0,0,26,1,2,7,3,2,2,50,50065
USER_003042,0.04235459441452651,0.004354594414526514,0,0,20,2,2,4,2,1,2,73,73062
USER_003043,0.031202030956540967,-0.0067979690434590324,1,1,24,1,1,5,2,1,2,25,25059
USER_003044,0.0433632460643619,0.0053632460643619,0,0,32,1,2,1,1,2,4,25,25048
USER_003045,0.05071914685954927,0.012719146859549273,0,0,47,2,1,5,2,1,3,13,13090
USER_003046,0.009250880821337832,-0.028749119178662165,1,1,26,1,3,6,0,1,4,11,11074
USER_003047,0.05738611097433847,0.01938611097433847,0,0,58,2,2,4,1,1,3,11,11004
USER_003048,0.03495617891978392,-0.003043821080216079,1,1,44,1,1,4,1,1,3,11,11061
USER_003049,0.046382348998603454,0.008382348998603455,0,0,53,1,2,2,1,1,5,13,13048
USER_003050,0.05795870385467842,0.01995870385467842,0,1,35,1,1,5,1,2,2,19,19064
USER_003051,0.019424894541543013,-0.018575105458456986,1,1,48,2,2,8,1,2,2,8,8068
USER_003052,0.029358384963586802,-0.008641615036413197,1,1,34,2,2,2,1,2,3,63,63004
USER_003053,0.03567176956186443,-0.00232823043813557,1,1,71,1,2,4,0,1,3,8,8073
USER_003054,0.028243697183133576,-0.009756302816866423,1,0,70,2,2,3,0,1,5,47,47034
USER_003055,0.06602404863755212,0.028024048637552125,0,0,23,2,1,4,0,1,4,50,50064
USER_003056,0.02714841859259811,-0.010851581407401889,1,1,56,1,1,6,2,1,3,5,5069
USER_003057,0.031666798307697,-0.006333201692302996,1,1,42,2,2,3,0,1,4,11,11031
USER_003058,0.043065835474044654,0.005065835474044655,0,0,59,2,2,5,0,1,3,63,63097
USER_003059,0.02196775710885867,-0.01603224289114133,1,1,59,2,1,2,1,1,4,11,11013
USER_003060,0.034064789323656045,-0.0039352106763439546,1,0,55,2,2,7,2,2,2,68,68075
USER_003061,0.04476179891875262,0.006761798918752622,0,0,55,2,2,3,2,1,5,76,76037
USER_003062,0.03500709393426234,-0.002992906065737662,1,1,48,2,1,8,1,2,2,73,73099
USER_003063,0.038599197116500776,0.000599197116500777,0,0,68,2,1,6,0,1,2,47,47040
USER_003064,0.03206001831327444,-0.005939981686725562,1,0,46,1,1,3,2,1,1,11,11050
USER_003065,0.0172829453622885,-0.0207170546377115,1,1,57,2,1,5,2,1,2,25,25049
USER_003066,0.044823898170088576,0.006823898170088577,0,0,26,2,2,3,1,2,4,76,76047
USER_003067,0.06632399607470862,0.028323996074708625,0,0,18,1,1,5,1,2,3,8,8018
USER_003068,0.040276024461751575,0.002276024461751576,0,0,33,1,1,6,1,1,5,11,11058
USER_003069,0.043378961758713246,0.0053789617587132466,0,0,55,2,2,5,1,1,4,11,11030
USER_003070,0.050390841326752894,0.012390841326752895,0,0,40,2,3,3,1,1,2,73,73077
USER_003071,0.020960042551799514,-0.017039957448200485,1,1,25,1,2,5,1,1,4,19,19069
USER_003072,0.06553771987194408,0.02753771987194408,0,0,64,2,1,4,0,1,3,5,5070
USER_003073,0.04303493194634203,0.005034931946342032,0,0,29,2,3,4,0,1,3,25,25006
USER_003074,0.06447785348633664,0.02647785348633664,0,0,27,2,1,4,2,1,5,11,11045
USER_003075,0.02900450506714016,-0.008995494932859838,1,1,33,2,1,5,0,1,1,54,54003
USER_003076,0.06727092883836737,0.02927092883836737,0,0,64,2,1,4,1,1,2,11,11050
USER_003077,0.05162733241052175,0.013627332410521747,0,0,60,2,3,5,2,2,1,63,63093
USER_003078,0.04829560128778538,0.01029560128778538,0,0,41,1,1,3,0,1,2,11,11057
USER_003079,0.04351036681529722,0.005510366815297221,0,0,56,2,3,5,1,1,4,76,76085
USER_003080,0.03627207072888326,-0.0017279292711167363,1,1,25,1,1,2,1,2,3,25,25045
USER_003081,0.05800797487710809,0.020007974877108092,0,0,28,1,1,7,2,1,4,11,11072
USER_003082,0.042105398047720705,0.0041053980477207055,0,0,58,2,1,3,1,2,1,11,11028
USER_003083,0.010493954446192711,-0.027506045553807288,1,0,43,1,1,2,0,1,2,8,8049
USER_003084,0.023242203074394962,-0.014757796925605037,1,1,24,2,2,8,0,1,4,76,76061
USER_003085,0.03721231371710879,-0.0007876862828912062,1,0,32,2,1,7,2,1,4,54,54076
USER_003086,0.04464998474748332,0.006649984747483323,0,0,32,1,1,6,1,1,3,68,68042
USER_003087,0.03915117266650156,0.0011511726665015612,0,1,65,1,2,2,0,1,1,25,25038
USER_003088,0.05828456184690495,0.02028456184690495,0,0,20,2,1,4,2,1,3,73,73013
USER_003089,0.010733472039420629,-0.02726652796057937,1,1,33,2,1,4,1,2,4,25,25031
USER_003090,0.0421538190475774,0.004153819047577403,0,0,32,2,1,2,0,1,3,11,11064
USER_003091,0.01273031161919268,-0.025269688380807318,1,1,42,1,2,4,2,2,2,63,63033
USER_003092,0.05139568443226253,0.01339568443226253,0,0,50,2,1,7,2,2,3,54,54096
USER_003093,0.03858311928336996,0.0005831192833699594,0,0,31,1,2,4,0,1,3,66,66091
USER_003094,0.04629414958036177,0.008294149580361773,0,0,41,1,2,5,2,1,4,73,73018
USER_003095,0.02704175559115351,-0.01095824440884649,1,1,71,1,1,4,1,1,4,11,11079
USER_003096,0.059191973974866266,0.021191973974866267,0,0,28,2,1,5,1,1,3,11,11068
USER_003097,0.05562586996088277,0.01762586996088277,0,0,20,2,3,2,1,1,1,13,13049
USER_003098,0.048753164545178314,0.010753164545178315,0,0,26,2,1,3,3,1,4,11,11046
USER_003099,0.03805724129704839,5.724129704839237e-05,0,0,23,2,1,8,0,2,3,73,73052
USER_003100,0.048697859279426985,0.010697859279426986,0,0,48,2,1,4,1,1,3,25,25056
USER_003101,0.02939661148018977,-0.00860338851981023,1,1,72,1,1,3,2,1,2,68,68043
USER_003102,0.05283333488531068,0.014833334885310683,0,0,33,2,1,6,0,1,3,25,25042
USER_003103,0.06474221341485882,0.02674221341485882,0,0,28,1,1,5,0,2,3,25,25075
USER_003104,0.056059158399687795,0.018059158399687796,0,0,67,2,2,3,1,1,4,11,11019
USER_003105,0.02905596295288886,-0.00894403704711114,1,1,34,2,2,7,1,2,2,25,25029
USER_003106,0.04542125975909654,0.007421259759096542,0,0,66,1,1,3,0,1,4,11,11015
USER_003107,0.020602876843620284,-0.017397123156379715,1,1,20,1,1,2,1,1,3,25,25033
USER_003108,0.04858585466763514,0.01058585466763514,0,0,36,2,2,2,1,2,3,11,11061
USER_003109,0.046759051192938085,0.008759051192938086,0,0,41,2,1,8,2,1,4,66,66041
USER_003110,0.01195275490701754,-0.02604724509298246,1,1,72,2,3,4,1,1,3,11,11096
USER_003111,0.022573242341314546,-0.015426757658685453,1,1,64,2,2,7,1,1,5,25,25085
USER_003112,0.035752916548843494,-0.002247083451156505,1,1,59,2,1,7,1,1,3,11,11055
USER_003113,0.03548710379288761,-0.0025128962071123903,1,1,25,2,1,2,1,1,5,68,68001
USER_003114,0.021857845968717923,-0.016142154031282076,1,1,66,2,1,2,0,1,2,11,11053
USER_003115,0.045834680940282764,0.007834680940282765,0,0,53,1,1,5,1,2,3,68,68078
USER_003116,0.04377210413410768,0.005772104134107683,0,0,57,1,2,3,0,1,1,8,8081
USER_003117,0.03708596302032221,-0.0009140369796777903,1,1,19,2,2,6,0,1,3,8,8090
USER_003118,0.028663127497624556,-0.009336872502375443,1,1,40,2,1,7,2,1,2,5,5070
USER_003119,0.05573060689624845,0.017730606896248453,0,0,57,2,2,2,1,1,4,11,11007
USER_003120,0.06483110669632443,0.02683110669632443,0,0,47,1,1,8,2,1,5,25,25053
USER_003121,0.03274657774230195,-0.005253422257698051,1,1,42,2,1,5,1,2,4,47,47057
USER_003122,0.03081749624267769,-0.007182503757322309,1,1,24,1,1,7,0,1,2,8,8016
USER_003123,0.047368114981179946,0.009368114981179947,0,0,45,1,2,4,0,1,3,11,11081
USER_003124,0.03462955930379521,-0.0033704406962047906,1,1,58,2,2,3,1,1,3,47,47098
USER_003125,0.03790904199005149,-9.095800994850939e-05,1,1,67,2,1,5,0,1,1,11,11041
USER_003126,0.051094797275870074,0.013094797275870075,0,0,34,2,2,4,1,1,3,63,63024
USER_003127,0.01135965868739061,-0.026640341312609388,1,1,49,2,1,4,0,1,3,73,73058
USER_003128,0.05977453487279004,0.02177453487279004,0,0,18,2,1,4,0,2,4,25,25037
USER_003129,0.04109020786494012,0.003090207864940124,0,0,44,2,2,12,3,2,2,68,68063
USER_003130,0.0338276028315673,-0.0041723971684327,1,1,61,2,1,5,2,1,5,8,8010
USER_003131,0.038661487686678264,0.0006614876866782651,0,0,53,1,1,11,0,2,1,73,73027
USER_003132,0.039436440325307784,0.0014364403253077848,0,0,66,2,1,9,0,1,1,8,8023
USER_003133,0.01403198044832612,-0.02396801955167388,1,1,24,2,1,5,0,1,3,5,5002
USER_003134,0.062424073411798536,0.024424073411798537,0,0,73,2,2,2,0,1,2,73,73009
USER_003135,0.04061988448405928,0.0026198844840592816,0,0,20,2,2,6,2,2,4,11,11037
USER_003136,0.04664503195671063,0.008645031956710632,0,0,47,2,2,2,1,1,5,66,66068
USER_003137,0.05427324655861065,0.01627324655861065,0,0,18,2,1,5,0,1,3,19,19031
USER_003138,0.024682563136595493,-0.013317436863404506,1,1,68,2,3,4,3,2,2,13,13096
USER_003139,0.04710207848552843,0.00910207848552843,0,0,51,1,1,3,0,2,3,76,76085
USER_003140,0.0359853836365181,-0.002014616363481901,1,1,55,2,2,2,4,1,3,63,63085
USER_003141,0.052701561628247406,0.014701561628247407,0,0,60,2,3,8,1,1,2,66,66012
USER_003142,0.00809158869472757,-0.029908411305272428,1,1,72,2,1,3,3,1,1,11,11056
USER_003143,0.03851358549638097,0.000513585496380968,0,0,74,2,1,4,2,1,3,8,8079
USER_003144,0.030957690163240577,-0.007042309836759422,1,1,70,1,1,6,0,1,5,11,11015
USER_003145,0.046483944259512334,0.008483944259512335,0,0,53,1,1,5,1,1,4,68,68082
USER_003146,0.04705066281052304,0.009050662810523039,0,1,50,2,1,6,5,1,5,66,66020
USER_003147,0.02938561157766961,-0.00861438842233039,1,1,60,2,1,3,1,1,2,66,66026
USER_003148,0.029317392037359346,-0.008682607962640653,1,1,33,2,1,8,2,2,4,25,25049
USER_003149,0.038340019471640056,0.0003400194716400573,0,0,55,1,1,4,3,2,3,11,11024
USER_003150,0.02655036659027188,-0.01144963340972812,1,1,28,1,2,6,3,1,5,11,11085
USER_003151,0.0526297554317819,0.014629755431781903,0,0,25,1,1,7,0,1,2,8,8014
USER_003152,0.03446189199328831,-0.003538108006711692,1,1,69,2,1,5,0,1,3,13,13066
USER_003153,0.0,-0.038,1,1,18,2,1,4,0,1,2,52,52052
USER_003154,0.03437766915067291,-0.003622330849327088,1,0,31,2,2,6,1,1,1,73,73085
USER_003155,0.024421842687340416,-0.013578157312659583,1,1,47,1,2,4,1,1,3,11,11095
USER_003156,0.01553086276808582,-0.02246913723191418,1,1,38,1,1,7,0,1,1,68,68003
USER_003157,0.021438600426661413,-0.016561399573338586,1,1,38,1,2,3,1,1,4,68,68084
USER_003158,0.04164112707749455,0.0036411270774945534,0,0,51,2,1,5,3,1,3,54,54022
USER_003159,0.059929612423723466,0.021929612423723467,0,0,55,1,2,10,1,1,4,47,47011
USER_003160,0.0446977671079747,0.006697767107974699,0,0,43,2,1,5,3,2,4,8,8085
USER_003161,0.030902449176763904,-0.007097550823236095,1,1,58,1,1,3,0,1,3,25,25063
USER_003162,0.04683856292756054,0.008838562927560543,0,0,31,2,1,9,1,1,5,66,66017
USER_003163,0.033113645346715126,-0.004886354653284873,1,1,71,2,1,5,0,1,2,68,68008
USER_003164,0.029580994462552832,-0.008419005537447167,1,1,57,1,2,6,0,1,4,19,19034
USER_003165,0.022684559976505234,-0.015315440023494765,1,1,52,2,2,5,0,2,4,25,25065
USER_003166,0.013722567898724215,-0.024277432101275784,1,1,59,2,2,6,1,1,3,68,68014
USER_003167,0.034151144401608324,-0.0038488555983916747,1,1,35,1,2,3,2,1,2,19,19053
USER_003168,0.04237080234880198,0.00437080234880198,0,1,37,2,2,4,1,2,2,47,47004
USER_003169,0.038550644949776655,0.0005506449497766561,0,0,26,2,1,2,0,1,2,68,68046
USER_003170,0.03376049608078962,-0.00423950391921038,1,1,58,2,2,3,0,1,3,66,66003
USER_003171,0.025813809089548286,-0.012186190910451714,1,0,68,2,2,4,2,1,4,8,8041
USER_003172,0.04912369287527453,0.011123692875274531,0,0,62,1,2,3,0,1,5,8,8088
USER_003173,0.020243021200801226,-0.017756978799198773,1,1,50,2,3,9,2,2,3,13,13045
USER_003174,0.05164041870765213,0.013640418707652133,0,0,66,2,3,4,1,1,4,68,68053
USER_003175,0.02496674471609913,-0.013033255283900869,1,0,21,2,1,4,0,1,5,73,73074
USER_003176,0.028713471439704475,-0.009286528560295524,1,1,21,2,1,4,2,2,5,73,73026
USER_003177,0.017998222140764845,-0.020001777859235154,1,1,65,1,1,5,0,1,5,76,76031
USER_003178,0.03247896779671545,-0.005521032203284551,1,1,33,2,3,3,2,1,3,25,25043
USER_003179,0.05462968687716968,0.016629686877169682,0,0,64,2,1,4,0,1,2,73,73042
USER_003180,0.047734421326659345,0.009734421326659345,0,0,43,2,2,7,2,1,4,54,54040
USER_003181,0.05467633168042053,0.016676331680420528,0,0,23,2,2,5,0,1,1,19,19053
USER_003182,0.04783213818900904,0.009832138189009042,0,0,54,2,3,3,2,2,2,73,73074
USER_003183,0.023444952572044462,-0.014555047427955537,1,1,39,1,2,5,0,1,3,13,13077
USER_003184,0.03503816163508664,-0.002961838364913358,1,0,59,2,1,5,1,1,2,11,11072
USER_003185,0.02829701306323806,-0.009702986936761939,1,1,56,2,1,5,0,1,3,52,52092
USER_003186,0.0599586235605856,0.021958623560585602,0,0,24,1,3,3,2,1,2,8,8047
USER_003187,0.022048170303605327,-0.015951829696394672,1,1,59,2,3,10,2,1,5,73,73028
USER_003188,0.053405465340836664,0.015405465340836665,0,0,47,2,2,4,2,1,5,63,63014
USER_003189,0.05339430805163154,0.015394308051631542,0,0,27,2,3,6,3,1,2,25,25023
USER_003190,0.06744430302574131,0.02944430302574131,0,0,74,2,1,5,2,1,1,8,8021
USER_003191,0.03385470111055754,-0.004145298889442456,1,1,32,2,2,1,1,2,3,11,11059
USER_003192,0.05068483239370243,0.012684832393702432,0,0,23,1,1,7,1,1,2,25,25044
USER_003193,0.07422477754808264,0.03622477754808264,0,0,41,1,2,9,4,1,2,25,25097
USER_003194,0.03073537484599455,-0.0072646251540054475,1,1,19,2,1,2,2,1,4,25,25051
USER_003195,0.016974396287014606,-0.021025603712985393,1,1,57,1,1,4,3,2,3,11,11061
USER_003196,0.011799849491383546,-0.026200150508616453,1,1,74,2,2,3,2,1,4,54,54093
USER_003197,0.05069068043291997,0.012690680432919973,0,0,69,1,2,3,1,2,3,73,73055
USER_003198,0.011752746879121244,-0.026247253120878757,1,0,32,2,3,2,0,1,3,25,25063
USER_003199,0.03441521420593116,-0.0035847857940688385,1,1,70,2,2,4,3,1,3,66,66080
USER_003200,0.04655969780558441,0.00855969780558441,0,0,38,2,1,4,3,2,3,47,47010
USER_003201,0.042777633052448714,0.004777633052448715,0,0,35,1,1,3,0,1,2,5,5045
USER_003202,0.046381672962762584,0.008381672962762585,0,0,22,1,3,4,0,1,3,11,11082
USER_003203,0.04333434783701281,0.0053343478370128095,0,0,42,2,2,3,2,2,2,68,68089
USER_003204,0.0591829871997009,0.021182987199700902,0,0,53,2,2,4,0,2,3,25,25020
USER_003205,0.025715254288918046,-0.012284745711081953,1,1,27,1,1,6,2,2,2,63,63019
USER_003206,0.02984507292312203,-0.008154927076877969,1,1,68,1,1,8,2,2,5,68,68004
USER_003207,0.02841010832093764,-0.009589891679062358,1,1,63,2,3,8,1,2,3,25,25005
USER_003208,0.05245287717793915,0.014452877177939152,0,0,40,1,1,6,0,2,4,5,5004
USER_003209,0.053505978825925955,0.015505978825925956,0,0,41,1,1,4,1,1,4,54,54064
USER_003210,0.046768379789777624,0.008768379789777625,0,0,62,1,1,4,4,2,2,76,76006
USER_003211,0.05775240500334892,0.01975240500334892,0,0,27,2,2,3,1,1,3,25,25011
USER_003212,0.022329386989354293,-0.015670613010645706,1,1,71,2,1,3,1,1,3,68,68053
USER_003213,0.06500836167326705,0.027008361673267055,0,0,23,2,2,4,3,1,4,11,11073
USER_003214,0.06284857932568387,0.02484857932568387,0,0,30,1,3,3,2,1,4,11,11066
USER_003215,0.0510343299586862,0.013034329958686204,0,1,38,2,1,3,1,1,4,11,11045
USER_003216,0.0667269836315659,0.0287269836315659,0,0,49,1,1,5,1,1,5,19,19009
USER_003217,0.015150651884833395,-0.022849348115166604,1,1,60,2,1,3,2,1,3,66,66009
USER_003218,0.032133277956060226,-0.005866722043939773,1,1,71,1,1,8,0,1,3,50,50073
USER_003219,0.028970448089770718,-0.009029551910229281,1,1,74,1,1,2,0,1,2,11,11027
USER_003220,0.050822189856360146,0.012822189856360147,0,0,32,2,1,2,0,1,2,11,11041
USER_003221,0.024247888905967817,-0.013752111094032182,1,0,19,2,1,5,4,2,4,66,66024
USER_003222,0.051362427240062285,0.013362427240062286,0,0,32,2,1,6,1,1,4,52,52073
USER_003223,0.0605580421599507,0.0225580421599507,0,0,68,2,2,2,2,1,4,11,11088
USER_003224,0.05042804350125999,0.012428043501259992,0,1,34,2,3,3,1,2,5,50,50026
USER_003225,0.04425626535492252,0.006256265354922519,0,0,37,2,1,3,0,1,2,73,73045
USER_003226,0.025181899886488765,-0.012818100113511234,1,1,67,1,2,5,1,2,4,25,25076
USER_003227,0.027297235508119532,-0.010702764491880467,1,1,23,2,1,6,1,1,3,8,8048
USER_003228,0.05874428357945,0.020744283579450004,0,0,32,2,1,5,0,1,4,54,54065
USER_003229,0.05169023505857998,0.013690235058579983,0,0,34,2,1,5,0,1,2,73,73065
USER_003230,0.03941470720933684,0.0014147072093368407,0,0,73,2,2,5,1,1,1,25,25045
USER_003231,0.033731356813511644,-0.004268643186488355,1,1,43,2,1,4,1,2,1,25,25025
USER_003232,0.009612881903329349,-0.02838711809667065,1,1,39,2,1,7,1,2,2,73,73036
USER_003233,0.023937213719733418,-0.014062786280266582,1,1,26,2,2,3,2,1,2,11,11023
USER_003234,0.06867128630709585,0.030671286307095848,0,0,29,2,1,4,3,1,3,11,11091
USER_003235,0.020793166434963,-0.017206833565036998,1,1,39,2,1,7,0,2,4,11,11040
USER_003236,0.04284219731831621,0.004842197318316213,0,0,40,2,2,5,2,2,2,11,11082
USER_003237,0.05511165959792798,0.01711165959792798,0,0,54,1,1,5,1,1,4,11,11072
USER_003238,0.021176159979965616,-0.016823840020034384,1,1,31,2,1,8,1,2,2,47,47022
USER_003239,0.04277065712171625,0.004770657121716253,0,0,41,2,1,6,1,1,3,19,19082
USER_003240,0.05406873306265982,0.016068733062659823,0,0,25,2,2,4,0,2,1,11,11090
USER_003241,0.04018748982860876,0.002187489828608759,0,0,43,2,1,1,0,1,3,66,66047
USER_003242,0.08302604583500152,0.04502604583500152,0,0,49,2,2,4,2,1,4,68,68093
USER_003243,0.014971011116827073,-0.023028988883172924,1,0,74,1,2,2,1,1,4,11,11086
USER_003244,0.055880927948258184,0.017880927948258185,0,0,45,2,3,5,0,1,3,11,11057
USER_003245,0.037407973939053034,-0.0005920260609469652,1,1,49,2,1,5,0,1,2,11,11015
USER_003246,0.051578802322550125,0.013578802322550126,0,0,39,2,2,3,2,1,1,50,50004
USER_003247,0.04661960727548869,0.008619607275488689,0,0,66,1,1,8,2,2,4,8,8032
USER_003248,0.029002657043350054,-0.008997342956649945,1,1,26,1,2,5,1,1,2,11,11011
USER_003249,0.043434945886890106,0.0054349458868901065,0,0,20,2,2,8,0,1,4,8,8007
USER_003250,0.012131478229025694,-0.025868521770974304,1,0,42,2,1,2,4,1,3,68,68006
USER_003251,0.04904871250857091,0.01104871250857091,0,0,56,2,2,5,1,2,2,66,66009
USER_003252,0.044472376989857884,0.006472376989857885,0,0,29,2,2,2,1,1,4,11,11016
USER_003253,0.04957990252964654,0.011579902529646538,0,0,46,2,1,4,0,2,2,68,68019
USER_003254,0.055871774876307255,0.017871774876307256,0,0,20,2,2,4,5,2,3,5,5070
USER_003255,0.04551429760314566,0.0075142976031456615,0,0,58,2,2,5,0,1,3,25,25040
USER_003256,0.04222134129697414,0.004221341296974143,0,0,63,1,2,1,3,1,3,25,25007
USER_003257,0.026783974950080617,-0.011216025049919382,1,1,40,1,1,4,2,1,3,11,11053
USER_003258,0.029316688545264237,-0.008683311454735762,1,1,40,2,3,7,3,1,3,25,25099
USER_003259,0.05780101930265997,0.01980101930265997,0,0,72,2,2,2,2,1,4,11,11056
USER_003260,0.061545031085589674,0.023545031085589675,0,0,35,2,1,5,1,1,3,25,25070
USER_003261,0.03642834345531919,-0.001571656544680812,1,1,28,2,2,5,1,1,4,8,8031
USER_003262,0.04069004120879911,0.002690041208799114,0,0,53,2,1,9,2,1,2,19,19036
USER_003263,0.02643078437509351,-0.011569215624906488,1,0,43,2,1,4,1,1,3,54,54061
USER_003264,0.05759135267901167,0.019591352679011673,0,0,25,2,2,7,1,1,3,73,73058
USER_003265,0.04998125235537668,0.011981252355376684,0,0,45,2,3,5,0,1,4,52,52069
USER_003266,0.06911826154695623,0.03111826154695623,0,0,35,2,2,2,0,1,3,68,68012
USER_003267,0.02682515384230392,-0.01117484615769608,1,1,30,2,1,9,2,2,4,8,8071
USER_003268,0.03432988151472674,-0.003670118485273259,1,1,53,1,1,6,3,1,4,47,47085
USER_003269,0.04347168883788358,0.005471688837883584,0,0,59,1,3,4,2,2,2,8,8082
USER_003270,0.04969734306588656,0.011697343065886559,0,0,57,1,3,5,1,2,3,11,11014
USER_003271,0.03676498543678552,-0.0012350145632144816,1,1,61,1,3,1,1,1,2,68,68004
USER_003272,0.026905583643194494,-0.011094416356805505,1,1,68,2,1,5,1,1,2,25,25040
USER_003273,0.053221112933853565,0.015221112933853566,0,0,29,1,2,5,3,1,3,25,25089
USER_003274,0.050817030438183725,0.012817030438183726,0,0,39,1,2,5,1,1,5,11,11089
USER_003275,0.026255888491544126,-0.011744111508455873,1,1,19,2,1,7,3,1,1,11,11055
USER_003276,0.060331642016582435,0.022331642016582436,0,0,73,2,1,7,1,2,2,68,68033
USER_003277,0.05755298063794906,0.01955298063794906,0,0,57,2,2,5,2,1,5,11,11015
USER_003278,0.042014447458716894,0.004014447458716895,0,0,45,1,1,5,1,1,2,11,11031
USER_003279,0.04119396793564055,0.00319396793564055,0,0,30,2,1,3,1,1,1,11,11017
USER_003280,0.04831086656673861,0.01031086656673861,0,0,50,1,1,10,0,1,5,11,11084
USER_003281,0.027074453946156127,-0.010925546053843872,1,1,20,2,1,4,3,2,4,54,54047
USER_003282,0.040450472187461235,0.002450472187461236,0,0,51,2,1,8,1,1,2,73,73069
USER_003283,0.007714246830862297,-0.030285753169137702,1,1,40,2,1,1,1,2,2,11,11093
USER_003284,0.05314683468254403,0.015146834682544033,0,0,72,1,1,3,1,1,3,8,8038
USER_003285,0.01657760166337211,-0.021422398336627888,1,1,49,2,2,4,1,1,1,25,25068
USER_003286,0.06255129742643499,0.02455129742643499,0,0,37,2,1,5,0,2,4,76,76067
USER_003287,0.035048198590503246,-0.002951801409496753,1,1,45,1,1,5,1,1,2,5,5042
USER_003288,0.03682499527103235,-0.0011750047289676505,1,1,25,1,1,3,2,1,5,25,25007
USER_003289,0.030583991408732417,-0.007416008591267582,1,1,20,2,2,4,3,1,1,68,68063
USER_003290,0.03567941689116885,-0.0023205831088311465,1,1,47,2,1,2,0,1,4,68,68054
USER_003291,0.06127797017722055,0.023277970177220553,0,0,42,2,1,7,0,1,3,50,50034
USER_003292,0.0026828701519738107,-0.03531712984802619,1,1,70,2,1,3,2,2,4,5,5066
USER_003293,0.059154480791322815,0.021154480791322816,0,0,47,2,3,2,1,1,5,11,11023
USER_003294,0.045070352216525625,0.007070352216525626,0,0,46,1,2,2,0,1,4,11,11056
USER_003295,0.021894675282141767,-0.016105324717858232,1,1,64,2,1,3,3,2,3,50,50082
USER_003296,0.023870314104261433,-0.014129685895738566,1,1,47,2,2,4,0,2,2,76,76031
USER_003297,0.06514589540812304,0.027145895408123046,0,0,51,1,1,8,1,1,3,50,50012
USER_003298,0.025817396800859035,-0.012182603199140964,1,1,42,2,1,5,0,1,3,11,11047
USER_003299,0.02269974234106061,-0.01530025765893939,1,1,34,1,1,6,2,1,4,25,25013
USER_003300,0.05705971813547095,0.01905971813547095,0,0,41,2,1,4,3,1,4,8,8006
USER_003301,0.04507829314428871,0.007078293144288712,0,0,55,1,2,2,2,1,4,11,11006
USER_003302,0.02593111635195402,-0.01206888364804598,1,1,45,1,1,5,1,2,3,13,13094
USER_003303,0.04324937463106929,0.005249374631069288,0,0,50,1,2,6,1,1,3,25,25096
USER_003304,0.024613709745395843,-0.013386290254604156,1,1,53,1,1,2,1,1,4,8,8028
USER_003305,0.05651232097633908,0.018512320976339078,0,0,68,2,1,9,0,1,4,11,11052
USER_003306,0.055920564473097005,0.017920564473097006,0,0,24,2,2,3,2,2,2,25,25091
USER_003307,0.04798009298232915,0.009980092982329151,0,0,40,2,3,4,1,1,1,68,68040
USER_003308,0.04542491591870525,0.007424915918705248,0,0,71,2,1,4,1,2,2,66,66097
USER_003309,0.06641782187301061,0.02841782187301061,0,0,63,2,1,4,1,1,4,13,13042
USER_003310,0.03999529491082338,0.0019952949108233836,0,0,43,2,2,7,1,1,5,8,8081
USER_003311,0.022271888118687983,-0.015728111881312016,1,1,31,2,2,4,1,1,4,66,66077
USER_003312,0.0467421086924846,0.008742108692484603,0,0,59,2,1,2,2,1,1,25,25080
USER_003313,0.07129070574305671,0.03329070574305671,0,0,45,1,1,5,1,1,4,11,11026
USER_003314,0.02477860760221222,-0.01322139239778778,1,0,41,2,2,4,4,1,2,25,25091
USER_003315,0.03457805849959022,-0.003421941500409781,1,1,24,1,1,3,2,2,3,25,25057
USER_003316,0.04624669057152179,0.00824669057152179,0,0,65,1,1,2,0,1,2,11,11028
USER_003317,0.03919142726491391,0.001191427264913912,0,0,53,2,1,2,0,2,3,47,47089
USER_003318,0.02526544629434028,-0.01273455370565972,1,1,56,2,2,7,1,1,3,5,5046
USER_003319,0.056827867843457065,0.018827867843457066,0,0,32,2,2,8,2,1,5,11,11049
USER_003320,0.07480061083025889,0.036800610830258894,0,0,66,2,1,4,1,2,2,76,76087
USER_003321,0.042941971885358615,0.004941971885358616,0,0,20,1,1,5,0,1,5,66,66051
USER_003322,0.026438975653959994,-0.011561024346040005,1,1,65,2,2,4,0,1,4,5,5022
USER_003323,0.016765592124197877,-0.021234407875802122,1,1,19,2,2,3,2,1,2,25,25079
USER_003324,0.04386963971831771,0.005869639718317714,0,0,24,2,1,5,1,1,2,66,66036
USER_003325,0.056558160149743866,0.018558160149743867,0,0,74,1,1,7,1,1,4,11,11071
USER_003326,0.047127516197430726,0.009127516197430727,0,0,33,2,2,5,1,2,2,25,25061
USER_003327,0.03996394238621719,0.0019639423862171934,0,0,38,2,1,5,3,1,2,63,63086
USER_003328,0.03116092522316041,-0.00683907477683959,1,1,26,2,1,7,0,2,4,11,11094
USER_003329,0.023617545509228656,-0.014382454490771343,1,1,29,1,2,7,2,2,3,63,63010
USER_003330,0.05252126989487323,0.014521269894873234,0,0,46,1,2,3,2,1,4,54,54025
USER_003331,0.05370657432078379,0.01570657432078379,0,0,41,1,2,8,0,1,3,11,11045
USER_003332,0.016814053199639006,-0.021185946800360993,1,1,50,1,1,1,2,1,2,13,13019
USER_003333,0.06384758467271026,0.025847584672710262,0,0,31,2,3,6,2,2,5,63,63099
USER_003334,0.04861106831341002,0.010611068313410021,0,0,60,2,1,3,0,1,4,50,50001
USER_003335,0.060993919677186904,0.022993919677186905,0,0,35,2,1,5,1,1,2,25,25032
USER_003336,0.019868083772723276,-0.018131916227276723,1,1,71,2,1,9,1,1,4,13,13031
USER_003337,0.01951263766876842,-0.01848736233123158,1,1,22,1,1,2,1,1,1,11,11033
USER_003338,0.03776546035349055,-0.00023453964650944903,1,1,32,2,1,4,0,1,1,19,19049
USER_003339,0.047541766403427915,0.009541766403427916,0,0,24,1,1,6,0,2,1,13,13015
USER_003340,0.06694541234390446,0.028945412343904457,0,0,42,1,1,3,1,1,3,11,11012
USER_003341,0.050591183707226976,0.012591183707226977,0,0,31,1,1,1,1,1,3,66,66020
USER_003342,0.0363597808478195,-0.0016402191521804957,1,1,69,2,2,2,5,1,2,76,76065
USER_003343,0.02460446188501162,-0.013395538114988378,1,1,57,2,3,3,0,1,3,25,25007
USER_003344,0.05845000859078725,0.02045000859078725,0,0,53,1,1,7,1,1,3,76,76073
USER_003345,0.025529418613739276,-0.012470581386260723,1,1,52,2,3,7,1,1,4,11,11086
USER_003346,0.06442702832158483,0.026427028321584826,0,0,61,1,3,8,2,1,4,11,11062
USER_003347,0.03573423025590236,-0.0022657697440976385,1,1,67,1,1,5,1,1,3,73,73047
USER_003348,0.06385873108926776,0.025858731089267763,0,0,41,2,3,4,1,1,5,76,76046
USER_003349,0.050183969350889174,0.012183969350889175,0,0,32,1,1,3,3,2,5,11,11047
USER_003350,0.03794506765836313,-5.493234163687216e-05,1,1,28,2,2,5,0,1,5,73,73034
USER_003351,0.0322090544226081,-0.005790945577391897,1,1,41,2,3,7,1,1,5,11,11095
USER_003352,0.03488638183980881,-0.003113618160191192,1,1,28,1,2,4,1,1,3,52,52009
USER_003353,0.046424750385628565,0.008424750385628565,0,0,61,1,1,3,1,1,3,68,68068
USER_003354,0.041157347443265754,0.0031573474432657553,0,0,68,2,2,3,1,1,3,13,13079
USER_003355,0.031092828878969424,-0.006907171121030575,1,1,34,1,1,3,0,1,3,11,11013
USER_003356,0.03751552884523552,-0.0004844711547644792,1,1,23,2,1,5,3,1,3,68,68076
USER_003357,0.04117865544578725,0.00317865544578725,0,0,38,2,1,6,1,2,3,63,63098
USER_003358,0.00806898858377782,-0.02993101141622218,1,1,25,2,1,4,1,1,2,8,8060
USER_003359,0.04687252172183048,0.008872521721830479,0,0,32,2,2,2,1,1,3,19,19041
USER_003360,0.0253041816292479,-0.0126958183707521,1,1,71,2,2,4,1,1,2,54,54073
USER_003361,0.022700013951913827,-0.015299986048086172,1,1,69,1,3,7,1,1,2,25,25095
USER_003362,0.014689834793339346,-0.023310165206660655,1,1,49,1,1,5,1,1,3,73,73040
USER_003363,0.013091612531981647,-0.02490838746801835,1,1,27,2,2,3,1,1,3,5,5021
USER_003364,0.019668287453315662,-0.018331712546684337,1,1,45,1,2,5,0,2,4,54,54074
USER_003365,0.029364685635542644,-0.008635314364457355,1,1,32,2,1,5,4,1,3,73,73065
USER_003366,0.06929888706289852,0.031298887062898524,0,0,29,2,1,4,1,1,4,11,11084
USER_003367,0.03211180486157194,-0.0058881951384280595,1,1,60,2,1,5,3,1,4,63,63019
USER_003368,0.042666251594020474,0.004666251594020475,0,0,35,1,3,6,0,1,2,11,11013
USER_003369,0.04600722079759493,0.00800722079759493,0,0,73,2,3,5,0,2,3,11,11081
USER_003370,0.041965977793237734,0.003965977793237735,0,0,54,2,2,7,2,1,3,25,25093
USER_003371,0.038838348089110096,0.000838348089110097,0,0,61,1,1,5,1,1,2,50,50005
USER_003372,0.022070593546011333,-0.015929406453988666,1,1,41,2,1,5,1,1,2,52,52052
USER_003373,0.06176391322418818,0.02376391322418818,0,0,54,2,3,3,2,1,3,25,25015
USER_003374,0.06710794965456827,0.029107949654568276,0,0,71,1,1,3,1,1,2,73,73080
USER_003375,0.014760119588159716,-0.02323988041184028,1,1,46,1,1,7,2,2,2,11,11028
USER_003376,0.024639571136704307,-0.013360428863295692,1,1,27,1,1,5,1,2,5,68,68098
USER_003377,0.03580284486434491,-0.0021971551356550906,1,1,31,2,3,5,2,2,1,68,68014
USER_003378,0.02553193307634713,-0.01246806692365287,1,1,33,2,1,4,0,1,2,8,8074
USER_003379,0.04758948330183798,0.009589483301837981,0,0,54,2,1,8,0,1,2,11,11022
USER_003380,0.029075916963900807,-0.008924083036099192,1,1,28,1,2,4,2,2,2,25,25083
USER_003381,0.07247584101709903,0.03447584101709903,0,0,68,2,1,6,2,1,4,54,54005
USER_003382,0.05785822891515394,0.019858228915153944,0,0,43,2,3,3,0,1,2,68,68007
USER_003383,0.043188610459483225,0.0051886104594832255,0,0,57,1,1,2,4,1,1,76,76012
USER_003384,0.055404793949795986,0.017404793949795987,0,0,36,1,3,5,1,1,3,11,11070
USER_003385,0.056588506365359635,0.018588506365359636,0,0,69,2,2,7,4,2,2,54,54087
USER_003386,0.03154078767912635,-0.006459212320873646,1,1,71,2,2,8,0,1,4,63,63071
USER_003387,0.02775674133187053,-0.01024325866812947,1,1,35,2,3,5,0,1,2,13,13027
USER_003388,0.041172145944544714,0.0031721459445447145,0,0,47,2,1,6,2,2,5,11,11010
USER_003389,0.05292454186746916,0.014924541867469159,0,0,49,1,1,3,1,1,2,63,63080
USER_003390,0.04208590597980127,0.004085905979801269,0,0,40,1,1,4,2,1,3,13,13042
USER_003391,0.016345052767135045,-0.021654947232864954,1,1,70,1,1,1,1,1,3,11,11017
USER_003392,0.027957633340737368,-0.010042366659262631,1,1,29,1,2,3,1,1,3,5,5065
USER_003393,0.03889040704608433,0.0008904070460843336,0,0,30,2,1,3,1,1,3,11,11061
USER_003394,0.038865015935112546,0.0008650159351125467,0,0,38,2,1,6,3,1,4,11,11062
USER_003395,0.06958813265184713,0.03158813265184713,0,0,38,1,1,3,0,2,3,50,50083
USER_003396,0.01921018086401503,-0.01878981913598497,1,1,46,2,2,2,1,2,2,63,63090
USER_003397,0.04758383862753812,0.009583838627538123,0,0,46,1,1,2,0,2,3,11,11053
USER_003398,0.062336696624924345,0.024336696624924346,0,0,67,1,2,7,0,1,3,76,76040
USER_003399,0.07407174618134194,0.036071746181341936,0,0,44,1,1,2,1,2,2,11,11004
USER_003400,0.03393403865224058,-0.004065961347759418,1,1,46,1,2,2,0,1,3,11,11076
USER_003401,0.04737144179080299,0.009371441790802994,0,1,32,1,2,2,1,1,2,13,13059
USER_003402,0.0485464053579797,0.010546405357979703,0,0,64,2,1,4,2,1,2,54,54033
USER_003403,0.04293222597329936,0.004932225973299363,0,0,29,2,2,7,1,1,4,68,68085
USER_003404,0.03851732198141041,0.0005173219814104124,0,1,58,1,2,2,1,1,2,25,25092
USER_003405,0.046539630842500686,0.008539630842500687,0,0,36,2,2,8,2,2,1,8,8054
USER_003406,0.0020163087217047225,-0.035983691278295274,1,1,29,2,1,3,2,1,4,73,73058
USER_003407,0.05023104235093947,0.01223104235093947,0,0,40,2,1,7,1,1,5,11,11094
USER_003408,0.041892668554929506,0.003892668554929507,0,0,22,2,3,6,3,1,2,50,50003
USER_003409,0.03666287654832602,-0.0013371234516739786,1,1,43,2,2,3,1,1,4,66,66042
USER_003410,0.07070293293579337,0.03270293293579337,0,0,70,2,1,4,0,1,4,68,68065
USER_003411,0.02987598971814172,-0.00812401028185828,1,1,69,2,3,2,0,2,4,11,11066
USER_003412,0.03395386016402454,-0.00404613983597546,1,1,27,1,3,3,0,1,4,5,5051
USER_003413,0.069873299533071,0.031873299533071005,0,0,39,2,1,7,4,2,4,73,73053
USER_003414,0.02751908042725215,-0.010480919572747847,1,1,56,1,1,6,1,1,1,11,11095
USER_003415,0.03174827075595192,-0.006251729244048078,1,1,40,1,1,4,3,1,3,25,25075
USER_003416,0.037794618648537254,-0.00020538135146274533,1,1,28,1,3,5,2,2,2,66,66076
USER_003417,0.05261101723194324,0.01461101723194324,0,0,45,2,1,5,1,1,3,11,11056
USER_003418,0.043117037610299704,0.0051170376102997045,0,0,48,1,1,6,2,1,4,76,76002
USER_003419,0.020610619792716063,-0.017389380207283936,1,1,25,2,2,3,3,1,5,8,8084
USER_003420,0.03201747155309216,-0.005982528446907838,1,1,70,1,1,7,1,1,4,11,11049
USER_003421,0.03088968350181683,-0.00711031649818317,1,1,56,2,1,4,1,1,3,11,11012
USER_003422,0.038841684321654316,0.0008416843216543166,0,0,65,1,1,4,1,2,4,11,11047
USER_003423,0.04638765487944744,0.00838765487944744,0,0,45,2,1,4,0,1,2,11,11044
USER_003424,0.04627308633831958,0.00827308633831958,0,0,33,2,1,6,1,1,2,13,13056
USER_003425,0.01335982368927397,-0.024640176310726028,1,1,63,2,1,5,1,2,2,68,68059
USER_003426,0.05595911481341284,0.017959114813412842,0,0,64,2,2,2,1,2,2,52,52077
USER_003427,0.04378853268994935,0.005788532689949354,0,0,69,2,1,2,2,1,3,63,63048
USER_003428,0.06076798071390859,0.022767980713908592,0,0,48,2,2,2,0,1,4,50,50055
USER_003429,0.046662974909360076,0.008662974909360077,0,0,58,2,2,5,0,1,5,52,52030
USER_003430,0.05651984436603643,0.01851984436603643,0,0,65,2,1,3,0,1,2,11,11005
USER_003431,0.046998179671751905,0.008998179671751906,0,0,33,1,1,7,0,1,2,54,54094
USER_003432,0.06019338634304122,0.022193386343041223,0,0,22,1,1,5,0,1,5,25,25022
USER_003433,0.04783375954026668,0.009833759540266683,0,0,52,1,1,6,2,1,4,63,63054
USER_003434,0.03853127130335644,0.000531271303356444,0,0,70,2,2,7,0,1,2,11,11053
USER_003435,0.07408652080670322,0.03608652080670322,0,0,42,2,2,5,1,2,4,11,11067
USER_003436,0.05333555683419838,0.015335556834198384,0,0,30,1,2,8,0,1,3,11,11065
USER_003437,0.048606166315066195,0.010606166315066196,0,0,46,2,2,4,4,1,3,25,25066
USER_003438,0.020855433751924963,-0.017144566248075036,1,1,44,2,1,7,0,1,4,11,11015
USER_003439,0.020675385738046937,-0.017324614261953062,1,1,57,1,1,3,1,2,2,54,54016
USER_003440,0.0443907322321278,0.006390732232127799,0,0,34,2,1,11,3,2,3,66,66045
USER_003441,0.042182817966523616,0.0041828179665236165,0,0,54,2,1,7,5,1,1,66,66095
USER_003442,0.03078816152487526,-0.00721183847512474,1,1,55,2,1,2,1,1,4,47,47033
USER_003443,0.0421147404941809,0.004114740494180903,0,0,46,2,1,4,3,1,2,11,11044
USER_003444,0.06382940392065393,0.025829403920653936,0,0,51,2,1,5,2,1,4,19,19007
USER_003445,0.05043103711825448,0.012431037118254482,0,0,47,2,1,3,1,1,3,68,68078
USER_003446,0.022884872353708927,-0.015115127646291072,1,1,48,2,1,3,0,1,2,50,50084
USER_003447,0.03832736759285584,0.0003273675928558428,0,0,39,2,1,4,0,1,2,50,50061
USER_003448,0.02792550278721159,-0.01007449721278841,1,1,63,2,1,3,0,2,2,63,63074
USER_003449,0.03418450125387158,-0.0038154987461284165,1,0,42,2,1,5,1,1,3,8,8001
USER_003450,0.03379576501555536,-0.004204234984444638,1,1,21,1,1,4,1,2,1,52,52061
USER_003451,0.032835316260939926,-0.005164683739060073,1,1,52,2,1,2,0,1,2,11,11063
USER_003452,0.02117296942039908,-0.01682703057960092,1,1,58,2,1,5,1,1,3,47,47074
USER_003453,0.03808517977722715,8.517977722714842e-05,0,0,67,1,1,3,0,2,3,47,47036
USER_003454,0.03159088544729036,-0.006409114552709642,1,1,61,2,1,2,2,1,3,11,11033
USER_003455,0.0,-0.038,1,1,26,2,3,5,2,1,1,52,52021
USER_003456,0.07079458036752494,0.03279458036752494,0,0,43,2,1,5,0,1,3,54,54061
USER_003457,0.05633154481325008,0.018331544813250084,0,0,44,2,3,3,2,1,5,13,13089
USER_003458,0.03435548912612506,-0.0036445108738749413,1,1,44,1,1,4,0,1,3,25,25056
USER_003459,0.040282285746108974,0.002282285746108975,0,0,35,2,1,2,0,1,1,11,11094
USER_003460,0.022425184790236575,-0.015574815209763424,1,1,47,2,2,6,3,1,3,68,68081
USER_003461,0.06543584316716299,0.027435843167162986,0,0,62,2,2,5,2,1,3,50,50043
USER_003462,0.06845933042159667,0.030459330421596674,0,0,63,2,1,5,1,2,3,25,25015
USER_003463,0.04235040592369787,0.00435040592369787,0,0,48,1,1,6,0,1,3,73,73035
USER_003464,0.05535295966278017,0.017352959662780172,0,0,59,2,2,8,2,2,4,63,63073
USER_003465,0.04262930168400886,0.004629301684008859,0,0,20,1,1,5,1,1,4,11,11056
USER_003466,0.01994911841686104,-0.01805088158313896,1,1,46,2,1,3,1,1,4,11,11044
USER_003467,0.03382264946554514,-0.004177350534454859,1,1,24,2,3,4,1,1,3,5,5015
USER_003468,0.04197891950157936,0.003978919501579359,0,0,35,2,1,2,0,2,3,25,25036
USER_003469,0.03318178421884834,-0.004818215781151658,1,1,33,1,1,9,1,1,3,11,11012
USER_003470,0.03672020083847446,-0.001279799161525541,1,1,66,1,1,4,1,1,4,68,68053
USER_003471,0.038629006637363274,0.0006290066373632747,0,0,74,2,1,5,2,1,4,5,5075
USER_003472,0.038786822532018074,0.000786822532018075,0,0,49,2,2,8,0,2,2,11,11054
USER_003473,0.04078387735746225,0.0027838773574622513,0,0,55,2,1,7,2,1,3,11,11046
USER_003474,0.02409092400405099,-0.01390907599594901,1,1,42,2,1,4,4,1,4,52,52045
USER_003475,0.02924475776308096,-0.00875524223691904,1,0,61,2,1,3,0,1,3,25,25034
USER_003476,0.020731236014500463,-0.017268763985499536,1,1,49,1,1,7,1,1,1,11,11011
USER_003477,0.054667233245293004,0.016667233245293005,0,0,36,1,3,6,0,2,4,11,11015
USER_003478,0.008415295872395133,-0.029584704127604868,1,1,20,1,1,7,0,1,1,11,11085
USER_003479,0.05730385514975389,0.01930385514975389,0,0,52,1,1,3,1,1,4,66,66089
USER_003480,0.060795240958942655,0.022795240958942656,0,0,67,2,1,1,3,2,3,11,11003
USER_003481,0.03546729119526068,-0.0025327088047393184,1,1,46,2,1,3,2,2,2,73,73088
USER_003482,0.0009529436825905236,-0.037047056317409476,1,1,28,2,3,4,1,1,3,5,5093
USER_003483,0.03458034157049064,-0.0034196584295093577,1,1,23,2,1,5,1,1,3,5,5097
USER_003484,0.03903723758066771,0.0010372375806677117,0,0,36,2,2,5,3,1,2,76,76027
USER_003485,0.024841026701066297,-0.013158973298933702,1,1,54,2,1,6,0,2,3,47,47077
USER_003486,0.03227172409287636,-0.005728275907123638,1,1,62,2,2,2,1,1,2,76,76065
USER_003487,0.06295292798295027,0.02495292798295027,0,0,44,2,2,5,0,1,1,11,11049
USER_003488,0.049973907434526114,0.011973907434526115,0,0,22,1,1,3,1,1,4,68,68016
USER_003489,0.026131538284328504,-0.011868461715671495,1,1,43,2,1,4,2,1,1,52,52065
USER_003490,0.016036012456068522,-0.021963987543931477,1,1,52,2,1,2,4,1,3,11,11076
USER_003491,0.03509474023585344,-0.002905259764146559,1,1,36,2,1,3,0,2,4,63,63082
USER_003492,0.03679814830974343,-0.001201851690256571,1,1,34,1,1,3,1,1,2,13,13085
USER_003493,0.04744298781044975,0.009442987810449749,0,0,71,1,3,6,0,1,2,25,25026
USER_003494,0.031970249311485115,-0.006029750688514884,1,1,52,2,1,2,2,1,5,73,73020
USER_003495,0.04767249363042792,0.009672493630427922,0,0,64,1,2,6,0,1,3,11,11059
USER_003496,0.06902731060090343,0.031027310600903434,0,0,66,2,1,4,2,1,4,25,25054
USER_003497,0.05223251533666394,0.014232515336663941,0,0,30,2,1,9,3,1,5,11,11076
USER_003498,0.03927867239003841,0.0012786723900384128,0,0,31,2,2,6,0,1,4,19,19004
USER_003499,0.03725274293420058,-0.0007472570657994157,1,1,47,1,3,3,1,2,5,11,11065
USER_003500,0.03464990298730193,-0.003350097012698068,1,1,65,1,1,5,2,1,4,52,52002
USER_003501,0.057709613686782166,0.019709613686782167,0,1,74,2,1,7,2,1,3,19,19089
USER_003502,0.03059029831073046,-0.0074097016892695385,1,1,60,2,2,5,3,1,3,63,63005
USER_003503,0.04067834063499974,0.0026783406349997416,0,0,34,2,2,3,2,1,4,68,68064
USER_003504,0.04076796852821628,0.002767968528216279,0,0,54,2,2,6,0,2,4,47,47090
USER_003505,0.03247323710782702,-0.005526762892172979,1,1,70,2,1,4,1,1,5,11,11029
USER_003506,0.019413016781738485,-0.018586983218261514,1,1,32,2,2,5,1,1,2,13,13095
USER_003507,0.044844617554265026,0.006844617554265027,0,0,35,2,1,5,2,1,4,11,11019
USER_003508,0.03908494042216925,0.0010849404221692505,0,0,65,2,1,4,4,1,5,73,73002
USER_003509,0.047503607041548546,0.009503607041548547,0,0,31,2,1,8,3,1,3,25,25064
USER_003510,0.0319959954034125,-0.006004004596587502,1,1,31,2,1,3,2,1,4,11,11058
USER_003511,0.058312319482195715,0.020312319482195716,0,0,62,2,3,7,1,1,3,68,68020
USER_003512,0.02684839328182233,-0.011151606718177668,1,1,50,1,1,4,1,1,3,19,19069
USER_003513,0.0656806042602684,0.027680604260268395,0,0,55,2,1,3,2,1,3,11,11018
USER_003514,0.013785452352576078,-0.024214547647423923,1,1,72,1,2,5,1,2,2,76,76076
USER_003515,0.046521550968353365,0.008521550968353366,0,0,28,1,2,2,1,1,4,11,11049
USER_003516,0.04713146023789935,0.009131460237899354,0,0,28,2,1,9,1,2,3,13,13071
USER_003517,0.028066643980886766,-0.009933356019113233,1,0,74,2,1,4,1,1,4,54,54056
USER_003518,0.04636590906791519,0.008365909067915192,0,0,65,2,1,5,2,2,4,11,11016
USER_003519,0.05919278004640238,0.021192780046402383,0,0,73,2,1,3,2,1,3,25,25063
USER_003520,0.006747717409689036,-0.031252282590310966,1,1,43,2,3,4,3,1,2,5,5004
USER_003521,0.04754117211236222,0.009541172112362224,0,0,20,2,1,5,1,1,3,11,11001
USER_003522,0.0026009376950488394,-0.03539906230495116,1,1,42,2,2,6,1,1,2,66,66099
USER_003523,0.02551502794715188,-0.012484972052848119,1,0,34,2,1,3,1,2,4,8,8015
USER_003524,0.06443749547351418,0.026437495473514185,0,0,39,2,2,5,1,1,3,25,25013
USER_003525,0.03127326949911919,-0.006726730500880809,1,1,46,2,1,4,3,1,4,11,11064
USER_003526,0.022391800533865414,-0.015608199466134585,1,1,63,2,1,5,3,1,3,19,19001
USER_003527,0.037030934065229774,-0.0009690659347702246,1,1,43,1,2,3,0,1,1,54,54088
USER_003528,0.07101859507245328,0.033018595072453284,0,0,51,1,1,2,1,2,2,19,19009
USER_003529,0.01252476629190961,-0.02547523370809039,1,1,43,2,2,2,0,1,5,25,25044
USER_003530,0.024230351325409835,-0.013769648674590164,1,1,74,1,1,6,0,1,3,76,76080
USER_003531,0.062461475247694395,0.024461475247694396,0,1,26,2,2,6,1,1,3,11,11036
USER_003532,0.06786553515306598,0.029865535153065982,0,0,57,1,3,2,0,1,2,50,50065
USER_003533,0.038448531635645745,0.0004485316356457464,0,0,28,1,2,8,2,1,3,11,11035
USER_003534,0.021414209462100365,-0.016585790537899634,1,1,24,1,1,4,1,1,3,68,68082
USER_003535,0.07143765252713738,0.03343765252713738,0,0,47,2,1,2,2,2,2,54,54037
USER_003536,0.06391663587623796,0.025916635876237958,0,0,71,2,2,5,0,2,4,66,66033
USER_003537,0.05018420481643349,0.012184204816433494,0,1,19,1,3,4,1,1,4,63,63015
USER_003538,0.0278139647659387,-0.010186035234061298,1,1,47,2,1,8,0,1,3,11,11093
USER_003539,0.039264559887429454,0.0012645598874294547,0,0,21,2,2,5,2,1,5,54,54068
USER_003540,0.03759459878432755,-0.0004054012156724518,1,1,72,2,1,3,2,1,3,19,19010
USER_003541,0.04496276956923367,0.006962769569233668,0,0,31,2,2,3,1,2,2,13,13042
USER_003542,0.06176502157197004,0.023765021571970038,0,0,30,2,2,7,2,1,1,11,11015
USER_003543,0.05319125561706105,0.015191255617061049,0,0,71,2,2,8,0,1,3,54,54054
USER_003544,0.023839358845228628,-0.014160641154771371,1,1,42,2,2,4,2,1,3,25,25045
USER_003545,0.060647446750293064,0.022647446750293065,0,0,30,1,1,5,1,2,4,19,19091
USER_003546,0.04469698210019733,0.006696982100197334,0,0,30,2,2,8,0,2,2,68,68035
USER_003547,0.05030598693788375,0.012305986937883748,0,0,54,2,1,7,2,2,3,54,54010
USER_003548,0.061998112889179044,0.023998112889179045,0,0,61,1,1,5,0,2,3,8,8014
USER_003549,0.023326296257296732,-0.014673703742703267,1,0,23,1,3,11,3,1,3,11,11084
USER_003550,0.03946261631940306,0.0014626163194030595,0,0,43,2,1,7,1,1,4,63,63092
USER_003551,0.03202818172961178,-0.0059718182703882225,1,1,71,1,2,4,0,1,2,50,50078
USER_003552,0.016482108619518165,-0.021517891380481834,1,1,31,2,1,4,2,1,4,19,19036
USER_003553,0.0452006496640738,0.007200649664073799,0,0,25,2,1,4,2,1,5,19,19017
USER_003554,0.07767334827376636,0.03967334827376636,0,0,41,1,1,5,3,1,4,25,25022
USER_003555,0.01239883383241371,-0.025601166167586287,1,1,39,1,1,5,2,1,3,8,8082
USER_003556,0.03951579083425794,0.0015157908342579435,0,1,57,2,1,4,2,2,2,11,11009
USER_003557,0.049608144026121605,0.011608144026121606,0,0,56,1,1,9,1,2,3,11,11049
USER_003558,0.04184617302484272,0.0038461730248427195,0,0,66,1,1,4,1,1,3,8,8050
USER_003559,0.0383030792122639,0.00030307921226389867,0,0,38,1,2,4,0,1,2,52,52055
USER_003560,0.02051175454831264,-0.01748824545168736,1,1,60,2,1,4,2,1,2,11,11010
USER_003561,0.043491801144102456,0.005491801144102457,0,0,43,2,3,2,1,1,3,11,11017
USER_003562,0.028648540344761105,-0.009351459655238894,1,1,27,2,1,4,2,2,3,63,63067
USER_003563,0.007151174425321702,-0.030848825574678298,1,1,30,1,3,4,2,1,3,25,25045
USER_003564,0.05791888330770596,0.019918883307705963,0,0,59,2,2,2,0,1,2,19,19026
USER_003565,0.05437578729763064,0.016375787297630638,0,0,70,1,1,6,1,2,2,11,11075
USER_003566,0.0407749146527662,0.0027749146527661986,0,0,31,2,1,2,1,1,2,47,47014
USER_003567,0.04343612032308554,0.00543612032308554,0,0,26,1,2,5,1,1,3,68,68077
USER_003568,0.05611477019073343,0.01811477019073343,0,0,24,2,3,2,1,1,2,13,13077
USER_003569,0.04336509485167124,0.005365094851671241,0,0,56,2,3,4,0,1,1,5,5097
USER_003570,0.053560263321419714,0.015560263321419715,0,0,48,1,1,5,1,2,3,68,68018
USER_003571,0.03553776698689225,-0.002462233013107752,1,1,67,2,1,4,0,1,5,25,25011
USER_003572,0.059679756078609196,0.021679756078609197,0,0,33,1,1,3,1,2,4,8,8045
USER_003573,0.044811785888990256,0.006811785888990257,0,0,25,1,1,4,1,1,4,8,8002
USER_003574,0.04291077915408811,0.004910779154088114,0,1,65,2,1,6,2,1,2,25,25094
USER_003575,0.02094908366931952,-0.01705091633068048,1,1,68,1,1,6,1,1,3,25,25080
USER_003576,0.044304337814525634,0.006304337814525635,0,0,32,1,2,5,3,1,4,8,8025
USER_003577,0.027520676237583235,-0.010479323762416764,1,1,42,2,2,4,2,1,2,47,47099
USER_003578,0.03042575910207259,-0.007574240897927409,1,1,64,1,1,4,1,1,4,52,52007
USER_003579,0.027769365575258182,-0.010230634424741817,1,1,55,2,1,5,0,1,2,50,50014
USER_003580,0.02400647602151162,-0.013993523978488378,1,1,58,1,1,3,0,1,1,13,13062
USER_003581,0.07187157104525442,0.03387157104525442,0,0,32,1,2,6,2,2,2,11,11057
USER_003582,0.05997008592982605,0.02197008592982605,0,0,42,2,3,7,1,2,4,50,50081
USER_003583,0.06880551253216392,0.030805512532163924,0,0,24,1,1,4,2,1,3,11,11032
USER_003584,0.021656574706666543,-0.016343425293333456,1,0,43,2,1,8,0,1,3,47,47087
USER_003585,0.04106880624866339,0.003068806248663389,0,0,25,1,1,2,0,1,4,73,73075
USER_003586,0.020597385621938566,-0.017402614378061433,1,0,35,1,1,4,0,1,4,47,47072
USER_003587,0.02956457684204404,-0.008435423157955958,1,0,38,1,1,9,0,1,1,54,54013
USER_003588,0.02622809524875138,-0.011771904751248619,1,1,33,1,1,4,2,1,5,66,66067
USER_003589,0.058593760096623426,0.020593760096623427,0,0,64,2,1,3,2,1,4,76,76081
USER_003590,0.034056554828473605,-0.003943445171526394,1,1,20,1,2,4,1,1,3,50,50091
USER_003591,0.056025690005410245,0.018025690005410246,0,0,18,2,1,7,1,1,2,19,19058
USER_003592,0.04906181334382777,0.011061813343827769,0,0,30,1,1,3,0,1,5,19,19083
USER_003593,0.07455458128157183,0.03655458128157183,0,0,71,2,2,8,2,1,4,63,63028
USER_003594,0.01780833665290414,-0.020191663347095858,1,1,49,1,2,3,2,1,1,76,76030
USER_003595,0.05888849859680198,0.02088849859680198,0,0,29,2,1,5,3,1,3,11,11066
USER_003596,0.05719661305601091,0.019196613056010912,0,0,48,1,1,5,1,1,4,52,52013
USER_003597,0.025399317429594483,-0.012600682570405516,1,1,58,1,2,7,2,1,4,19,19081
USER_003598,0.05510700004709739,0.017107000047097393,0,0,19,2,1,8,2,1,4,25,25082
USER_003599,0.045042174445393435,0.007042174445393436,0,0,58,2,1,6,1,2,4,13,13034
USER_003600,0.03658785610069888,-0.0014121438993011173,1,1,25,1,1,4,2,1,4,11,11075
USER_003601,0.027640967695420005,-0.010359032304579994,1,1,42,1,2,4,1,1,3,19,19058
USER_003602,0.02921335822826221,-0.00878664177173779,1,1,22,1,1,7,2,1,4,76,76064
USER_003603,0.07074718143678889,0.03274718143678889,0,0,62,2,2,3,1,2,3,8,8049
USER_003604,0.040010242284362244,0.0020102422843622444,0,0,19,1,1,9,1,1,2,76,76084
USER_003605,0.05173195002297189,0.013731950022971888,0,0,59,2,1,6,1,1,2,8,8031
USER_003606,0.028136509274986704,-0.009863490725013295,1,1,55,2,1,1,1,1,4,13,13039
USER_003607,0.028302205806675418,-0.009697794193324581,1,1,56,2,1,6,0,1,3,54,54009
USER_003608,0.056229772138749134,0.018229772138749135,0,0,20,1,1,5,0,1,2,50,50029
USER_003609,0.01975635682672702,-0.01824364317327298,1,1,63,2,1,2,1,1,3,11,11020
USER_003610,0.033771793481420925,-0.004228206518579074,1,1,65,1,1,2,2,1,2,11,11053
USER_003611,0.04051041116608348,0.0025104111660834844,0,0,55,2,1,11,1,1,3,25,25064
USER_003612,0.041670589027600784,0.0036705890276007846,0,0,39,2,1,6,0,1,1,76,76060
USER_003613,0.03731360072475765,-0.000686399275242347,1,1,57,1,2,6,1,1,5,11,11072
USER_003614,0.045937296716438855,0.007937296716438856,0,0,50,2,2,2,1,2,3,25,25098
USER_003615,0.050392836337267176,0.012392836337267177,0,0,69,2,1,6,2,1,3,25,25065
USER_003616,0.05101956318188995,0.013019563181889952,0,0,49,1,1,5,0,1,4,25,25095
USER_003617,0.025212942869982602,-0.012787057130017397,1,0,64,1,1,4,0,1,4,63,63054
USER_003618,0.03573767353106804,-0.0022623264689319578,1,1,34,1,2,2,1,1,3,11,11032
USER_003619,0.057921442928154064,0.019921442928154065,0,0,73,1,2,4,1,1,4,11,11053
USER_003620,0.05341970781360809,0.015419707813608088,0,0,35,1,1,4,0,1,1,73,73065
USER_003621,0.019407108227784044,-0.018592891772215955,1,1,73,2,2,5,2,1,4,25,25042
USER_003622,0.04527219850528302,0.007272198505283024,0,0,20,1,3,6,1,1,2,11,11098
USER_003623,0.010326621259377848,-0.027673378740622152,1,1,73,1,3,4,1,1,4,11,11028
USER_003624,0.04070402353090555,0.0027040235309055485,0,0,23,2,3,6,1,1,3,8,8030
USER_003625,0.06846650525118965,0.03046650525118965,0,0,66,2,2,3,0,1,2,11,11012
USER_003626,0.025781609240965207,-0.012218390759034792,1,1,72,2,1,4,1,2,4,73,73027
USER_003627,0.02748515431762627,-0.010514845682373729,1,1,30,2,1,5,4,2,2,19,19010
USER_003628,0.051460446723592894,0.013460446723592895,0,0,72,2,2,7,0,1,5,25,25065
USER_003629,0.016857977271855312,-0.021142022728144687,1,0,71,1,1,6,2,1,4,11,11009
USER_003630,0.030508674551724416,-0.007491325448275583,1,1,48,2,1,3,0,1,3,25,25057
USER_003631,0.04894661706372629,0.010946617063726294,0,1,34,2,1,5,2,2,2,54,54077
USER_003632,0.030485712284658954,-0.007514287715341045,1,0,38,2,2,5,2,2,5,11,11080
USER_003633,0.03646045019183543,-0.0015395498081645712,1,1,33,1,1,3,0,1,3,76,76088
USER_003634,0.05116278565472552,0.01316278565472552,0,0,34,2,1,4,3,1,3,50,50047
USER_003635,0.04632319125304842,0.008323191253048423,0,0,49,2,2,6,0,1,3,63,63024
USER_003636,0.04400227594443103,0.006002275944431028,0,0,18,2,3,3,2,1,3,54,54050
USER_003637,0.034913165810949415,-0.0030868341890505843,1,1,65,2,1,2,0,1,3,66,66006
USER_003638,0.04555091672903434,0.007550916729034338,0,0,55,1,2,6,0,2,4,25,25030
USER_003639,0.03814400979850365,0.00014400979850365259,0,0,25,2,1,7,0,2,3,68,68015
USER_003640,0.046867084148886774,0.008867084148886775,0,0,18,2,1,5,0,2,3,68,68009
USER_003641,0.03254601962323033,-0.005453980376769668,1,1,19,1,1,4,0,1,3,25,25018
USER_003642,0.037261465384306885,-0.0007385346156931136,1,1,64,2,2,4,2,1,3,11,11053
USER_003643,0.025150633111719792,-0.012849366888280207,1,1,54,2,3,6,0,1,2,50,50050
USER_003644,0.03947488584990646,0.0014748858499064599,0,0,41,1,2,4,0,1,3,8,8040
USER_003645,0.02783498704556733,-0.01016501295443267,1,1,44,1,1,5,4,1,3,54,54034
USER_003646,0.023289303247570104,-0.014710696752429895,1,1,37,2,2,5,0,1,5,25,25072
USER_003647,0.04387991721783082,0.005879917217830821,0,1,64,2,1,3,2,1,4,52,52078
USER_003648,0.043191096637864905,0.005191096637864906,0,0,38,2,1,4,2,2,3,25,25078
USER_003649,0.05174310602422859,0.01374310602422859,0,0,59,2,2,5,2,2,4,68,68084
USER_003650,0.03353311645637352,-0.004466883543626482,1,1,54,2,2,5,1,1,4,54,54029
USER_003651,0.04612079270255134,0.008120792702551338,0,0,52,2,2,4,0,1,3,68,68023
USER_003652,0.04826196358410495,0.01026196358410495,0,1,55,1,1,5,1,1,5,11,11023
USER_003653,0.04667160711747392,0.008671607117473924,0,0,70,2,2,4,0,1,3,73,73066
USER_003654,0.027615194757967868,-0.010384805242032131,1,0,32,2,1,7,0,1,5,19,19077
USER_003655,0.04224045223406783,0.004240452234067833,0,0,67,2,1,5,1,1,3,73,73087
USER_003656,0.04546210444081992,0.007462104440819919,0,0,63,1,2,7,1,2,5,11,11059
USER_003657,0.04010767700361913,0.002107677003619128,0,0,59,2,1,3,0,2,1,63,63064
USER_003658,0.008702835124433731,-0.029297164875566266,1,1,47,2,1,4,2,2,3,68,68048
USER_003659,0.0424073443596022,0.004407344359602203,0,0,21,2,2,2,0,1,3,13,13060
USER_003660,0.07318796559095864,0.03518796559095864,0,0,60,1,2,5,0,1,5,25,25020
USER_003661,0.03459941096864526,-0.0034005890313547407,1,1,69,2,1,2,1,1,2,47,47057
USER_003662,0.029078843532170183,-0.008921156467829816,1,1,56,2,1,2,1,1,3,8,8002
USER_003663,0.045600228395670975,0.007600228395670976,0,0,32,2,2,4,0,1,3,19,19036
USER_003664,0.044685673156998576,0.006685673156998577,0,0,40,1,2,2,2,2,2,11,11081
USER_003665,0.05789102748124622,0.019891027481246222,0,0,58,2,2,3,2,1,2,50,50048
USER_003666,0.02113197766136668,-0.01686802233863332,1,1,32,2,2,6,0,2,4,73,73057
USER_003667,0.05097070378862489,0.012970703788624888,0,0,43,2,1,6,1,2,4,11,11073
USER_003668,0.04885633091877195,0.010856330918771952,0,1,29,2,1,3,1,1,2,13,13049
USER_003669,0.03786780194589181,-0.0001321980541081902,1,1,35,1,1,4,4,2,2,68,68038
USER_003670,0.04508030976882534,0.007080309768825344,0,1,23,2,1,3,0,1,2,63,63077
USER_003671,0.05544186222397536,0.01744186222397536,0,0,35,1,1,7,3,2,2,68,68037
USER_003672,0.053084730700426755,0.015084730700426756,0,1,74,1,1,6,2,1,3,54,54099
USER_003673,0.02285471031889407,-0.015145289681105928,1,1,67,1,1,7,0,1,3,25,25073
USER_003674,0.052302372801332264,0.014302372801332265,0,0,71,2,1,4,0,2,5,11,11030
USER_003675,0.03902967092451223,0.001029670924512234,0,0,41,2,1,9,0,1,3,73,73053
USER_003676,0.041093111470232715,0.0030931114702327164,0,0,55,2,1,6,0,1,3,50,50005
USER_003677,0.04109795486502541,0.0030979548650254124,0,0,45,2,1,5,1,2,5,13,13020
USER_003678,0.03774635516802611,-0.00025364483197388987,1,1,32,1,1,6,1,1,1,47,47036
USER_003679,0.057875612456605975,0.019875612456605976,0,0,36,2,1,4,1,1,2,68,68029
USER_003680,0.03874423060226182,0.0007442306022618222,0,0,22,1,1,2,0,2,4,11,11087
USER_003681,0.02320680807425247,-0.014793191925747528,1,1,21,2,2,3,5,1,2,63,63094
USER_003682,0.03409705216045407,-0.0039029478395459297,1,1,34,2,2,8,0,1,3,25,25009
USER_003683,0.04268042075215713,0.004680420752157133,0,0,70,2,1,4,0,1,3,52,52071
USER_003684,0.058438221764455754,0.020438221764455755,0,0,27,2,2,5,0,1,4,63,63075
USER_003685,0.049046420274232505,0.011046420274232506,0,0,29,1,2,4,1,1,5,11,11077
USER_003686,0.027241970818794342,-0.010758029181205657,1,1,22,1,1,2,0,1,3,76,76090
USER_003687,0.07727784875018337,0.03927784875018337,0,0,24,2,3,4,0,2,3,11,11074
USER_003688,0.04397162966466969,0.005971629664669693,0,0,61,2,2,3,1,1,3,47,47085
USER_003689,0.05913086106998522,0.02113086106998522,0,1,40,2,1,4,1,1,2,50,50081
USER_003690,0.03772428349634156,-0.00027571650365843664,1,1,19,1,2,1,3,1,5,25,25061
USER_003691,0.04800038867058174,0.010000388670581742,0,0,47,2,3,5,0,1,2,8,8061
USER_003692,0.05259202756777607,0.01459202756777607,0,1,69,1,3,8,1,1,3,54,54070
USER_003693,0.05827292067631384,0.020272920676313838,0,0,66,1,3,3,3,1,3,11,11018
USER_003694,0.05586052458067337,0.017860524580673373,0,0,62,1,1,4,0,1,2,66,66072
USER_003695,0.05308295500109467,0.015082955001094668,0,0,54,2,1,5,2,1,4,54,54056
USER_003696,0.03527369903208837,-0.002726300967911627,1,1,22,1,1,4,3,1,4,68,68060
USER_003697,0.03142380937065908,-0.006576190629340922,1,1,37,2,1,8,2,2,2,25,25091
USER_003698,0.04498911265486297,0.006989112654862968,0,0,43,1,1,6,1,1,3,11,11087
USER_003699,0.05399692108511604,0.015996921085116043,0,0,61,2,2,5,0,1,4,19,19036
USER_003700,0.036659189488350896,-0.0013408105116491029,1,1,61,2,2,6,2,2,3,11,11033
USER_003701,0.0559775794857158,0.0179775794857158,0,0,56,1,2,4,1,1,2,50,50049
USER_003702,0.06178925118229269,0.023789251182292692,0,0,23,2,1,6,2,2,2,8,8068
USER_003703,0.026255186213898704,-0.011744813786101295,1,1,46,2,1,7,3,1,3,25,25046
USER_003704,0.027446189443055803,-0.010553810556944196,1,1,27,2,2,3,2,2,4,50,50095
USER_003705,0.03789437411641996,-0.00010562588358004055,1,1,68,1,1,3,0,1,2,11,11055
USER_003706,0.044614190022837945,0.006614190022837946,0,0,33,2,2,5,0,1,2,5,5060
USER_003707,0.03213149479349424,-0.00586850520650576,1,1,51,2,1,3,1,1,2,11,11074
USER_003708,0.06028304018300717,0.02228304018300717,0,0,48,2,1,3,3,1,1,25,25075
USER_003709,0.04636100292277677,0.008361002922776771,0,0,53,2,1,4,1,1,4,8,8017
USER_003710,0.04059170572361109,0.0025917057236110944,0,0,58,2,1,9,0,1,3,47,47081
USER_003711,0.01846135714197209,-0.019538642858027908,1,1,22,2,2,4,1,1,4,63,63076
USER_003712,0.020262762753587397,-0.0177372372464126,1,1,50,2,1,5,0,2,3,13,13002
USER_003713,0.04421513875422709,0.0062151387542270925,0,0,60,2,3,4,4,1,4,25,25005
USER_003714,0.008011065607677458,-0.02998893439232254,1,1,36,2,2,4,0,1,2,25,25011
USER_003715,0.05518956114466108,0.01718956114466108,0,0,49,2,2,11,0,1,1,54,54034
USER_003716,0.037627692334415194,-0.0003723076655848048,1,1,74,2,1,5,3,1,3,73,73091
USER_003717,0.08864639454392098,0.05064639454392098,0,0,40,2,1,3,3,2,4,68,68070
USER_003718,0.07461874375924166,0.03661874375924166,0,0,20,1,1,4,0,1,2,11,11023
USER_003719,0.03727826396128725,-0.0007217360387127489,1,1,18,2,3,4,3,2,2,8,8079
USER_003720,0.03840494496203028,0.0004049449620302792,0,0,53,1,1,3,2,2,4,11,11061
USER_003721,0.05493372271003045,0.01693372271003045,0,0,58,1,1,3,2,2,2,73,73091
USER_003722,0.06554758914877057,0.02754758914877057,0,0,45,2,1,4,0,2,3,66,66091
USER_003723,0.01542956413845975,-0.02257043586154025,1,1,65,2,2,3,1,1,1,52,52017
USER_003724,0.013204368019679703,-0.024795631980320296,1,1,56,2,2,5,1,2,1,8,8071
USER_003725,0.03066947791668428,-0.007330522083315718,1,1,22,1,1,4,0,1,4,11,11070
USER_003726,0.04874106374760796,0.010741063747607964,0,0,30,2,2,4,0,1,3,73,73099
USER_003727,0.047453103857613955,0.009453103857613956,0,0,28,2,3,4,2,2,2,5,5036
USER_003728,0.05604657182475775,0.018046571824757753,0,1,63,2,1,5,2,1,1,66,66038
USER_003729,0.022004537074520377,-0.015995462925479622,1,1,39,2,1,5,0,2,3,19,19081
USER_003730,0.005257842055466853,-0.03274215794453315,1,1,66,1,1,7,0,1,2,63,63092
USER_003731,0.05287021292953218,0.014870212929532181,0,1,40,1,3,4,0,1,3,8,8060
USER_003732,0.027577055905521484,-0.010422944094478515,1,1,29,2,1,6,1,2,4,11,11065
USER_003733,0.009722682034170434,-0.028277317965829565,1,1,70,2,1,9,1,1,2,50,50085
USER_003734,0.042175956189390726,0.004175956189390727,0,0,72,1,1,5,0,1,5,11,11031
USER_003735,0.05189763532328016,0.013897635323280158,0,0,70,2,3,5,1,1,5,11,11022
USER_003736,0.03816914301818084,0.00016914301818084232,0,1,38,1,2,5,1,1,1,5,5040
USER_003737,0.03313227420726266,-0.004867725792737337,1,1,36,1,1,6,0,1,3,76,76041
USER_003738,0.0376095665178114,-0.00039043348218859714,1,1,22,2,1,7,2,2,3,54,54074
USER_003739,0.03444125856398826,-0.003558741436011738,1,1,41,2,3,7,2,2,2,11,11092
USER_003740,0.019779293320897496,-0.018220706679102503,1,1,47,1,2,2,1,1,2,25,25027
USER_003741,0.029279789845143525,-0.008720210154856474,1,1,25,2,1,6,0,2,2,50,50077
USER_003742,0.047819198575207215,0.009819198575207216,0,0,19,1,2,5,0,1,3,19,19065
USER_003743,0.0448251781206475,0.0068251781206475,0,0,66,2,1,3,1,1,2,8,8052
USER_003744,0.0425208970895023,0.004520897089502304,0,0,51,2,2,4,0,1,3,13,13086
USER_003745,0.025072772772199308,-0.012927227227800691,1,1,40,1,1,4,1,1,5,8,8087
USER_003746,0.037277452567965,-0.000722547432035002,1,1,20,1,1,5,3,1,4,11,11053
USER_003747,0.007344024303357182,-0.03065597569664282,1,1,73,2,1,2,3,1,2,50,50034
USER_003748,0.04267714995828085,0.004677149958280849,0,0,69,2,1,6,0,1,1,11,11075
USER_003749,0.061432865617203514,0.023432865617203515,0,0,41,2,1,5,1,1,3,11,11022
USER_003750,0.017888018019368415,-0.020111981980631584,1,1,35,2,1,7,0,2,4,68,68049
USER_003751,0.031211084900233672,-0.006788915099766327,1,1,64,2,1,4,2,1,3,19,19005
USER_003752,0.044936601680651944,0.006936601680651945,0,0,54,2,2,4,1,2,2,68,68010
USER_003753,0.05879263951641226,0.020792639516412262,0,0,71,2,2,6,2,2,3,73,73073
USER_003754,0.033276630755497756,-0.004723369244502243,1,1,66,2,1,3,0,1,2,73,73057
USER_003755,0.029616245061011556,-0.008383754938988443,1,1,48,2,2,3,1,1,3,66,66081
USER_003756,0.010466152863758755,-0.027533847136241244,1,1,31,1,2,4,1,2,3,19,19080
USER_003757,0.0415515719396216,0.003551571939621599,0,0,18,1,1,6,1,2,1,11,11074
USER_003758,0.07063114060215617,0.03263114060215617,0,0,31,2,1,7,2,1,4,25,25055
USER_003759,0.04416037692947014,0.006160376929470142,0,0,58,2,1,7,1,1,2,13,13021
USER_003760,0.0396658153122443,0.001665815312244301,0,0,22,2,1,6,3,1,5,11,11066
USER_003761,0.04483123466150478,0.00683123466150478,0,0,48,1,2,3,0,1,3,76,76047
USER_003762,0.03983361994077097,0.0018336199407709697,0,1,48,1,1,7,0,1,5,68,68036
USER_003763,0.027804784416098054,-0.010195215583901945,1,1,47,2,1,2,1,1,4,66,66033
USER_003764,0.05234919873516558,0.014349198735165582,0,0,53,2,2,7,3,1,3,11,11073
USER_003765,0.04338642284667632,0.005386422846676321,0,0,18,2,1,3,1,2,3,73,73017
USER_003766,0.04026419877900486,0.0022641987790048626,0,0,20,1,1,2,1,1,3,11,11097
USER_003767,0.02536950959082625,-0.012630490409173748,1,1,37,2,2,4,1,2,3,73,73012
USER_003768,0.059552618979021386,0.021552618979021387,0,0,60,2,2,2,0,1,2,66,66013
USER_003769,0.04997054117999665,0.01197054117999665,0,0,65,2,1,3,1,1,2,63,63046
USER_003770,0.03170618743949047,-0.0062938125605095305,1,1,60,2,1,1,1,1,1,76,76065
USER_003771,0.055027372805229055,0.017027372805229056,0,0,38,2,2,5,1,2,3,25,25040
USER_003772,0.032536437424221895,-0.005463562575778104,1,1,47,2,2,4,1,1,3,13,13086
USER_003773,0.028269947612334447,-0.009730052387665552,1,1,59,1,3,5,4,1,2,68,68074
USER_003774,0.028604453237795695,-0.009395546762204304,1,1,61,2,1,5,0,2,2,54,54048
USER_003775,0.013433971703678634,-0.024566028296321367,1,1,47,2,1,4,0,1,3,50,50057
USER_003776,0.047073135706273084,0.009073135706273085,0,0,22,2,3,4,0,2,2,11,11038
USER_003777,0.012532826824924749,-0.02546717317507525,1,1,27,2,1,5,0,1,3,54,54049
USER_003778,0.021573342531013562,-0.016426657468986437,1,1,41,2,1,4,2,1,3,11,11040
USER_003779,0.008866179863822004,-0.029133820136177997,1,1,62,2,1,6,1,1,2,25,25052
USER_003780,0.03870895460813661,0.0007089546081366083,0,0,68,1,1,5,2,2,4,11,11032
USER_003781,0.03774519309592192,-0.00025480690407807954,1,1,56,2,1,5,3,1,2,11,11013
USER_003782,0.03509955680220454,-0.002900443197795456,1,1,65,1,1,6,1,1,2,11,11065
USER_003783,0.024361334579941357,-0.013638665420058642,1,1,23,1,3,7,1,2,3,11,11088
USER_003784,0.0224164936984504,-0.015583506301549598,1,1,27,2,2,8,2,1,2,68,68036
USER_003785,0.046965547953198614,0.008965547953198615,0,0,59,2,1,5,1,1,2,52,52086
USER_003786,0.031741721024372685,-0.006258278975627314,1,0,60,2,1,3,0,2,4,8,8042
USER_003787,0.044745374823042174,0.0067453748230421745,0,1,71,2,2,3,3,1,2,73,73012
USER_003788,0.026721269708136663,-0.011278730291863336,1,1,27,2,2,6,0,1,3,52,52082
USER_003789,0.04271594114156624,0.004715941141566239,0,0,42,2,1,2,1,1,4,50,50085
USER_003790,0.05954917055974095,0.021549170559740954,0,0,31,2,1,5,2,1,1,63,63094
USER_003791,0.04879248700589175,0.010792487005891749,0,0,64,1,1,3,3,1,4,52,52068
USER_003792,0.03381379272675279,-0.004186207273247207,1,1,56,2,1,4,0,1,1,25,25067
USER_003793,0.04385798455533891,0.00585798455533891,0,0,30,1,1,1,0,1,3,11,11002
USER_003794,0.036390022382046805,-0.001609977617953194,1,1,28,1,1,4,1,1,3,11,11068
USER_003795,0.04011820277042092,0.002118202770420921,0,0,56,2,1,3,1,1,5,11,11068
USER_003796,0.035115834217772444,-0.0028841657822275546,1,1,28,2,2,5,0,2,5,63,63008
USER_003797,0.03753497191171913,-0.000465028088280868,1,1,63,2,1,4,1,1,4,11,11074
USER_003798,0.043181400296112636,0.005181400296112637,0,0,66,2,1,6,0,1,3,11,11055
USER_003799,0.02509961950627074,-0.012900380493729258,1,1,33,1,1,5,1,1,2,50,50093
USER_003800,0.024761817595150327,-0.013238182404849672,1,1,50,1,2,5,5,1,4,8,8033
USER_003801,0.019171861692531836,-0.018828138307468163,1,1,58,1,1,4,1,2,1,52,52094
USER_003802,0.01599593343244435,-0.022004066567555648,1,1,58,1,2,3,0,1,2,25,25022
USER_003803,0.02174075961669281,-0.01625924038330719,1,1,49,2,1,7,1,1,2,13,13056
USER_003804,0.04239193760206194,0.0043919376020619405,0,0,27,2,1,3,0,2,4,5,5058
USER_003805,0.02660818726762174,-0.01139181273237826,1,0,68,2,1,4,0,2,3,11,11028
USER_003806,0.047704216963466446,0.009704216963466447,0,0,32,2,1,4,4,1,5,11,11029
USER_003807,0.04052070623128843,0.0025207062312884304,0,0,33,2,1,2,1,2,2,5,5048
USER_003808,0.010472436798429196,-0.027527563201570803,1,1,60,1,1,4,1,1,4,11,11064
USER_003809,0.04982463376332535,0.011824633763325348,0,1,44,2,1,4,0,1,1,5,5037
USER_003810,0.05216197968387565,0.014161979683875649,0,0,73,2,2,2,2,1,4,5,5013
USER_003811,0.025092059877477202,-0.012907940122522797,1,0,74,1,1,9,2,1,3,8,8070
USER_003812,0.04630287314342488,0.008302873143424878,0,0,66,2,1,4,0,1,4,11,11093
USER_003813,0.027152526438862016,-0.010847473561137983,1,1,68,1,1,4,2,1,3,11,11079
USER_003814,0.04146505565122503,0.003465055651225034,0,0,62,2,2,4,0,1,4,66,66067
USER_003815,0.021032523895675517,-0.016967476104324482,1,1,49,2,1,5,0,1,4,25,25003
USER_003816,0.01310340321198135,-0.02489659678801865,1,1,23,2,1,4,0,1,1,8,8074
USER_003817,0.03425774215580547,-0.0037422578441945256,1,1,64,2,1,9,3,1,5,5,5064
USER_003818,0.03814406580587746,0.00014406580587746076,0,0,65,2,1,3,1,1,2,11,11059
USER_003819,0.03403480459578094,-0.003965195404219059,1,1,53,2,2,8,0,1,2,52,52047
USER_003820,0.02223954162666161,-0.01576045837333839,1,0,25,2,2,3,2,1,4,25,25096
USER_003821,0.034001514068032944,-0.003998485931967055,1,0,42,2,3,2,1,1,3,11,11002
USER_003822,0.04403942128871101,0.00603942128871101,0,0,24,2,1,3,1,1,2,25,25061
USER_003823,0.03932660454816195,0.0013266045481619484,0,0,34,1,1,9,1,1,2,66,66055
USER_003824,0.042737515458988205,0.004737515458988206,0,0,65,1,1,5,2,1,2,11,11017
USER_003825,0.029948271993186507,-0.008051728006813492,1,1,47,1,1,1,0,2,3,50,50086
USER_003826,0.057575768720742396,0.019575768720742397,0,0,19,2,2,5,1,1,1,73,73058
USER_003827,0.022357399951678292,-0.015642600048321707,1,1,34,1,3,8,0,1,1,25,25043
USER_003828,0.04731340445630078,0.00931340445630078,0,0,74,2,1,5,0,1,4,68,68064
USER_003829,0.057728366394399426,0.019728366394399427,0,1,21,2,1,3,3,2,3,11,11046
USER_003830,0.04721362139123343,0.009213621391233433,0,0,43,1,1,4,2,1,2,13,13086
USER_003831,0.03696213659402755,-0.00103786340597245,1,1,31,2,2,4,0,1,1,25,25069
USER_003832,0.03207554430005532,-0.005924455699944681,1,1,25,1,1,7,2,1,4,8,8061
USER_003833,0.05554131476569384,0.017541314765693844,0,0,22,2,3,7,0,1,4,25,25040
USER_003834,0.018655376121074905,-0.019344623878925094,1,1,22,2,2,6,0,1,3,25,25091
USER_003835,0.025448136094305348,-0.012551863905694651,1,1,22,1,2,5,2,1,4,25,25005
USER_003836,0.03403663351762418,-0.003963366482375816,1,1,44,2,1,4,0,1,4,63,63097
USER_003837,0.05856480636267997,0.020564806362679974,0,1,22,2,3,3,2,1,3,11,11033
USER_003838,0.045696514540613443,0.007696514540613444,0,0,20,2,2,9,0,2,5,19,19062
USER_003839,0.02547931362234632,-0.012520686377653679,1,1,55,2,1,3,1,2,2,25,25026
USER_003840,0.035345384419226446,-0.0026546155807735533,1,1,47,1,1,4,2,1,4,54,54086
USER_003841,0.030785152838555586,-0.007214847161444413,1,1,18,2,1,4,0,1,3,47,47081
USER_003842,0.029353165116496976,-0.008646834883503023,1,1,25,2,1,2,2,1,1,68,68027
USER_003843,0.054683343378351686,0.016683343378351687,0,0,30,2,1,4,0,1,5,8,8063
USER_003844,0.019423853061047422,-0.018576146938952577,1,0,37,1,3,3,0,2,4,11,11002
USER_003845,0.0641317128360156,0.0261317128360156,0,0,23,1,2,2,0,1,3,11,11046
USER_003846,0.05242344535276934,0.014423445352769342,0,0,67,2,2,6,0,1,4,68,68020
USER_003847,0.05636292505905547,0.01836292505905547,0,0,67,1,2,3,1,1,3,8,8037
USER_003848,0.033055907319621124,-0.004944092680378875,1,1,65,1,1,5,0,1,3,68,68039
USER_003849,0.03775088921381336,-0.0002491107861866404,1,1,25,1,1,5,0,1,2,54,54044
USER_003850,0.01850272278212932,-0.01949727721787068,1,1,47,2,1,2,1,1,3,11,11015
USER_003851,0.03213006389399796,-0.00586993610600204,1,0,66,1,3,5,0,1,2,52,52031
USER_003852,0.047404822714647264,0.009404822714647265,0,0,57,2,1,6,1,1,5,11,11050
USER_003853,0.059440945926720945,0.021440945926720946,0,0,32,2,2,7,1,1,3,11,11092
USER_003854,0.023392647747963225,-0.014607352252036774,1,1,27,2,2,4,1,2,3,52,52007
USER_003855,0.03451741094522101,-0.003482589054778988,1,1,50,2,1,5,0,1,5,11,11039
USER_003856,0.03773051169651217,-0.00026948830348783037,1,1,26,2,3,2,1,1,5,8,8001
USER_003857,0.019063161967112725,-0.018936838032887274,1,1,66,2,1,4,2,1,4,11,11007
USER_003858,0.048870238626376,0.010870238626376004,0,1,69,1,2,3,2,1,4,50,50071
USER_003859,0.029140145023860864,-0.008859854976139135,1,1,74,1,2,2,0,2,4,11,11009
USER_003860,0.03706914473234464,-0.0009308552676553575,1,0,50,1,3,2,0,2,5,66,66059
USER_003861,0.033220759421321834,-0.004779240578678165,1,1,26,1,3,6,0,2,4,8,8075
USER_003862,0.028159922414204886,-0.009840077585795113,1,0,31,2,1,10,1,1,1,54,54023
USER_003863,0.03989432521779168,0.0018943252177916828,0,0,73,2,1,3,1,1,4,11,11052
USER_003864,0.03676585632147966,-0.0012341436785203372,1,1,49,1,2,3,2,1,5,25,25038
USER_003865,0.03442213176582002,-0.003577868234179979,1,1,54,2,1,4,0,1,2,73,73018
USER_003866,0.02907307567479486,-0.00892692432520514,1,1,23,2,1,5,2,2,3,76,76016
USER_003867,0.04479287006174433,0.006792870061744331,0,0,22,2,2,4,2,1,5,25,25046
USER_003868,0.06480425902738428,0.02680425902738428,0,0,21,2,1,1,1,1,3,11,11005
USER_003869,0.04209830849258691,0.004098308492586911,0,0,65,1,2,2,1,1,2,68,68046
USER_003870,0.05494177322366693,0.016941773223666932,0,0,33,2,2,4,7,1,4,54,54089
USER_003871,0.01914667112269806,-0.01885332887730194,1,1,27,2,2,5,1,1,5,25,25069
USER_003872,0.042366421589406546,0.004366421589406547,0,0,48,2,2,3,3,2,1,11,11094
USER_003873,0.023539475215434,-0.014460524784565998,1,1,48,2,3,8,0,2,2,19,19043
USER_003874,0.01784612608702148,-0.02015387391297852,1,0,31,2,1,7,1,1,3,11,11056
USER_003875,0.028909428888114458,-0.009090571111885541,1,1,30,2,1,3,3,1,4,63,63089
USER_003876,0.05787849001620359,0.019878490016203593,0,0,21,2,1,4,1,1,4,63,63068
USER_003877,0.05425023743004469,0.016250237430044688,0,0,63,1,3,6,0,1,3,5,5083
USER_003878,0.043645070830815993,0.005645070830815994,0,0,43,2,1,3,1,1,5,8,8096
USER_003879,0.01700949160165104,-0.02099050839834896,1,1,41,2,2,6,1,2,4,25,25076
USER_003880,0.03705579022918095,-0.0009442097708190489,1,1,73,1,1,6,1,1,3,66,66071
USER_003881,0.04452550013352603,0.006525500133526034,0,0,26,2,3,3,0,1,3,76,76070
USER_003882,0.04263304344367897,0.004633043443678972,0,0,52,1,3,5,0,1,4,50,50044
USER_003883,0.012343096247788815,-0.025656903752211184,1,1,59,1,2,2,1,1,5,11,11017
USER_003884,0.026645232279701926,-0.011354767720298073,1,1,32,1,1,8,2,1,4,11,11014
USER_003885,0.039038833537769255,0.0010388335377692556,0,0,41,1,1,3,3,1,3,68,68066
USER_003886,0.04804436364275785,0.010044363642757848,0,1,48,2,1,7,0,1,1,68,68076
USER_003887,0.007058082683500806,-0.030941917316499194,1,0,36,2,1,6,2,1,4,25,25075
USER_003888,0.03756814036780212,-0.0004318596321978771,1,1,19,2,1,4,1,1,4,25,25097
USER_003889,0.04214573154818429,0.004145731548184289,0,0,19,2,1,3,1,1,1,11,11060
USER_003890,0.052744179827743196,0.014744179827743197,0,1,58,2,1,8,2,1,2,19,19066
USER_003891,0.05039286376356155,0.012392863763561551,0,1,53,1,2,6,1,1,1,50,50088
USER_003892,0.04873856978213208,0.010738569782132078,0,1,54,1,2,2,3,2,3,11,11080
USER_003893,0.028000892399470987,-0.009999107600529012,1,1,51,1,1,1,1,1,3,68,68003
USER_003894,0.011379967943150389,-0.02662003205684961,1,1,74,2,3,2,3,1,2,68,68040
USER_003895,0.03410420864407899,-0.0038957913559210106,1,1,56,2,1,3,1,2,3,73,73040
USER_003896,0.0550244773781284,0.0170244773781284,0,0,36,1,1,4,0,1,4,5,5073
USER_003897,0.060901817912866474,0.022901817912866475,0,1,55,2,1,4,0,2,4,8,8005
USER_003898,0.05065823653446678,0.01265823653446678,0,0,40,2,3,7,0,2,4,8,8043
USER_003899,0.04644011234202602,0.008440112342026018,0,0,33,1,1,4,1,1,4,25,25001
USER_003900,0.04569459472578948,0.007694594725789483,0,0,63,2,3,3,1,1,4,11,11016
USER_003901,0.031658218798588295,-0.0063417812014117045,1,1,61,2,1,3,0,1,2,25,25025
USER_003902,0.0380490955966957,4.9095596695698795e-05,0,0,23,2,2,5,0,1,2,66,66089
USER_003903,0.06503604288739498,0.02703604288739498,0,0,43,2,1,7,1,2,5,54,54083
USER_003904,0.025861629913121853,-0.012138370086878146,1,1,39,2,2,9,0,1,5,11,11061
USER_003905,0.06422168186064778,0.02622168186064778,0,0,62,2,3,5,2,1,1,25,25082
USER_003906,0.03516957768261913,-0.0028304223173808707,1,1,64,2,3,3,0,2,4,47,47091
USER_003907,0.059881481636426176,0.021881481636426177,0,0,41,1,2,6,1,2,3,13,13009
USER_003908,0.01889777485753693,-0.01910222514246307,1,1,63,1,1,4,0,1,1,11,11085
USER_003909,0.04878856301746974,0.010788563017469742,0,0,57,2,2,1,2,1,3,68,68069
USER_003910,0.028948447960785672,-0.009051552039214327,1,1,38,1,2,2,2,2,3,68,68030
USER_003911,0.01877099212113719,-0.01922900787886281,1,1,47,1,1,5,2,1,2,66,66008
USER_003912,0.04327801063616418,0.0052780106361641835,0,0,69,1,2,3,2,2,5,68,68028
USER_003913,0.05514207682893953,0.017142076828939534,0,0,28,2,1,6,0,1,5,52,52081
USER_003914,0.027325878421097557,-0.010674121578902442,1,1,70,1,1,6,0,1,5,13,13052
USER_003915,0.017514760593123985,-0.020485239406876014,1,1,26,2,2,8,3,2,1,8,8021
USER_003916,0.03862232853497567,0.0006223285349756733,0,0,29,1,1,3,1,2,2,66,66018
USER_003917,0.038688470068342286,0.0006884700683422867,0,0,43,2,1,5,1,1,3,11,11010
USER_003918,0.048224794413317486,0.010224794413317487,0,0,55,2,1,3,0,2,4,11,11070
USER_003919,0.05424391857046732,0.016243918570467322,0,1,68,2,2,4,0,2,2,13,13087
USER_003920,0.03910877228091259,0.0011087722809125927,0,0,20,2,2,3,4,1,3,52,52082
USER_003921,0.06783254972191395,0.029832549721913952,0,0,50,2,1,1,0,2,2,25,25058
USER_003922,0.04336352116802938,0.005363521168029378,0,0,32,1,3,6,2,1,3,25,25014
USER_003923,0.03480360240989651,-0.0031963975901034905,1,1,64,2,1,4,1,1,5,8,8096
USER_003924,0.015826489613457582,-0.022173510386542417,1,1,22,1,2,4,2,2,3,11,11053
USER_003925,0.036060107195257485,-0.0019398928047425143,1,1,71,2,1,4,2,2,3,5,5084
USER_003926,0.03495419581883296,-0.003045804181167039,1,0,41,1,1,5,0,1,2,11,11054
USER_003927,0.054404571944222054,0.016404571944222054,0,0,28,2,1,4,2,1,1,25,25057
USER_003928,0.04693725436100281,0.00893725436100281,0,0,74,2,1,5,0,1,5,8,8005
USER_003929,0.022309463175510743,-0.015690536824489256,1,1,72,2,2,3,1,2,5,11,11089
USER_003930,0.04258381579616556,0.004583815796165562,0,0,50,1,2,6,0,1,1,63,63035
USER_003931,0.0500729675759358,0.012072967575935803,0,0,40,2,1,3,0,1,3,11,11063
USER_003932,0.0629204703908175,0.024920470390817497,0,0,27,2,2,6,2,1,1,50,50086
USER_003933,0.05331255951121089,0.01531255951121089,0,0,74,1,1,7,0,1,3,76,76008
USER_003934,0.05141269981467217,0.01341269981467217,0,0,69,2,2,1,4,1,4,68,68035
USER_003935,0.04090128991922746,0.0029012899192274594,0,0,60,1,2,3,1,1,3,73,73075
USER_003936,0.045824680081351744,0.007824680081351745,0,0,45,2,1,2,2,1,2,68,68065
USER_003937,0.05874257351059238,0.02074257351059238,0,0,56,2,2,6,1,2,3,8,8096
USER_003938,0.020008339037805255,-0.017991660962194744,1,1,74,2,3,5,0,2,2,50,50026
USER_003939,0.03475841009174566,-0.003241589908254336,1,1,34,2,1,4,2,1,4,66,66032
USER_003940,0.028411468768656387,-0.009588531231343612,1,1,61,2,1,6,0,2,4,11,11096
USER_003941,0.04568729678089186,0.007687296780891861,0,1,43,1,2,3,2,1,3,8,8034
USER_003942,0.058453332634761816,0.020453332634761817,0,0,42,2,1,6,1,1,3,8,8013
USER_003943,0.031045385699183893,-0.006954614300816106,1,1,53,1,2,6,0,2,4,11,11079
USER_003944,0.004145434487958432,-0.033854565512041565,1,1,29,2,1,6,0,1,4,66,66038
USER_003945,0.03381668882463295,-0.004183311175367049,1,1,73,2,3,7,1,2,4,54,54067
USER_003946,0.0537021059802611,0.015702105980261102,0,0,20,1,2,5,0,1,4,63,63080
USER_003947,0.0480644485442482,0.010064448544248199,0,0,67,2,3,5,0,1,2,8,8066
USER_003948,0.04642279371715864,0.008422793717158643,0,0,46,2,1,3,3,1,3,11,11079
USER_003949,0.035800100471882805,-0.002199899528117194,1,1,61,2,1,6,0,1,3,54,54043
USER_003950,0.020814538956703207,-0.017185461043296792,1,1,73,2,1,5,0,1,3,76,76068
USER_003951,0.04772941482436701,0.009729414824367011,0,0,41,2,1,6,0,1,3,11,11013
USER_003952,0.02748577284948063,-0.010514227150519369,1,1,36,1,3,6,0,1,5,13,13039
USER_003953,0.07276145100070684,0.03476145100070684,0,0,30,2,2,6,2,1,5,19,19016
USER_003954,0.04855760812531774,0.010557608125317738,0,0,33,1,1,1,1,1,5,68,68042
USER_003955,0.03129027546169074,-0.0067097245383092585,1,1,57,1,2,4,1,1,4,11,11073
USER_003956,0.030829221289170584,-0.007170778710829415,1,1,44,1,3,1,2,1,2,11,11099
USER_003957,0.03860583690079618,0.0006058369007961792,0,0,23,2,2,3,1,1,2,19,19048
USER_003958,0.03640747116967375,-0.001592528830326248,1,1,59,1,2,4,5,1,2,8,8026
USER_003959,0.05675250663294931,0.018752506632949313,0,0,74,2,1,8,1,2,5,54,54091
USER_003960,0.0427962425461607,0.004796242546160699,0,0,27,2,1,6,2,2,3,73,73080
USER_003961,0.02902552391637208,-0.00897447608362792,1,1,55,1,2,3,2,1,4,66,66054
USER_003962,0.06835661027733674,0.030356610277336736,0,0,25,2,2,5,2,2,4,11,11074
USER_003963,0.04073962497280334,0.002739624972803341,0,0,35,2,1,4,0,1,5,11,11021
USER_003964,0.051532595139533455,0.013532595139533456,0,0,49,2,1,7,0,1,1,25,25058
USER_003965,0.030876602388328612,-0.007123397611671387,1,1,34,1,2,5,2,2,1,8,8091
USER_003966,0.04544673441616785,0.007446734416167854,0,0,59,2,2,2,2,1,4,25,25016
USER_003967,0.04466664986714793,0.0066666498671479335,0,0,19,2,1,7,0,1,1,11,11095
USER_003968,0.011655260618557704,-0.026344739381442293,1,1,61,2,1,1,1,1,4,68,68089
USER_003969,0.0702291266569096,0.0322291266569096,0,0,37,2,2,5,1,1,3,19,19051
USER_003970,0.059359666913838205,0.021359666913838206,0,1,27,2,2,4,3,1,2,11,11013
USER_003971,0.034042070257810184,-0.0039579297421898155,1,1,26,1,1,6,1,1,5,11,11055
USER_003972,0.02346595389316217,-0.014534046106837829,1,1,65,1,3,4,1,1,4,5,5036
USER_003973,0.04521342420705328,0.00721342420705328,0,0,56,1,2,6,5,1,2,11,11094
USER_003974,0.04130046549121595,0.0033004654912159523,0,0,58,2,2,4,0,1,4,13,13006
USER_003975,0.045335034228448444,0.007335034228448445,0,0,42,2,1,4,1,1,2,47,47039
USER_003976,0.04287366094291135,0.004873660942911348,0,0,42,1,2,8,1,1,3,11,11097
USER_003977,0.04759361483958889,0.009593614839588892,0,0,41,2,2,3,1,1,4,68,68006
USER_003978,0.0617095854908771,0.0237095854908771,0,0,23,1,1,4,0,1,3,8,8005
USER_003979,0.04852154807692969,0.01052154807692969,0,0,47,2,1,4,1,2,4,66,66042
USER_003980,0.024255167516350883,-0.013744832483649116,1,1,27,2,1,3,1,1,2,11,11093
USER_003981,0.060438442790686775,0.022438442790686776,0,0,56,2,1,3,0,2,3,11,11082
USER_003982,0.06460921845232431,0.026609218452324314,0,0,48,1,1,4,1,1,1,13,13014
USER_003983,0.08728085101768127,0.04928085101768127,0,0,35,2,2,2,1,2,5,54,54074
USER_003984,0.02314758950140603,-0.014852410498593968,1,1,60,2,1,4,4,1,2,11,11042
USER_003985,0.04364323019725413,0.005643230197254129,0,0,50,2,2,3,2,1,2,5,5080
USER_003986,0.008768519452165186,-0.029231480547834813,1,1,70,2,2,2,3,2,3,11,11043
USER_003987,0.04829723734568814,0.010297237345688139,0,0,73,2,1,4,2,1,1,54,54072
USER_003988,0.03177699552749841,-0.006223004472501591,1,0,36,2,1,4,1,2,4,11,11008
USER_003989,0.0688516869223743,0.030851686922374298,0,0,40,2,3,6,0,1,2,76,76055
USER_003990,0.02838077544972127,-0.009619224550278728,1,1,22,1,3,5,1,2,3,8,8083
USER_003991,0.014662254430491076,-0.023337745569508923,1,0,43,2,1,5,1,2,4,68,68038
USER_003992,0.032931043889462205,-0.005068956110537794,1,1,46,2,2,6,2,2,3,73,73087
USER_003993,0.010367683431742939,-0.02763231656825706,1,1,41,2,3,5,1,1,1,11,11087
USER_003994,0.05126649181760965,0.013266491817609652,0,0,23,1,3,3,1,2,2,19,19093
USER_003995,0.009023754306155193,-0.028976245693844806,1,1,71,2,1,3,2,1,3,25,25011
USER_003996,0.04042686371774738,0.0024268637177473837,0,0,56,1,1,4,0,2,3,13,13070
USER_003997,0.00883282270215705,-0.029167177297842947,1,1,72,2,2,2,1,1,3,11,11034
USER_003998,0.03519553293195037,-0.0028044670680496264,1,1,21,1,1,6,0,1,3,11,11094
USER_003999,0.064650672337068,0.026650672337068006,0,0,65,2,2,9,3,1,3,52,52043
USER_004000,0.04540971837153693,0.007409718371536929,0,0,59,1,1,2,2,2,2,13,13016
USER_004001,0.02704759592552599,-0.01095240407447401,1,1,43,2,1,7,0,1,5,11,11004
USER_004002,0.03953194766591374,0.0015319476659137396,0,0,32,1,1,8,1,1,3,11,11082
USER_004003,0.0402702530806667,0.0022702530806667023,0,0,30,2,1,6,2,1,2,76,76053
USER_004004,0.047089455187651084,0.009089455187651085,0,0,57,2,1,7,3,2,3,73,73040
USER_004005,0.019497124550787604,-0.018502875449212395,1,1,39,2,3,5,0,1,2,63,63038
USER_004006,0.04888850910770996,0.010888509107709964,0,0,30,1,1,3,1,1,4,73,73061
USER_004007,0.0,-0.038,1,1,73,1,1,5,4,1,3,25,25029
USER_004008,0.030551731714542847,-0.007448268285457152,1,1,56,1,1,3,4,1,4,11,11038
USER_004009,0.03267589236322683,-0.0053241076367731704,1,0,34,2,1,5,0,1,4,63,63073
USER_004010,0.04949990239106858,0.01149990239106858,0,0,53,2,2,2,0,1,5,52,52051
USER_004011,0.04033946279015304,0.0023394627901530407,0,0,56,1,2,1,0,1,4,73,73056
USER_004012,0.018916554192155703,-0.019083445807844296,1,1,65,2,3,6,0,1,4,8,8091
USER_004013,0.025225103112744774,-0.012774896887255225,1,1,42,1,2,10,2,1,3,63,63017
USER_004014,0.042980200143211106,0.004980200143211107,0,0,51,2,1,5,2,1,1,19,19011
USER_004015,0.038813989872031655,0.0008139898720316563,0,0,38,2,1,2,2,1,1,66,66097
USER_004016,0.0313131383554638,-0.0066868616445361975,1,1,42,1,1,4,2,2,4,25,25063
USER_004017,0.03278749315732031,-0.005212506842679689,1,0,42,2,1,5,1,1,4,52,52008
USER_004018,0.05044251995738933,0.012442519957389334,0,0,39,2,2,7,2,1,2,52,52076
USER_004019,0.03223461140696178,-0.005765388593038219,1,1,40,2,1,5,2,1,5,54,54003
USER_004020,0.0386786313395639,0.0006786313395639038,0,0,42,2,1,2,0,1,2,19,19044
USER_004021,0.07254904882120815,0.03454904882120815,0,1,31,2,1,6,0,1,3,47,47075
USER_004022,0.018644760446741154,-0.019355239553258845,1,1,31,1,1,7,0,1,5,66,66074
USER_004023,0.012222359026380122,-0.025777640973619877,1,1,43,2,1,11,1,2,5,19,19087
USER_004024,0.0517538449719791,0.013753844971979103,0,0,57,2,1,2,1,1,2,8,8015
USER_004025,0.02982035408058845,-0.00817964591941155,1,1,47,2,1,2,3,1,2,11,11034
USER_004026,0.035226437083860695,-0.0027735629161393036,1,1,43,2,1,5,1,1,2,11,11026
USER_004027,0.02828265432803329,-0.00971734567196671,1,1,55,2,1,4,0,1,2,76,76062
USER_004028,0.036102997888487316,-0.0018970021115126828,1,1,39,2,1,5,1,1,3,50,50098
USER_004029,0.06397807168144512,0.02597807168144512,0,0,56,2,1,3,1,2,4,47,47017
USER_004030,0.052031926879271787,0.014031926879271787,0,0,56,2,3,5,0,1,1,19,19049
USER_004031,0.05293335267830466,0.01493335267830466,0,0,51,2,2,10,1,1,3,8,8007
USER_004032,0.01875659416311032,-0.01924340583688968,1,1,42,2,2,3,1,2,2,68,68026
USER_004033,0.02273269395170696,-0.015267306048293038,1,1,53,1,1,3,0,2,3,66,66042
USER_004034,0.0,-0.038,1,1,30,1,3,5,3,1,4,8,8091
USER_004035,0.02785928768375869,-0.01014071231624131,1,1,46,2,2,3,0,1,2,13,13015
USER_004036,0.05435054779578488,0.016350547795784882,0,0,59,2,1,3,0,2,3,68,68096
USER_004037,0.047754197736225565,0.009754197736225566,0,0,26,2,2,4,1,2,3,19,19035
USER_004038,0.03667730105571814,-0.0013226989442818582,1,1,32,2,1,7,0,1,2,11,11088
USER_004039,0.03966549574422921,0.001665495744229209,0,0,48,2,1,3,3,1,4,11,11085
USER_004040,0.029666716861368913,-0.008333283138631086,1,1,61,1,2,4,0,1,3,11,11018
USER_004041,0.043071383236026765,0.005071383236026766,0,0,44,2,1,5,1,1,3,11,11062
USER_004042,0.051488174192209225,0.013488174192209226,0,0,48,1,2,9,1,1,1,8,8038
USER_004043,0.01576169818884291,-0.022238301811157088,1,1,27,2,1,4,0,2,3,11,11055
USER_004044,0.044494715317560225,0.006494715317560226,0,0,68,2,3,3,1,2,3,66,66083
USER_004045,0.05398652306432001,0.01598652306432001,0,0,70,1,1,4,1,2,3,68,68023
USER_004046,0.033773495665549456,-0.004226504334450543,1,0,54,1,3,5,1,1,2,8,8054
USER_004047,0.05051050918180876,0.012510509181808759,0,0,24,1,2,6,2,1,5,25,25023
USER_004048,0.08221981666708829,0.04421981666708829,0,0,49,2,1,4,2,1,1,66,66034
USER_004049,0.03843485810519662,0.00043485810519661855,0,0,69,1,1,5,2,1,4,11,11001
USER_004050,0.04589960575007986,0.007899605750079863,0,0,28,2,1,2,1,1,3,11,11008
USER_004051,0.028929143745079128,-0.009070856254920871,1,1,65,2,2,4,1,2,3,47,47008
USER_004052,0.042718767439030754,0.004718767439030755,0,0,62,1,1,4,4,1,4,25,25089
USER_004053,0.04690407437473456,0.00890407437473456,0,0,45,2,1,7,2,1,2,50,50007
USER_004054,0.04292263510405207,0.004922635104052074,0,0,21,2,1,4,0,1,2,11,11080
USER_004055,0.02470457020436715,-0.013295429795632849,1,1,65,1,1,4,1,1,1,8,8035
USER_004056,0.04309542656988176,0.00509542656988176,0,0,62,2,1,5,0,1,5,11,11063
USER_004057,0.061932939080764554,0.023932939080764555,0,0,48,1,2,2,0,2,2,8,8017
USER_004058,0.04672953646771791,0.008729536467717909,0,0,46,1,3,3,0,1,2,5,5086
USER_004059,0.054429807836077614,0.016429807836077615,0,0,50,2,2,7,3,2,4,13,13091
USER_004060,0.03644482044981059,-0.0015551795501894117,1,1,71,1,2,6,0,1,5,11,11037
USER_004061,0.05124850359135565,0.013248503591355654,0,0,21,1,2,2,1,1,5,73,73075
USER_004062,0.04418901757324789,0.006189017573247892,0,0,64,1,1,6,2,2,3,13,13003
USER_004063,0.025736339054691523,-0.012263660945308476,1,0,43,2,1,2,0,1,1,73,73078
USER_004064,0.04477781507198312,0.00677781507198312,0,0,70,1,1,2,1,1,4,54,54018
USER_004065,0.025124550048395346,-0.012875449951604653,1,1,48,2,1,4,0,1,3,73,73061
USER_004066,0.030506795876728124,-0.007493204123271875,1,1,48,2,1,3,0,1,4,11,11057
USER_004067,0.04283992460938561,0.004839924609385614,0,0,44,1,2,6,0,1,5,66,66009
USER_004068,0.04445866410070186,0.006458664100701859,0,0,42,1,2,10,0,1,2,11,11008
USER_004069,0.022161513023843064,-0.015838486976156935,1,1,65,1,3,5,0,2,3,11,11068
USER_004070,0.055809786567743144,0.017809786567743145,0,0,53,1,1,3,1,1,3,19,19050
USER_004071,0.048580094174507094,0.010580094174507094,0,0,66,1,1,3,2,1,3,8,8001
USER_004072,0.029429073465836744,-0.008570926534163255,1,1,48,1,2,3,2,2,3,76,76014
USER_004073,0.01693622805326237,-0.021063771946737628,1,1,60,1,1,6,1,2,3,25,25090
USER_004074,0.03782643131377853,-0.00017356868622146748,1,1,74,1,1,6,2,2,3,11,11099
USER_004075,0.0333108442920826,-0.004689155707917399,1,0,54,2,2,9,0,2,2,8,8055
USER_004076,0.04169710685579534,0.003697106855795343,0,0,62,1,1,4,1,1,2,76,76039
USER_004077,0.034553250082666506,-0.003446749917333493,1,1,61,2,3,3,2,1,2,50,50009
USER_004078,0.009888147088824854,-0.028111852911175145,1,1,40,1,1,4,0,1,2,13,13072
USER_004079,0.03417479592548263,-0.00382520407451737,1,1,52,2,2,2,2,1,4,11,11021
USER_004080,0.03541571333397531,-0.002584286666024692,1,0,21,2,1,3,2,1,5,11,11043
USER_004081,0.049504915371610884,0.011504915371610885,0,0,45,1,1,7,1,1,2,73,73059
USER_004082,0.029527004880834255,-0.008472995119165744,1,1,59,2,1,6,2,1,2,25,25096
USER_004083,0.06518012010058849,0.02718012010058849,0,0,58,2,1,7,2,1,3,11,11071
USER_004084,0.011325391740223645,-0.026674608259776356,1,1,59,2,1,6,0,2,3,73,73016
USER_004085,0.059667512467039364,0.021667512467039365,0,0,30,2,2,4,2,1,3,68,68032
USER_004086,0.036635215436828426,-0.0013647845631715727,1,0,18,1,2,8,0,2,2,11,11096
USER_004087,0.05289377308515334,0.014893773085153342,0,0,29,2,1,6,1,1,1,19,19050
USER_004088,0.041197022260881,0.003197022260880998,0,0,60,2,1,6,1,1,3,63,63035
USER_004089,0.05709333304038204,0.019093333040382042,0,0,70,1,1,2,3,1,2,8,8074
USER_004090,0.03418957053170783,-0.003810429468292166,1,1,57,2,1,3,0,1,3,25,25096
USER_004091,0.02352069362233282,-0.01447930637766718,1,1,43,2,2,4,2,1,3,11,11023
USER_004092,0.06130756430906595,0.02330756430906595,0,0,72,1,1,3,2,2,4,25,25084
USER_004093,0.03829779031176788,0.0002977903117678815,0,0,63,2,3,2,1,1,3,25,25001
USER_004094,0.04332337710436317,0.005323377104363168,0,0,63,2,1,2,2,1,2,11,11031
USER_004095,0.05852127871067193,0.020521278710671928,0,0,69,2,2,5,1,1,3,52,52071
USER_004096,0.024520671368583477,-0.013479328631416522,1,1,40,2,2,4,0,1,5,8,8048
USER_004097,0.04893236346458886,0.010932363464588861,0,0,66,2,1,5,0,1,2,11,11027
USER_004098,0.031151578653056636,-0.006848421346943363,1,0,39,2,1,6,3,1,3,11,11002
USER_004099,0.03801745966533442,1.745966533442389e-05,0,0,74,2,1,4,2,1,2,68,68092
USER_004100,0.041084184480764334,0.003084184480764335,0,0,68,2,1,3,0,2,3,76,76098
USER_004101,0.01749667207829596,-0.020503327921704038,1,1,69,1,1,1,1,1,5,11,11022
USER_004102,0.02831744435769348,-0.00968255564230652,1,1,73,1,1,3,0,1,3,25,25074
USER_004103,0.06026609338619709,0.02226609338619709,0,0,45,2,1,5,1,1,4,68,68023
USER_004104,0.053292867828771934,0.015292867828771935,0,0,70,2,1,6,1,2,3,11,11050
USER_004105,0.039060406340091475,0.0010604063400914757,0,0,70,2,1,4,4,1,4,73,73083
USER_004106,0.0436468518776934,0.0056468518776933985,0,0,34,2,3,4,1,1,2,25,25058
USER_004107,0.035586362415453134,-0.0024136375845468655,1,1,23,2,1,3,3,1,2,76,76044
USER_004108,0.06034875078741973,0.022348750787419734,0,0,31,2,1,4,1,1,4,66,66010
USER_004109,0.03699471133308754,-0.0010052886669124558,1,1,67,2,1,5,3,1,4,25,25023
USER_004110,0.04347763138202272,0.005477631382022723,0,0,34,2,2,5,1,2,4,11,11063
USER_004111,0.05719045216213098,0.01919045216213098,0,0,55,2,1,1,2,1,4,66,66055
USER_004112,0.028339427727311402,-0.009660572272688597,1,0,22,2,2,3,1,1,3,47,47092
USER_004113,0.0633818377674534,0.025381837767453404,0,0,30,1,1,5,3,2,4,25,25058
USER_004114,0.01704307885384935,-0.02095692114615065,1,0,65,2,1,3,2,1,2,11,11078
USER_004115,0.06444463196669198,0.02644463196669198,0,0,70,1,1,3,1,1,1,50,50013
USER_004116,0.034409866240720385,-0.0035901337592796137,1,1,26,2,1,3,3,1,5,47,47090
USER_004117,0.036359518782620774,-0.001640481217379225,1,1,61,2,1,8,0,1,4,25,25089
USER_004118,0.01164984743225586,-0.026350152567744138,1,1,59,1,1,5,1,1,4,11,11013
USER_004119,0.03317807923933461,-0.004821920760665392,1,1,43,2,3,4,3,1,1,11,11029
USER_004120,0.02440290203459674,-0.01359709796540326,1,1,30,2,1,6,3,1,2,11,11002
USER_004121,0.030885304819397913,-0.007114695180602086,1,1,36,2,1,7,1,1,3,11,11099
USER_004122,0.037940335513166806,-5.9664486833192754e-05,1,1,65,1,2,2,2,1,2,13,13052
USER_004123,0.05436687421709358,0.016366874217093583,0,0,34,2,3,6,1,1,3,11,11054
USER_004124,0.04311405027100939,0.0051140502710093905,0,0,33,2,2,3,3,2,1,25,25092
USER_004125,0.04461514980101671,0.006615149801016712,0,0,47,2,3,5,0,1,2,63,63009
USER_004126,0.023567209167316566,-0.014432790832683434,1,1,49,2,2,10,2,1,2,11,11028
USER_004127,0.02678868865595905,-0.01121131134404095,1,1,31,2,1,3,2,1,3,76,76064
USER_004128,0.06698087527526968,0.02898087527526968,0,0,65,2,1,6,2,1,4,11,11036
USER_004129,0.028971984478551302,-0.009028015521448697,1,1,73,1,2,4,2,1,2,54,54003
USER_004130,0.06484312378085944,0.026843123780859436,0,0,32,2,1,5,2,1,4,52,52069
USER_004131,0.036354082016787005,-0.0016459179832129939,1,1,29,2,1,2,1,1,2,8,8036
USER_004132,0.040034319042152565,0.002034319042152566,0,0,54,2,3,5,0,1,4,68,68069
USER_004133,0.05605547740344895,0.018055477403448948,0,0,28,2,1,4,0,1,5,25,25026
USER_004134,0.05907838632907985,0.02107838632907985,0,0,22,1,2,5,1,1,1,8,8014
USER_004135,0.03833781159581369,0.0003378115958136904,0,0,73,1,2,4,1,1,4,11,11089
USER_004136,0.03417635419717692,-0.0038236458028230794,1,1,73,2,1,5,1,1,1,11,11067
USER_004137,0.03916119327216681,0.0011611932721668078,0,0,28,1,3,5,1,2,2,11,11019
USER_004138,0.04506936292348177,0.007069362923481773,0,0,51,1,2,5,2,2,4,25,25029
USER_004139,0.05336955530304633,0.015369555303046331,0,0,36,2,1,5,0,1,2,19,19084
USER_004140,0.04006344788491228,0.0020634478849122784,0,0,43,1,2,7,0,1,3,11,11075
USER_004141,0.04928329447034731,0.011283294470347309,0,0,43,2,1,6,4,1,2,47,47076
USER_004142,0.06457539598406412,0.026575395984064117,0,0,34,2,2,4,1,1,3,66,66036
USER_004143,0.04571964418397177,0.007719644183971773,0,0,48,2,1,6,3,1,4,68,68073
USER_004144,0.04467479284007168,0.006674792840071678,0,0,36,1,2,6,0,1,4,19,19046
USER_004145,0.017216337623648985,-0.020783662376351014,1,1,61,1,2,2,0,2,2,76,76056
USER_004146,0.000539047947564051,-0.03746095205243595,1,1,37,2,1,3,3,1,2,11,11093
USER_004147,0.04582563593845253,0.007825635938452528,0,0,40,2,1,5,1,1,5,13,13010
USER_004148,0.03857763653078692,0.0005776365307869208,0,0,42,1,1,8,2,1,2,25,25067
USER_004149,0.03227825987627887,-0.0057217401237211266,1,1,45,2,2,7,2,2,5,19,19064
USER_004150,0.04365295306279517,0.005652953062795174,0,0,54,2,1,6,1,1,3,11,11082
USER_004151,0.039093944062046374,0.0010939440620463745,0,0,29,1,3,5,1,1,3,54,54065
USER_004152,0.056916703759508476,0.018916703759508477,0,0,65,2,3,3,1,1,3,8,8032
USER_004153,0.04129166302388467,0.0032916630238846722,0,0,18,2,1,3,0,1,3,47,47014
USER_004154,0.02879615072394749,-0.00920384927605251,1,1,19,1,1,1,0,1,3,47,47004
USER_004155,0.05485249358438934,0.01685249358438934,0,0,27,2,2,3,1,1,4,11,11068
USER_004156,0.03674303387580696,-0.001256966124193036,1,1,51,2,2,3,0,2,4,11,11056
USER_004157,0.047898050255084604,0.009898050255084605,0,1,49,1,1,4,1,2,3,66,66001
USER_004158,0.032838839407107995,-0.005161160592892004,1,1,42,1,1,4,1,1,1,54,54099
USER_004159,0.030252596717538455,-0.007747403282461544,1,1,27,2,3,4,1,1,3,25,25079
USER_004160,0.04126252345278544,0.0032625234527854444,0,0,72,1,1,5,1,1,3,13,13099
USER_004161,0.040192429653155275,0.0021924296531552756,0,0,67,2,3,3,1,1,5,66,66004
USER_004162,0.047197405530502494,0.009197405530502495,0,0,18,2,3,3,1,1,3,68,68015
USER_004163,0.03597031370035386,-0.002029686299646137,1,1,49,1,1,6,1,2,5,54,54087
USER_004164,0.012454603243444043,-0.025545396756555955,1,1,54,2,3,4,3,2,1,11,11097
USER_004165,0.03350839174617417,-0.0044916082538258295,1,1,29,1,1,4,1,1,1,11,11055
USER_004166,0.05190727700715724,0.013907277007157243,0,0,66,1,1,4,1,1,3,8,8040
USER_004167,0.0355393588113534,-0.002460641188646598,1,1,74,2,1,3,2,1,2,63,63057
USER_004168,0.03630424896228178,-0.0016957510377182197,1,0,68,1,1,7,0,1,4,13,13007
USER_004169,0.054795647588589055,0.016795647588589056,0,0,35,2,1,5,1,1,5,8,8068
USER_004170,0.02932040159111616,-0.00867959840888384,1,1,47,2,1,4,2,1,2,63,63069
USER_004171,0.016857951726356506,-0.021142048273643493,1,1,30,1,1,5,2,1,5,25,25010
USER_004172,0.03759053320711758,-0.00040946679288241666,1,1,71,2,1,5,0,1,3,25,25051
USER_004173,0.032737390731268946,-0.005262609268731053,1,1,20,1,2,8,2,1,4,8,8076
USER_004174,0.02550630520370119,-0.012493694796298808,1,1,38,2,1,4,2,1,2,19,19097
USER_004175,0.03736932316151964,-0.0006306768384803582,1,1,59,1,2,4,2,1,3,11,11034
USER_004176,0.04737258470870176,0.00937258470870176,0,0,31,1,1,2,1,2,4,25,25098
USER_004177,0.039860671576482765,0.0018606715764827655,0,0,57,2,1,5,1,1,4,47,47056
USER_004178,0.04460471609029357,0.006604716090293568,0,0,27,2,1,3,0,1,4,25,25055
USER_004179,0.06720111547773135,0.029201115477731347,0,0,19,1,1,6,0,2,4,11,11025
USER_004180,0.03485681707663654,-0.0031431829233634564,1,0,62,2,2,6,0,1,3,73,73019
USER_004181,0.044175229519670046,0.006175229519670047,0,0,54,1,1,3,1,1,3,50,50004
USER_004182,0.03236179956101298,-0.005638200438987016,1,1,28,2,1,1,2,1,1,11,11088
USER_004183,0.027304604201695407,-0.010695395798304592,1,0,73,1,1,3,1,2,4,52,52032
USER_004184,0.031226385198733452,-0.006773614801266547,1,1,18,2,1,8,1,2,4,63,63032
USER_004185,0.03281862142717467,-0.005181378572825329,1,1,43,1,2,3,0,1,3,25,25080
USER_004186,0.04539213696320689,0.00739213696320689,0,0,59,1,1,5,1,1,1,11,11022
USER_004187,0.07523613680051136,0.03723613680051136,0,1,30,1,2,5,0,1,2,68,68079
USER_004188,0.029259348455862397,-0.008740651544137602,1,1,45,2,1,3,0,1,4,11,11084
USER_004189,0.03375062041576806,-0.004249379584231938,1,1,53,1,3,3,2,2,4,68,68058
USER_004190,0.039053154803331276,0.001053154803331277,0,0,38,1,1,8,1,2,5,5,5047
USER_004191,0.045936982730646204,0.007936982730646205,0,0,27,2,1,2,1,1,4,50,50028
USER_004192,0.04395326217932177,0.0059532621793217735,0,1,29,2,2,4,0,2,4,68,68074
USER_004193,0.05926143690922176,0.021261436909221762,0,0,63,2,1,6,2,1,5,25,25080
USER_004194,0.0036041189419718724,-0.03439588105802813,1,1,44,2,2,7,1,1,3,63,63047
USER_004195,0.004196051947064912,-0.03380394805293509,1,1,20,1,2,3,1,1,4,52,52055
USER_004196,0.03256182741984776,-0.005438172580152237,1,1,45,2,2,6,1,1,4,11,11081
USER_004197,0.05645950281315563,0.01845950281315563,0,0,19,1,2,4,1,1,3,25,25093
USER_004198,0.016515279525916058,-0.02148472047408394,1,0,45,2,1,5,0,2,3,11,11017
USER_004199,0.0,-0.038,1,1,68,2,2,7,1,1,2,76,76042
USER_004200,0.04856769109328813,0.010567691093288131,0,0,48,2,1,4,0,1,1,66,66094
USER_004201,0.04365485835554072,0.005654858355540721,0,0,60,1,2,5,2,1,2,68,68094
USER_004202,0.023646873898008555,-0.014353126101991444,1,1,38,1,2,2,1,2,2,76,76042
USER_004203,0.025216905989186054,-0.012783094010813945,1,0,24,2,1,3,1,2,3,8,8020
USER_004204,0.025453844205479886,-0.012546155794520113,1,1,67,2,1,3,1,1,2,11,11040
USER_004205,0.041658029762109104,0.003658029762109105,0,1,48,1,1,5,3,2,2,47,47028
USER_004206,0.030605270857254896,-0.007394729142745103,1,1,31,1,2,7,1,1,1,5,5074
USER_004207,0.04741095878463279,0.009410958784632793,0,0,56,2,1,6,0,1,5,11,11027
USER_004208,0.0,-0.038,1,1,71,2,1,2,0,1,3,19,19002
USER_004209,0.02714722202308301,-0.01085277797691699,1,1,56,2,1,3,4,2,2,54,54055
USER_004210,0.023109190586334243,-0.014890809413665756,1,1,72,2,1,3,0,1,5,68,68004
USER_004211,0.03615488982441262,-0.001845110175587382,1,1,26,1,1,4,3,2,1,50,50042
USER_004212,0.03192928362264792,-0.006070716377352077,1,1,40,2,3,9,1,2,1,8,8096
USER_004213,0.0519676566984365,0.013967656698436498,0,0,29,2,1,5,1,1,5,8,8038
USER_004214,0.012109948425099139,-0.02589005157490086,1,1,46,1,1,4,1,2,3,25,25066
USER_004215,0.04068237214496128,0.0026823721449612814,0,0,55,2,1,3,2,1,3,63,63078
USER_004216,0.048375046348175584,0.010375046348175584,0,0,73,2,1,5,2,2,2,8,8038
USER_004217,0.06784971154842932,0.029849711548429324,0,0,56,2,2,3,1,1,3,11,11043
USER_004218,0.03277351043359787,-0.005226489566402127,1,1,39,1,1,3,0,1,4,13,13051
USER_004219,0.04486687906528776,0.006866879065287761,0,0,21,2,1,4,0,2,4,47,47091
USER_004220,0.012942058111564528,-0.02505794188843547,1,0,65,1,3,7,1,1,4,54,54014
USER_004221,0.004120656935304645,-0.03387934306469535,1,1,24,2,1,5,2,2,2,25,25049
USER_004222,0.0526716156367255,0.014671615636725498,0,0,57,1,1,5,3,2,2,13,13001
USER_004223,0.03991659559527894,0.0019165955952789443,0,0,25,2,1,2,0,1,5,5,5023
USER_004224,0.05767769034697634,0.01967769034697634,0,0,69,1,1,7,3,1,3,11,11038
USER_004225,0.019398956665453767,-0.018601043334546232,1,1,74,2,2,3,2,1,4,13,13014
USER_004226,0.047798532092931285,0.009798532092931286,0,0,52,2,3,4,1,1,4,8,8009
USER_004227,0.0680322676081578,0.030032267608157796,0,0,26,2,2,5,0,1,2,19,19022
USER_004228,0.04629558412535899,0.008295584125358989,0,0,68,1,2,6,2,2,5,47,47034
USER_004229,0.044148722583865735,0.006148722583865736,0,0,30,1,3,3,0,2,4,54,54042
USER_004230,0.04012834121236525,0.0021283412123652493,0,0,56,2,2,3,0,1,2,19,19054
USER_004231,0.016436778143111317,-0.021563221856888682,1,1,37,2,1,5,1,1,3,8,8045
USER_004232,0.06033359403565522,0.02233359403565522,0,0,38,2,1,3,1,2,5,25,25014
USER_004233,0.030837135402924015,-0.007162864597075984,1,1,64,2,1,8,0,1,4,11,11013
USER_004234,0.04756724884574526,0.009567248845745259,0,0,36,1,1,5,0,2,2,11,11099
USER_004235,0.016554485401431198,-0.0214455145985688,1,1,19,2,1,2,1,1,4,11,11051
USER_004236,0.022308105032383296,-0.015691894967616703,1,1,61,1,2,5,2,1,3,8,8081
USER_004237,0.061526310988333534,0.023526310988333535,0,1,57,1,1,5,3,2,1,11,11097
USER_004238,0.034790465665632354,-0.0032095343343676447,1,1,47,2,2,4,1,2,3,13,13090
USER_004239,0.06179913214063817,0.02379913214063817,0,0,40,2,1,3,2,1,2,19,19018
USER_004240,0.03882654011412223,0.0008265401141222331,0,0,72,2,1,3,1,1,3,50,50092
USER_004241,0.012371533405632141,-0.025628466594367856,1,1,57,1,1,3,2,2,3,8,8081
USER_004242,0.05338101399597581,0.015381013995975808,0,0,30,1,1,5,1,2,3,11,11049
USER_004243,0.031151615233665886,-0.006848384766334113,1,1,50,2,2,7,4,1,3,63,63003
USER_004244,0.050480332202755655,0.012480332202755656,0,1,49,1,2,6,4,2,3,68,68086
USER_004245,0.04037816301310123,0.002378163013101231,0,0,45,1,1,5,2,2,2,47,47064
USER_004246,0.01685322658085695,-0.02114677341914305,1,1,41,1,2,3,1,1,4,68,68016
USER_004247,0.04246442148055854,0.0044644214805585405,0,0,59,1,2,4,1,1,3,13,13028
USER_004248,0.07294334713229199,0.03494334713229199,0,0,45,1,1,3,1,1,3,8,8077
USER_004249,0.04739479687771689,0.00939479687771689,0,0,47,2,1,3,0,1,1,52,52068
USER_004250,0.039137233704918055,0.0011372337049180559,0,0,70,2,1,4,2,1,2,63,63086
USER_004251,0.05613015102935347,0.018130151029353468,0,0,73,2,1,4,3,1,2,8,8067
USER_004252,0.04316002697804666,0.005160026978046663,0,0,58,1,3,3,0,1,4,8,8055
USER_004253,0.04314301345394191,0.005143013453941914,0,0,46,2,1,3,0,2,1,5,5016
USER_004254,0.023625622417613464,-0.014374377582386536,1,1,51,1,1,5,1,1,4,50,50062
USER_004255,0.04350772038684397,0.005507720386843974,0,0,68,1,1,3,0,1,2,11,11095
USER_004256,0.05553165124625417,0.017531651246254172,0,0,39,1,2,6,0,1,3,19,19062
USER_004257,0.027459067718499628,-0.010540932281500371,1,1,42,2,1,5,1,1,2,8,8070
USER_004258,0.06136743731870422,0.02336743731870422,0,0,31,2,1,5,2,1,4,5,5049
USER_004259,0.03862440963782311,0.0006244096378231132,0,0,27,2,1,5,4,1,1,11,11047
USER_004260,0.026683457326921893,-0.011316542673078106,1,1,27,2,2,4,0,2,2,52,52022
USER_004261,0.05496448115380367,0.016964481153803668,0,0,25,2,2,6,1,1,5,5,5024
USER_004262,0.035698086463925964,-0.002301913536074035,1,1,31,1,3,5,1,1,2,5,5009
USER_004263,0.05139272331229162,0.013392723312291618,0,0,62,1,1,4,0,2,4,8,8076
USER_004264,0.035623620516121945,-0.0023763794838780536,1,1,55,2,1,7,0,1,5,73,73055
USER_004265,0.03910260784705145,0.0011026078470514483,0,0,49,1,2,6,0,2,2,66,66014
USER_004266,0.04740340306501437,0.009403403065014374,0,0,70,2,2,3,1,1,3,11,11041
USER_004267,0.04436345586385009,0.006363455863850093,0,0,62,2,1,5,1,1,2,8,8088
USER_004268,0.010067023293223924,-0.027932976706776073,1,1,49,2,1,6,3,1,3,8,8041
USER_004269,0.02318134389858412,-0.014818656101415879,1,1,20,2,1,4,1,1,3,11,11016
USER_004270,0.053941149771862235,0.015941149771862236,0,0,37,2,1,2,1,1,3,11,11094
USER_004271,0.03801795116647679,1.7951166476792846e-05,0,0,30,2,2,3,1,2,3,11,11055
USER_004272,0.032144030458428674,-0.005855969541571325,1,1,72,2,1,6,2,2,4,11,11090
USER_004273,0.019621389771137886,-0.018378610228862113,1,1,40,1,2,3,1,1,3,19,19022
USER_004274,0.023803955180862275,-0.014196044819137724,1,1,36,2,1,3,2,1,4,8,8049
USER_004275,0.009673020400570791,-0.02832697959942921,1,1,33,2,1,2,2,1,5,68,68077
USER_004276,0.03848078921947701,0.0004807892194770083,0,0,53,2,1,6,1,1,3,8,8026
USER_004277,0.031023436291284297,-0.006976563708715702,1,1,52,2,1,1,1,1,4,73,73078
USER_004278,0.025501181635220273,-0.012498818364779726,1,1,64,2,3,4,1,1,3,11,11034
USER_004279,0.0389781486224807,0.000978148622480704,0,0,64,2,2,7,1,2,3,11,11040
USER_004280,0.04545955946279107,0.007459559462791074,0,0,67,1,2,3,0,2,5,73,73047
USER_004281,0.07139796898314917,0.033397968983149166,0,0,71,2,1,3,1,1,4,25,25093
USER_004282,0.017321748706551798,-0.0206782512934482,1,1,24,2,1,5,0,1,3,11,11026
USER_004283,0.05739071564950783,0.019390715649507832,0,0,69,1,1,4,0,2,2,25,25033
USER_004284,0.05459652341522608,0.016596523415226078,0,0,54,2,1,6,1,1,1,76,76082
USER_004285,0.028313608909349492,-0.009686391090650507,1,1,25,2,1,2,1,1,3,68,68080
USER_004286,0.04304853931879046,0.005048539318790464,0,0,42,2,1,1,0,1,3,11,11019
USER_004287,0.03313550125993577,-0.004864498740064227,1,1,40,2,1,2,2,1,4,5,5015
USER_004288,0.04278532870628109,0.004785328706281088,0,0,27,2,1,2,1,1,3,63,63020
USER_004289,0.06263696520106826,0.024636965201068263,0,0,47,2,1,9,0,1,3,8,8084
USER_004290,0.049084093489469696,0.011084093489469697,0,0,50,1,3,2,1,2,4,25,25005
USER_004291,0.04762912559850163,0.009629125598501632,0,0,28,1,1,3,1,1,3,50,50045
USER_004292,0.033545360200680364,-0.004454639799319635,1,1,52,2,1,3,1,1,1,11,11081
USER_004293,0.017739150026134975,-0.020260849973865024,1,1,44,2,2,4,2,1,3,25,25064
USER_004294,0.03687297684189388,-0.0011270231581061163,1,1,70,1,1,4,0,1,2,25,25083
USER_004295,0.058099122322958725,0.020099122322958726,0,0,20,1,2,8,2,2,4,54,54086
USER_004296,0.01709248215115529,-0.02090751784884471,1,1,64,2,3,3,2,1,4,73,73089
USER_004297,0.024173659477349577,-0.013826340522650422,1,1,66,2,1,10,1,1,4,11,11024
USER_004298,0.04189401604351102,0.0038940160435110213,0,1,67,2,1,3,0,1,3,25,25035
USER_004299,0.025230178227291063,-0.012769821772708936,1,1,25,1,1,3,2,1,3,25,25097
USER_004300,0.028112148293271813,-0.009887851706728186,1,1,72,2,2,9,1,2,2,25,25092
USER_004301,0.03364602127407734,-0.004353978725922657,1,1,30,1,2,7,0,1,4,13,13031
USER_004302,0.019515738937147763,-0.018484261062852236,1,0,59,1,1,3,4,1,4,76,76014
USER_004303,0.025388172306754477,-0.012611827693245523,1,1,20,2,1,5,2,1,3,54,54039
USER_004304,0.05055141875180963,0.01255141875180963,0,0,37,2,2,6,2,2,4,54,54050
USER_004305,0.020389453266535542,-0.017610546733464457,1,1,63,2,3,2,1,1,5,54,54046
USER_004306,0.016031917982577436,-0.021968082017422563,1,1,62,2,2,3,0,1,5,8,8008
USER_004307,0.030549625306991585,-0.007450374693008414,1,1,52,2,2,6,0,1,5,11,11003
USER_004308,0.050979332537647686,0.012979332537647686,0,0,30,2,1,8,1,1,1,11,11042
USER_004309,0.037046172880046656,-0.0009538271199533432,1,0,37,2,2,3,4,2,4,11,11009
USER_004310,0.03303128382826572,-0.004968716171734278,1,1,41,2,1,6,2,1,5,11,11063
USER_004311,0.04066538196273411,0.002665381962734109,0,0,74,1,1,5,1,1,4,11,11099
USER_004312,0.013814388507105221,-0.024185611492894776,1,1,72,2,1,4,0,1,2,25,25064
USER_004313,0.04742058480662549,0.009420584806625491,0,0,26,2,3,4,2,2,3,63,63011
USER_004314,0.04575152547105467,0.00775152547105467,0,0,47,2,1,4,0,1,2,11,11007
USER_004315,0.03386037288856418,-0.004139627111435819,1,1,42,2,2,3,1,1,3,11,11020
USER_004316,0.05508886767694625,0.01708886767694625,0,0,33,1,1,5,3,1,1,73,73083
USER_004317,0.02308755851570442,-0.014912441484295578,1,1,72,1,2,5,0,1,4,11,11047
USER_004318,0.05691863489880354,0.018918634898803542,0,0,72,2,1,2,0,1,2,76,76012
USER_004319,0.04231740498392877,0.004317404983928769,0,0,25,1,3,4,4,1,4,52,52085
USER_004320,0.0349517111518274,-0.003048288848172598,1,0,61,1,2,3,1,1,2,50,50049
USER_004321,0.03970189546947533,0.0017018954694753285,0,0,45,2,1,4,2,2,5,66,66076
USER_004322,0.03839102851283587,0.0003910285128358726,0,0,29,2,1,5,0,2,3,8,8036
USER_004323,0.05830424344626576,0.02030424344626576,0,0,68,2,2,4,0,1,4,11,11078
USER_004324,0.023849813087934796,-0.014150186912065203,1,1,41,2,1,2,0,1,2,8,8021
USER_004325,0.028562211412801027,-0.009437788587198973,1,1,66,2,1,3,2,1,3,54,54019
USER_004326,0.0555445433810872,0.0175445433810872,0,0,46,2,2,4,0,2,4,8,8054
USER_004327,0.031066975972242113,-0.006933024027757886,1,1,32,2,2,4,0,2,3,5,5046
USER_004328,0.05350799615997388,0.015507996159973877,0,0,71,2,1,4,0,1,4,8,8027
USER_004329,0.06549153974513064,0.02749153974513064,0,0,35,1,1,1,0,1,3,8,8021
USER_004330,0.033973074595875494,-0.004026925404124505,1,1,24,2,2,6,0,1,4,5,5054
USER_004331,0.05022043489862958,0.012220434898629583,0,0,30,2,3,6,0,1,2,13,13082
USER_004332,0.022694615779902123,-0.015305384220097876,1,1,36,1,2,4,3,1,4,68,68014
USER_004333,0.05132099947101714,0.013320999471017142,0,0,65,1,1,3,0,2,1,63,63072
USER_004334,0.04299135978980151,0.00499135978980151,0,0,60,2,2,7,0,2,2,63,63058
USER_004335,0.04709557423240323,0.00909557423240323,0,0,22,2,1,5,1,1,5,5,5005
USER_004336,0.030316418919469075,-0.007683581080530924,1,1,43,1,1,6,1,1,4,50,50007
USER_004337,0.015083748766492414,-0.022916251233507587,1,1,19,2,1,14,1,1,5,11,11022
USER_004338,0.04754878097124257,0.009548780971242572,0,0,50,1,2,4,1,1,1,76,76099
USER_004339,0.009048952712808185,-0.028951047287191813,1,1,65,2,3,3,0,1,2,11,11042
USER_004340,0.03523974261636198,-0.0027602573836380193,1,1,54,2,3,3,0,1,5,11,11068
USER_004341,0.05411772799629955,0.016117727996299548,0,0,42,1,2,5,0,1,4,8,8028
USER_004342,0.042878466038095545,0.0048784660380955455,0,0,42,2,1,2,0,2,2,47,47013
USER_004343,0.0692251396718472,0.031225139671847195,0,0,56,2,1,2,1,1,3,25,25041
USER_004344,0.0553766372887266,0.0173766372887266,0,0,47,1,1,5,0,1,2,11,11076
USER_004345,0.030191524175116353,-0.007808475824883646,1,0,58,1,1,3,0,1,4,47,47033
USER_004346,0.04040970069777158,0.0024097006977715843,0,0,21,1,2,5,1,1,4,25,25081
USER_004347,0.03928943946183346,0.0012894394618334637,0,0,36,2,1,4,2,1,5,25,25003
USER_004348,0.016267348549808092,-0.021732651450191907,1,1,44,1,2,5,2,1,1,11,11091
USER_004349,0.025894016252734704,-0.012105983747265295,1,1,69,1,1,6,1,1,1,50,50006
USER_004350,0.0315885863953021,-0.006411413604697901,1,1,64,2,3,4,0,2,2,73,73064
USER_004351,0.009456692457160952,-0.02854330754283905,1,1,56,1,1,5,1,1,2,11,11076
USER_004352,0.040712402023774644,0.0027124020237746446,0,0,41,1,1,4,4,1,3,5,5081
USER_004353,0.03626392233020439,-0.0017360776697956104,1,0,67,2,1,5,2,2,5,68,68054
USER_004354,0.014906591480326388,-0.023093408519673612,1,1,54,1,1,6,1,2,2,66,66052
USER_004355,0.04606319297915998,0.008063192979159979,0,1,70,2,1,1,2,1,3,11,11040
USER_004356,0.05073809117036439,0.01273809117036439,0,0,42,2,1,4,0,2,3,66,66063
USER_004357,0.043405517182973335,0.0054055171829733364,0,0,46,2,1,7,1,1,4,52,52064
USER_004358,0.03513897737186545,-0.002861022628134549,1,1,48,2,1,8,1,1,5,66,66083
USER_004359,0.048871632276277825,0.010871632276277826,0,0,62,2,2,5,1,1,2,73,73004
USER_004360,0.050203305407150366,0.012203305407150367,0,0,52,2,2,5,2,2,3,11,11038
USER_004361,0.04461105354579532,0.006611053545795324,0,0,45,1,1,3,1,1,3,66,66082
USER_004362,0.027630816243478587,-0.010369183756521412,1,1,55,1,3,5,1,1,5,54,54038
USER_004363,0.04414901148266771,0.006149011482667714,0,0,61,2,2,4,0,1,4,25,25007
USER_004364,0.057932209762382184,0.019932209762382185,0,0,70,1,2,5,3,1,4,73,73024
USER_004365,0.031050564120824048,-0.006949435879175951,1,1,67,2,1,5,1,1,3,52,52036
USER_004366,0.07146909008698647,0.033469090086986474,0,0,67,2,1,4,0,2,5,25,25045
USER_004367,0.032115535990219234,-0.0058844640097807654,1,0,21,1,2,3,2,1,2,25,25024
USER_004368,0.04048610520010205,0.0024861052001020484,0,0,45,2,1,4,1,2,1,47,47054
USER_004369,0.02991271605990496,-0.00808728394009504,1,0,69,2,1,2,2,1,2,68,68083
USER_004370,0.04334906253880391,0.005349062538803913,0,0,48,1,1,7,2,1,1,11,11036
USER_004371,0.013866674610470874,-0.024133325389529125,1,1,40,2,1,3,2,2,3,54,54019
USER_004372,0.031809373017749186,-0.006190626982250813,1,0,31,1,2,3,1,1,3,11,11023
USER_004373,0.023618181994771493,-0.014381818005228506,1,1,45,2,2,2,1,1,4,11,11079
USER_004374,0.042030075218384366,0.004030075218384367,0,0,31,2,1,3,1,1,2,50,50021
USER_004375,0.05491671063263361,0.016916710632633614,0,0,18,2,1,4,3,1,2,25,25082
USER_004376,0.049690092806718274,0.011690092806718275,0,0,60,1,1,6,0,1,4,73,73022
USER_004377,0.0044251095871166175,-0.03357489041288338,1,1,49,2,1,5,2,1,3,52,52047
USER_004378,0.0706310447939182,0.0326310447939182,0,0,71,2,1,4,1,2,3,13,13088
USER_004379,0.044429199109313026,0.006429199109313027,0,0,58,2,2,4,0,1,2,11,11075
USER_004380,0.028352512892604997,-0.009647487107395002,1,1,35,2,1,2,0,1,1,8,8011
USER_004381,0.04235691878486411,0.0043569187848641125,0,0,22,2,1,1,0,1,3,25,25093
USER_004382,0.04264284733754038,0.004642847337540383,0,0,59,2,1,4,1,1,3,25,25053
USER_004383,0.029997269245726547,-0.008002730754273452,1,1,32,2,1,5,0,1,3,25,25070
USER_004384,0.04296875001013113,0.004968750010131133,0,0,59,2,1,4,1,2,2,19,19092
USER_004385,0.03088791568569539,-0.007112084314304608,1,1,33,2,1,4,2,1,2,25,25022
USER_004386,0.03393457010964966,-0.0040654298903503375,1,1,53,2,1,6,0,1,3,13,13002
USER_004387,0.029705812963673733,-0.008294187036326266,1,1,53,2,2,4,2,2,2,8,8033
USER_004388,0.018509930653905212,-0.019490069346094787,1,1,57,2,1,11,0,1,2,11,11087
USER_004389,0.04218754705323076,0.00418754705323076,0,0,47,1,1,5,1,1,2,8,8026
USER_004390,0.04877949154774507,0.010779491547745074,0,0,55,1,3,8,1,1,3,11,11057
USER_004391,0.047723253941145585,0.009723253941145586,0,0,40,2,2,4,5,2,3,8,8006
USER_004392,0.05229887878952851,0.014298878789528513,0,0,28,1,1,7,2,1,3,11,11069
USER_004393,0.044865103150223025,0.006865103150223026,0,0,42,2,1,4,2,1,5,8,8058
USER_004394,0.03200911752674645,-0.00599088247325355,1,1,62,2,2,4,0,1,4,25,25081
USER_004395,0.052594957966467834,0.014594957966467835,0,0,68,1,2,6,0,1,3,73,73018
USER_004396,0.019637236902370975,-0.018362763097629024,1,1,60,2,1,4,0,2,3,52,52047
USER_004397,0.0264899292623128,-0.0115100707376872,1,1,19,1,1,3,0,1,2,8,8055
USER_004398,0.02553699892865133,-0.012463001071348668,1,1,52,2,1,6,1,1,2,8,8069
USER_004399,0.056200840887089654,0.018200840887089655,0,1,64,1,1,5,0,2,3,66,66054
USER_004400,0.05414182771210113,0.016141827712101132,0,0,41,2,2,6,1,1,2,8,8093
USER_004401,0.04730957855567492,0.009309578555674922,0,0,30,1,1,4,1,1,2,73,73032
USER_004402,0.05607894797817696,0.01807894797817696,0,0,74,1,1,2,3,1,3,11,11099
USER_004403,0.02681075826382018,-0.011189241736179818,1,1,59,2,1,6,0,1,3,25,25073
USER_004404,0.04522892679791471,0.00722892679791471,0,0,54,2,1,4,0,1,4,19,19011
USER_004405,0.03812238357425254,0.0001223835742525381,0,0,73,1,1,5,0,1,5,66,66082
USER_004406,0.05270323155827371,0.01470323155827371,0,0,47,1,1,5,5,1,3,11,11095
USER_004407,0.038271636511717035,0.0002716365117170355,0,0,28,2,3,3,0,2,4,11,11036
USER_004408,0.03422585667384878,-0.0037741433261512178,1,1,40,2,2,5,2,1,3,25,25050
USER_004409,0.04811362777841485,0.010113627778414853,0,1,63,2,1,3,0,1,3,25,25001
USER_004410,0.053142537507868494,0.015142537507868495,0,0,45,1,1,9,2,2,1,66,66094
USER_004411,0.029974822077297975,-0.008025177922702024,1,1,46,1,1,3,3,1,3,66,66072
USER_004412,0.03908386492971436,0.001083864929714358,0,0,74,2,3,3,1,1,3,25,25090
USER_004413,0.02412339049537521,-0.013876609504624788,1,1,69,2,2,5,1,1,2,76,76016
USER_004414,0.0025290847376059113,-0.035470915262394084,1,1,32,2,1,6,1,1,3,68,68002
USER_004415,0.04300689447120593,0.005006894471205933,0,0,62,2,1,3,1,2,2,11,11032
USER_004416,0.04913358034381948,0.011133580343819484,0,0,20,2,2,7,1,1,3,8,8062
USER_004417,0.043931002136300884,0.005931002136300885,0,0,26,1,1,4,0,2,5,47,47047
USER_004418,0.010756574233684495,-0.027243425766315506,1,1,25,2,3,4,0,2,2,11,11093
USER_004419,0.03473725854885288,-0.0032627414511471192,1,1,64,2,3,3,0,2,3,50,50065
USER_004420,0.006724783599233783,-0.03127521640076621,1,1,72,2,2,6,0,1,5,11,11068
USER_004421,0.06054551661481278,0.02254551661481278,0,0,50,2,1,4,0,1,3,68,68093
USER_004422,0.023709181268228706,-0.014290818731771293,1,1,51,2,1,3,2,1,4,11,11096
USER_004423,0.058831054141898445,0.020831054141898446,0,0,26,1,1,3,2,1,3,11,11029
USER_004424,0.05418804465526218,0.016188044655262183,0,0,70,2,2,3,0,1,3,11,11054
USER_004425,0.026491144711959073,-0.011508855288040926,1,1,34,1,1,4,2,1,4,63,63050
USER_004426,0.023008225730983822,-0.014991774269016177,1,1,58,1,1,1,0,1,3,47,47004
USER_004427,0.045255553245795076,0.007255553245795077,0,0,18,2,1,5,0,1,3,8,8069
USER_004428,0.02733513944225393,-0.01066486055774607,1,1,57,2,1,3,2,2,2,8,8080
USER_004429,0.041537269632373114,0.003537269632373115,0,0,22,2,3,9,2,1,5,66,66092
USER_004430,0.03275758613789623,-0.005242413862103772,1,1,47,2,3,3,1,1,2,25,25019
USER_004431,0.013282623783015502,-0.0247173762169845,1,1,28,1,2,6,3,1,3,11,11042
USER_004432,0.006542979713133117,-0.03145702028686688,1,1,45,1,3,3,0,1,3,11,11012
USER_004433,0.04340026372741896,0.005400263727418961,0,0,55,1,1,4,0,2,1,11,11077
USER_004434,0.03157663380504062,-0.006423366194959382,1,1,34,2,2,10,0,2,2,8,8048
USER_004435,0.031703652746288016,-0.006296347253711983,1,1,67,2,1,5,0,1,4,11,11059
USER_004436,0.05043795758640678,0.012437957586406784,0,0,40,2,1,1,2,1,3,11,11060
USER_004437,0.05760163414948667,0.019601634149486673,0,0,35,2,1,2,1,1,3,76,76053
USER_004438,0.03591182917957286,-0.0020881708204271363,1,1,54,2,2,4,0,2,3,11,11053
USER_004439,0.03489101939635208,-0.0031089806036479206,1,1,44,1,1,10,1,1,3,11,11085
USER_004440,0.04750214549670826,0.009502145496708261,0,0,42,1,2,4,0,1,3,68,68020
USER_004441,0.01964596645450637,-0.018354033545493628,1,1,22,2,2,5,0,1,3,73,73037
USER_004442,0.04334729582121546,0.005347295821215459,0,0,36,2,1,4,3,1,1,63,63084
USER_004443,0.04827828957733231,0.01027828957733231,0,0,44,2,1,3,1,2,2,11,11083
USER_004444,0.05020345312626444,0.01220345312626444,0,0,30,2,2,6,2,2,3,19,19094
USER_004445,0.010948709462463029,-0.027051290537536972,1,1,71,2,1,6,0,1,3,25,25080
USER_004446,0.028579670952865892,-0.009420329047134107,1,1,24,2,2,5,2,1,1,25,25004
USER_004447,0.026826051207648003,-0.011173948792351996,1,1,43,1,1,3,1,2,4,54,54011
USER_004448,0.0414983043161382,0.0034983043161381996,0,0,31,2,2,8,1,1,3,25,25077
USER_004449,0.04721116869651976,0.009211168696519764,0,0,44,2,2,4,0,1,4,52,52022
USER_004450,0.06245065611168972,0.02445065611168972,0,0,25,2,1,7,0,1,3,76,76083
USER_004451,0.032575517794478905,-0.0054244822055210945,1,1,48,1,1,3,1,2,4,11,11093
USER_004452,0.03253641252536179,-0.00546358747463821,1,1,52,2,1,7,0,1,2,11,11011
USER_004453,0.057245080283181204,0.019245080283181205,0,0,44,1,1,4,2,1,5,11,11057
USER_004454,0.04444865407795458,0.006448654077954578,0,0,21,1,2,5,1,1,2,11,11052
USER_004455,0.059014772667819605,0.021014772667819606,0,0,59,2,1,7,2,1,2,11,11073
USER_004456,0.04433092004514755,0.006330920045147549,0,0,21,1,2,4,2,2,2,11,11035
USER_004457,0.02264325071930094,-0.01535674928069906,1,1,35,1,2,4,3,1,1,68,68030
USER_004458,0.020003074678332903,-0.017996925321667096,1,1,40,2,2,8,3,1,2,11,11085
USER_004459,0.01672731626411606,-0.021272683735883938,1,1,49,2,1,5,2,2,1,73,73001
USER_004460,0.0499307775213771,0.011930777521377098,0,0,29,1,1,5,0,1,2,68,68004
USER_004461,0.05782895234630512,0.01982895234630512,0,0,69,1,2,4,2,1,2,8,8027
USER_004462,0.06774043212079571,0.02974043212079571,0,0,37,2,2,6,2,1,4,54,54047
USER_004463,0.052646579984848604,0.014646579984848605,0,0,64,2,1,6,0,1,3,11,11017
USER_004464,0.05744257866302479,0.01944257866302479,0,0,62,2,1,4,1,1,2,11,11054
USER_004465,0.03129975501019473,-0.0067002449898052666,1,1,29,1,1,1,0,1,1,25,25043
USER_004466,0.02265376274884215,-0.01534623725115785,1,1,25,2,2,5,1,2,4,11,11047
USER_004467,0.0527511899862633,0.014751189986263298,0,0,71,1,2,2,0,1,4,73,73013
USER_004468,0.04626521128359101,0.008265211283591013,0,0,39,1,1,5,0,2,4,76,76040
USER_004469,0.04161166561511339,0.003611665615113391,0,0,44,1,2,5,2,1,3,11,11027
USER_004470,0.045810572209494846,0.007810572209494847,0,0,58,1,1,4,1,1,5,11,11042
USER_004471,0.044847782236873086,0.006847782236873087,0,0,69,2,2,3,1,1,4,5,5032
USER_004472,0.05925725289780342,0.02125725289780342,0,0,58,1,2,4,2,1,1,11,11043
USER_004473,0.05942478377225434,0.02142478377225434,0,0,34,2,2,6,1,1,4,52,52010
USER_004474,0.04816330528510521,0.010163305285105208,0,0,74,2,2,5,1,1,5,47,47037
USER_004475,0.05268704308844392,0.014687043088443923,0,0,49,1,1,2,1,1,4,47,47007
USER_004476,0.047710938286371636,0.009710938286371637,0,0,50,2,2,1,1,1,5,11,11011
USER_004477,0.03308245401948072,-0.004917545980519279,1,1,48,2,2,4,1,1,3,13,13057
USER_004478,0.0513484701236971,0.013348470123697102,0,0,72,2,2,4,1,1,3,66,66079
USER_004479,0.019082573967111077,-0.018917426032888922,1,1,23,1,1,7,2,1,3,11,11001
USER_004480,0.055808373284438245,0.017808373284438246,0,1,56,1,1,3,3,1,1,47,47017
USER_004481,0.022082155903509475,-0.015917844096490524,1,1,26,1,1,7,0,2,3,11,11066
USER_004482,0.044287049301921,0.006287049301920998,0,0,59,2,1,4,1,1,3,25,25029
USER_004483,0.027322690623607617,-0.010677309376392382,1,1,49,1,1,2,1,2,3,63,63062
USER_004484,0.0483008347461164,0.0103008347461164,0,0,53,2,1,3,0,1,3,13,13058
USER_004485,0.03949112161108137,0.001491121611081371,0,0,33,1,3,5,2,2,5,63,63048
USER_004486,0.01607866062755001,-0.02192133937244999,1,1,29,2,2,3,0,1,4,11,11063
USER_004487,0.046310494465277185,0.008310494465277186,0,0,58,2,1,2,0,1,4,19,19001
USER_004488,0.031331188347509344,-0.0066688116524906554,1,1,20,1,1,5,2,1,3,11,11060
USER_004489,0.053217200812200535,0.015217200812200536,0,0,44,2,3,6,1,1,2,76,76039
USER_004490,0.04001988533101611,0.0020198853310161094,0,0,44,2,1,9,0,1,2,68,68041
USER_004491,0.045931314780820576,0.007931314780820577,0,0,26,2,3,2,1,1,3,11,11069
USER_004492,0.02563646567477182,-0.01236353432522818,1,1,34,2,2,4,2,1,2,11,11043
USER_004493,0.031160016528589574,-0.0068399834714104255,1,1,63,2,1,5,1,1,3,50,50047
USER_004494,0.033120420458483735,-0.004879579541516264,1,1,22,2,2,5,1,1,2,11,11017
USER_004495,0.05285053720363834,0.01485053720363834,0,0,43,2,1,2,2,1,5,11,11017
USER_004496,0.06516065631708234,0.027160656317082345,0,0,38,1,1,1,1,2,2,8,8030
USER_004497,0.027922423723856858,-0.010077576276143141,1,1,18,1,2,3,1,1,2,11,11011
USER_004498,0.05615272216986521,0.01815272216986521,0,0,18,1,2,3,1,1,4,11,11054
USER_004499,0.007454838734114471,-0.03054516126588553,1,1,52,1,2,6,1,1,3,11,11099
USER_004500,0.02208715898361566,-0.01591284101638434,1,1,26,2,2,4,2,1,2,66,66020
USER_004501,0.02561832315719838,-0.012381676842801618,1,1,40,2,2,3,2,1,2,5,5076
USER_004502,0.01971236965838917,-0.01828763034161083,1,1,55,2,2,5,0,1,3,73,73040
USER_004503,0.016246174153186303,-0.021753825846813696,1,1,58,1,2,5,0,1,3,54,54006
USER_004504,0.04619498368206696,0.008194983682066961,0,0,21,2,2,10,0,2,3,11,11003
USER_004505,0.03678898453408208,-0.0012110154659179181,1,1,69,2,1,6,1,1,4,63,63006
USER_004506,0.04569108096407665,0.007691080964076648,0,0,36,2,2,5,1,1,5,13,13041
USER_004507,0.0503570902918227,0.012357090291822699,0,0,54,1,1,2,2,1,3,68,68049
USER_004508,0.043984254897588004,0.005984254897588005,0,0,22,1,1,7,1,1,3,11,11022
USER_004509,0.049866447642255604,0.011866447642255605,0,1,45,1,1,4,0,2,3,11,11002
USER_004510,0.03895701570636596,0.0009570157063659643,0,0,63,2,1,4,1,1,3,25,25021
USER_004511,0.02219509917541383,-0.01580490082458617,1,1,59,2,1,5,1,1,5,68,68009
USER_004512,0.055867212712311945,0.017867212712311946,0,0,72,2,1,4,2,2,2,54,54062
USER_004513,0.031163318008283095,-0.006836681991716904,1,0,65,1,1,6,1,1,5,63,63017
USER_004514,0.025966055518563614,-0.012033944481436385,1,1,40,1,1,3,1,1,4,11,11052
USER_004515,0.03733123186293403,-0.0006687681370659698,1,1,55,2,1,4,1,1,3,13,13003
USER_004516,0.026307836210552306,-0.011692163789447693,1,1,69,2,2,5,1,1,1,63,63035
USER_004517,0.033738544270158516,-0.004261455729841483,1,1,40,2,2,7,1,1,3,76,76060
USER_004518,0.045160808823452,0.007160808823451999,0,0,63,2,1,6,2,1,2,13,13019
USER_004519,0.045225126088691905,0.007225126088691906,0,0,35,2,2,3,2,2,1,73,73092
USER_004520,0.026532549003615555,-0.011467450996384444,1,1,46,1,1,5,0,1,3,25,25084
USER_004521,0.032684419405768834,-0.005315580594231165,1,1,45,2,1,4,1,2,4,63,63069
USER_004522,0.05611499507155366,0.01811499507155366,0,0,26,1,2,5,1,1,2,8,8024
USER_004523,0.04744600176600912,0.00944600176600912,0,0,56,1,3,6,1,1,5,5,5074
USER_004524,0.07112597559022812,0.033125975590228125,0,0,67,1,2,2,0,1,1,73,73031
USER_004525,0.05770192260612292,0.01970192260612292,0,0,27,1,1,1,3,1,1,8,8046
USER_004526,0.05716439602839909,0.01916439602839909,0,0,19,2,1,3,0,1,1,68,68048
USER_004527,0.01918197174316297,-0.018818028256837028,1,1,30,2,1,2,1,1,2,11,11086
USER_004528,0.05145790527450134,0.013457905274501338,0,0,55,2,1,6,0,1,3,50,50023
USER_004529,0.03920339797454634,0.0012033979745463413,0,0,44,2,1,8,2,2,5,25,25023
USER_004530,0.031735272946926255,-0.0062647270530737445,1,1,72,2,1,5,2,1,4,8,8096
USER_004531,0.04252023010798793,0.004520230107987931,0,0,58,1,1,9,2,1,4,11,11009
USER_004532,0.05417817301917225,0.01617817301917225,0,0,37,2,1,1,1,1,5,50,50025
USER_004533,0.04751247386506317,0.009512473865063174,0,0,57,1,1,6,2,1,2,68,68029
USER_004534,0.026822892979869107,-0.011177107020130892,1,1,27,2,1,7,0,2,3,11,11047
USER_004535,0.0511368837038893,0.013136883703889303,0,0,33,2,1,7,3,1,5,25,25089
USER_004536,0.030436186868860543,-0.007563813131139456,1,1,32,2,3,2,1,1,4,76,76014
USER_004537,0.04325024678446429,0.005250246784464292,0,0,30,2,2,5,0,1,2,19,19068
USER_004538,0.03544974898784299,-0.002550251012157008,1,1,67,1,1,2,0,1,2,11,11042
USER_004539,0.03671700622396561,-0.0012829937760343857,1,1,55,2,1,3,0,1,5,73,73005
USER_004540,0.05149364462560764,0.013493644625607641,0,0,37,2,1,4,1,1,2,68,68078
USER_004541,0.02439709420276153,-0.013602905797238468,1,1,41,2,1,5,0,1,2,5,5001
USER_004542,0.06917792611415399,0.031177926114153993,0,0,58,2,1,3,0,1,4,13,13030
USER_004543,0.012683708960582556,-0.025316291039417443,1,1,67,1,1,4,2,2,3,76,76027
USER_004544,0.031034984751177146,-0.006965015248822853,1,1,24,1,1,6,2,2,3,25,25054
USER_004545,0.04555317834912612,0.007553178349126118,0,1,40,2,1,3,2,2,3,47,47021
USER_004546,0.048764712496529646,0.010764712496529646,0,0,41,1,1,5,1,1,4,11,11027
USER_004547,0.03849286419142441,0.0004928641914244136,0,0,46,1,3,5,0,1,3,54,54039
USER_004548,0.03913913945497686,0.001139139454976859,0,0,22,2,1,4,1,2,5,25,25011
USER_004549,0.04615825127991425,0.00815825127991425,0,0,60,1,3,6,1,2,3,25,25060
USER_004550,0.036533957838134797,-0.0014660421618652025,1,1,62,2,2,4,1,2,2,47,47052
USER_004551,0.060897718869023586,0.022897718869023587,0,0,52,2,1,6,2,1,1,5,5042
USER_004552,0.052590236713474035,0.014590236713474036,0,0,18,1,1,5,0,1,3,8,8045
USER_004553,0.05309236526508452,0.01509236526508452,0,0,53,2,1,2,1,1,4,68,68065
USER_004554,0.025507649149443746,-0.012492350850556253,1,1,68,1,1,4,2,2,3,47,47037
USER_004555,0.03880917363391446,0.000809173633914459,0,0,35,1,1,4,1,1,5,66,66038
USER_004556,0.03549301076918945,-0.0025069892308105524,1,1,23,1,1,5,2,1,1,47,47027
USER_004557,0.024915979364658017,-0.013084020635341982,1,1,40,2,1,5,0,1,3,8,8068
USER_004558,0.0454024627591865,0.007402462759186504,0,0,27,2,1,2,2,1,4,47,47066
USER_004559,0.03193531363330275,-0.006064686366697249,1,1,24,2,1,5,1,1,3,11,11066
USER_004560,0.049831057447753555,0.011831057447753555,0,0,61,2,3,5,1,1,3,50,50077
USER_004561,0.023947126556585027,-0.014052873443414972,1,1,25,1,2,3,1,1,4,50,50045
USER_004562,0.06578560919262731,0.027785609192627313,0,0,30,2,2,5,1,1,4,25,25030
USER_004563,0.026555010121119074,-0.011444989878880926,1,1,47,2,1,6,1,1,3,5,5060
USER_004564,0.04328953505800654,0.005289535058006542,0,0,35,1,1,4,2,2,5,8,8096
USER_004565,0.05187788965582101,0.013877889655821013,0,0,31,2,1,4,3,1,5,25,25033
USER_004566,0.03144039354699831,-0.006559606453001687,1,1,28,2,3,4,1,1,3,11,11021
USER_004567,0.05278702965149426,0.014787029651494261,0,0,59,2,2,7,0,1,1,8,8052
USER_004568,0.021562246032993757,-0.016437753967006242,1,1,55,1,1,7,0,1,2,11,11005
USER_004569,0.06178176548773841,0.02378176548773841,0,0,30,2,2,5,0,1,4,63,63085
USER_004570,0.04021223897448638,0.002212238974486379,0,0,71,1,2,6,3,1,3,19,19014
USER_004571,0.031053828880466802,-0.006946171119533197,1,1,59,2,2,3,1,1,3,11,11002
USER_004572,0.03551227341358848,-0.002487726586411519,1,1,61,1,2,6,1,1,1,25,25089
USER_004573,0.05213378904089079,0.014133789040890792,0,0,50,2,1,4,1,2,5,63,63055
USER_004574,0.031233170622243428,-0.006766829377756571,1,1,67,1,1,3,3,1,3,76,76071
USER_004575,0.02875963465865834,-0.00924036534134166,1,1,30,2,1,2,2,1,4,68,68019
USER_004576,0.03667695103624393,-0.0013230489637560683,1,0,42,1,2,2,0,1,4,11,11061
USER_004577,0.02234556830845048,-0.01565443169154952,1,1,41,2,3,5,1,1,3,11,11011
USER_004578,0.06730815861912723,0.02930815861912723,0,0,46,2,2,6,0,2,4,54,54003
USER_004579,0.03150408113177915,-0.006495918868220846,1,1,53,2,1,1,1,1,2,63,63018
USER_004580,0.05247425179270605,0.014474251792706054,0,0,23,1,1,3,1,2,1,8,8046
USER_004581,0.04314205125471659,0.00514205125471659,0,0,35,2,2,4,1,1,3,11,11084
USER_004582,0.02523198924277048,-0.012768010757229518,1,1,45,1,1,4,3,1,3,11,11049
USER_004583,0.03991067936180906,0.0019106793618090603,0,0,22,2,1,5,2,1,1,63,63005
USER_004584,0.051760041689661224,0.013760041689661225,0,0,35,2,2,3,2,1,4,47,47066
USER_004585,0.0371760799737054,-0.0008239200262945973,1,1,54,2,1,5,0,2,5,66,66029
USER_004586,0.05789669418776542,0.01989669418776542,0,0,24,1,2,5,0,1,2,68,68027
USER_004587,0.055322730891727956,0.017322730891727957,0,0,72,2,1,5,2,2,1,63,63074
USER_004588,0.05378372281987494,0.01578372281987494,0,1,26,2,1,4,3,1,1,8,8053
USER_004589,0.03310514841590505,-0.004894851584094952,1,1,52,1,1,6,1,1,1,25,25073
USER_004590,0.023802363283277696,-0.014197636716722303,1,1,29,1,2,7,1,1,5,13,13097
USER_004591,0.030796185919558086,-0.007203814080441913,1,1,69,1,2,5,2,1,2,11,11063
USER_004592,0.042943614110000805,0.004943614110000806,0,0,74,1,1,3,0,1,2,47,47018
USER_004593,0.04818680070298533,0.010186800702985332,0,0,63,2,1,3,1,1,5,11,11039
USER_004594,0.00742642892859329,-0.030573571071406708,1,1,57,2,1,2,2,1,1,19,19057
USER_004595,0.039878301975823746,0.001878301975823747,0,0,61,1,2,3,2,1,3,11,11067
USER_004596,0.042371338379847766,0.004371338379847767,0,0,56,2,1,9,2,2,2,76,76014
USER_004597,0.03583683615526673,-0.002163163844733272,1,1,41,2,1,3,3,1,5,11,11011
USER_004598,0.05936910758523818,0.021369107585238183,0,0,26,2,1,5,0,1,1,66,66055
USER_004599,0.046326701113763066,0.008326701113763067,0,0,29,1,2,2,1,1,3,68,68020
USER_004600,0.059652878621213455,0.021652878621213456,0,0,53,1,1,5,0,1,5,8,8049
USER_004601,0.03676059219474652,-0.0012394078052534799,1,1,54,1,1,4,1,1,3,11,11040
USER_004602,0.054062162387603876,0.016062162387603877,0,0,26,2,1,6,1,2,2,11,11025
USER_004603,0.06452599591791279,0.02652599591791279,0,0,56,2,1,5,1,1,4,11,11032
USER_004604,0.05967540173908992,0.021675401739089918,0,0,63,2,1,4,1,1,3,76,76060
USER_004605,0.023617876098569007,-0.014382123901430992,1,1,69,2,1,4,0,1,2,8,8088
USER_004606,0.03619485883686429,-0.0018051411631357095,1,0,39,2,1,2,0,2,5,76,76078
USER_004607,0.034822529418253055,-0.003177470581746944,1,1,34,2,3,5,0,1,4,11,11070
USER_004608,0.04733881802614492,0.009338818026144918,0,0,50,1,2,2,0,1,4,25,25090
USER_004609,0.050295303325218,0.012295303325217999,0,0,74,1,1,4,3,2,3,50,50087
USER_004610,0.027416609889613957,-0.010583390110386042,1,1,64,2,1,5,2,1,2,47,47098
USER_004611,0.04101757770875407,0.0030175777087540698,0,0,41,1,2,4,0,1,3,11,11050
USER_004612,0.009701090017657956,-0.028298909982342045,1,1,32,2,1,2,2,1,3,19,19038
USER_004613,0.06162917508702835,0.023629175087028352,0,0,46,1,3,4,1,2,1,11,11091
USER_004614,0.0323143863898496,-0.0056856136101504015,1,0,49,1,3,3,1,1,3,11,11021
USER_004615,0.04083795909766746,0.0028379590976674585,0,0,50,2,1,5,2,1,1,8,8065
USER_004616,0.03535525429017909,-0.0026447457098209073,1,1,46,1,1,5,1,2,3,19,19001
USER_004617,0.05719041362520123,0.019190413625201228,0,0,32,2,1,7,1,1,4,11,11004
USER_004618,0.0,-0.038,1,1,44,2,2,5,2,2,3,11,11074
USER_004619,0.039750844865111365,0.0017508448651113659,0,0,51,2,2,4,2,2,2,8,8042
USER_004620,0.03841271863753453,0.00041271863753453153,0,0,21,2,1,6,2,1,2,8,8075
USER_004621,0.03319545418612476,-0.004804545813875238,1,1,66,1,2,3,2,1,1,11,11004
USER_004622,0.06589339818453449,0.02789339818453449,0,0,65,2,1,4,2,1,2,25,25026
USER_004623,0.026690058117163434,-0.011309941882836565,1,1,35,2,1,4,2,1,3,54,54072
USER_004624,0.051576942658534915,0.013576942658534916,0,0,38,2,1,8,3,1,2,54,54062
USER_004625,0.04534379183059126,0.007343791830591258,0,0,65,1,1,3,0,2,4,8,8047
USER_004626,0.05892278878803274,0.02092278878803274,0,0,25,1,1,4,0,1,3,8,8063
USER_004627,0.02999216372833742,-0.008007836271662579,1,1,23,2,2,4,0,2,3,63,63049
USER_004628,0.02900546651314362,-0.00899453348685638,1,1,71,2,1,4,2,1,2,66,66006
USER_004629,0.056441048612160975,0.018441048612160976,0,0,37,1,2,5,1,1,4,19,19023
USER_004630,0.046379819624951656,0.008379819624951657,0,0,19,2,3,3,2,1,2,11,11004
USER_004631,0.016825939799848623,-0.021174060200151376,1,1,68,1,1,7,2,1,2,11,11061
USER_004632,0.03191042478305094,-0.006089575216949056,1,1,62,2,1,1,2,1,4,11,11026
USER_004633,0.04579573980772091,0.007795739807720914,0,0,39,2,1,7,2,2,3,13,13090
USER_004634,0.052566463323198837,0.014566463323198837,0,0,71,2,1,5,1,2,1,76,76027
USER_004635,0.029811540202105677,-0.008188459797894322,1,1,38,2,3,6,1,1,3,47,47072
USER_004636,0.0,-0.038,1,1,23,1,2,8,3,1,2,25,25022
USER_004637,0.0478483477860555,0.009848347786055499,0,0,49,1,1,4,0,1,5,19,19038
USER_004638,0.021695189650840364,-0.016304810349159635,1,1,23,1,1,3,1,1,5,5,5008
USER_004639,0.009739918028163833,-0.028260081971836166,1,0,30,2,2,3,3,2,4,11,11063
USER_004640,0.0,-0.038,1,1,18,1,1,8,1,1,4,50,50023
USER_004641,0.05220971290296612,0.014209712902966118,0,0,39,2,1,6,0,2,5,47,47012
USER_004642,0.0419292617560745,0.003929261756074498,0,0,70,2,1,5,1,2,4,25,25019
USER_004643,0.03661515428931623,-0.0013848457106837714,1,1,41,2,1,5,1,1,1,11,11020
USER_004644,0.060835365444441424,0.022835365444441424,0,0,58,2,1,4,2,1,5,11,11033
USER_004645,0.04955987024534609,0.01155987024534609,0,0,47,2,2,6,2,1,2,25,25010
USER_004646,0.06424450064082875,0.026244500640828748,0,0,39,1,1,6,1,1,2,11,11075
USER_004647,0.019108967917495057,-0.018891032082504942,1,1,61,1,1,4,0,2,4,11,11098
USER_004648,0.03948174064069055,0.0014817406406905514,0,0,29,2,1,2,0,1,3,66,66071
USER_004649,0.015749299375779787,-0.022250700624220212,1,1,43,1,1,2,0,2,3,11,11020
USER_004650,0.03655926502216799,-0.0014407349778320089,1,1,21,1,1,1,1,1,4,47,47006
USER_004651,0.03627076219349984,-0.0017292378065001598,1,1,36,2,1,6,1,2,2,47,47021
USER_004652,0.04939920455894606,0.01139920455894606,0,0,33,2,1,3,0,2,3,76,76050
USER_004653,0.040683458217128474,0.0026834582171284746,0,0,29,1,2,3,2,1,1,25,25034
USER_004654,0.049351107074198736,0.011351107074198737,0,0,50,1,2,4,1,2,4,19,19028
USER_004655,0.05055160199708341,0.012551601997083411,0,0,72,2,3,5,3,1,2,11,11053
USER_004656,0.07232393016074713,0.03432393016074713,0,0,38,1,2,5,0,1,2,11,11012
USER_004657,0.03527055017070813,-0.002729449829291866,1,1,53,1,2,6,2,1,1,11,11058
USER_004658,0.025884659490004316,-0.012115340509995683,1,0,26,2,2,5,0,1,3,76,76086
USER_004659,0.04369125422974613,0.005691254229746132,0,0,56,1,2,6,1,1,2,76,76054
USER_004660,0.027965799592906848,-0.010034200407093151,1,1,59,1,2,7,2,1,2,11,11065
USER_004661,0.06222941152654804,0.02422941152654804,0,0,62,2,1,3,4,1,2,8,8051
USER_004662,0.03575172941582151,-0.002248270584178487,1,1,25,2,2,4,2,2,3,11,11014
USER_004663,0.03151635448189015,-0.00648364551810985,1,1,37,2,1,4,1,2,5,63,63037
USER_004664,0.03293026418273323,-0.005069735817266767,1,0,27,2,2,3,1,1,5,13,13028
USER_004665,0.050776261352074616,0.012776261352074617,0,0,49,2,2,3,1,1,1,11,11070
USER_004666,0.03763379525152772,-0.00036620474847227913,1,0,45,2,2,6,0,2,2,11,11007
USER_004667,0.03037499769804427,-0.00762500230195573,1,0,27,2,2,4,1,2,3,11,11031
USER_004668,0.06498027876435296,0.02698027876435296,0,0,25,2,1,3,1,2,1,50,50004
USER_004669,0.02715745239007375,-0.01084254760992625,1,1,69,1,3,4,1,1,5,25,25090
USER_004670,0.0405334911104949,0.0025334911104949037,0,0,64,2,3,5,1,2,3,11,11027
USER_004671,0.04978459227415346,0.01178459227415346,0,1,50,2,3,5,1,2,3,25,25039
USER_004672,0.015529973343743904,-0.022470026656256095,1,1,64,2,1,6,1,1,2,5,5024
USER_004673,0.04720390752108888,0.009203907521088878,0,0,73,1,1,2,2,1,2,25,25034
USER_004674,0.02417338486779326,-0.013826615132206739,1,1,66,2,1,5,2,1,4,68,68086
USER_004675,0.052341741712510034,0.014341741712510035,0,1,30,2,1,6,3,2,1,11,11001
USER_004676,0.025560234821215354,-0.012439765178784645,1,1,61,1,1,6,1,1,2,73,73087
USER_004677,0.05039153547773291,0.012391535477732911,0,0,52,2,1,4,1,2,1,25,25091
USER_004678,0.05658749599442069,0.018587495994420694,0,0,72,2,3,3,1,1,3,68,68056
USER_004679,0.052921547884492076,0.014921547884492077,0,0,68,2,2,4,3,1,2,11,11078
USER_004680,0.04376974972357154,0.005769749723571541,0,1,46,2,3,8,1,1,3,50,50040
USER_004681,0.036530485856054506,-0.0014695141439454926,1,1,73,2,1,5,2,1,4,11,11075
USER_004682,0.03135370635497734,-0.006646293645022658,1,1,22,2,1,5,1,2,2,66,66060
USER_004683,0.06206552036225656,0.024065520362256558,0,0,20,2,1,6,1,1,3,73,73061
USER_004684,0.029507571697485354,-0.008492428302514645,1,1,70,2,1,1,0,1,1,73,73024
USER_004685,0.02444400889645006,-0.01355599110354994,1,1,54,1,2,5,0,1,4,66,66024
USER_004686,0.04998053402549245,0.01198053402549245,0,0,73,2,1,6,0,1,3,76,76057
USER_004687,0.02805794795220257,-0.009942052047797429,1,1,58,2,1,5,0,1,3,66,66051
USER_004688,0.025749047538008094,-0.012250952461991906,1,1,23,2,1,6,1,2,2,68,68080
USER_004689,0.01834593606745353,-0.01965406393254647,1,1,65,2,2,2,0,1,3,11,11072
USER_004690,0.032756352408092236,-0.005243647591907763,1,1,59,2,1,6,0,2,2,50,50007
USER_004691,0.038759274641552606,0.0007592746415526069,0,0,33,2,3,7,3,2,1,11,11074
USER_004692,0.04364637591491048,0.005646375914910483,0,0,52,2,2,4,0,1,3,11,11064
USER_004693,0.05426959366449225,0.016269593664492252,0,0,35,2,2,8,0,1,1,25,25055
USER_004694,0.047903468854986905,0.009903468854986906,0,0,28,1,1,8,2,1,3,19,19018
USER_004695,0.03713691670670231,-0.0008630832932976923,1,1,68,2,1,3,1,1,1,68,68048
USER_004696,0.0370270648543042,-0.0009729351456957969,1,1,74,2,1,4,0,1,4,11,11069
USER_004697,0.04765236203372775,0.009652362033727754,0,1,40,2,1,4,3,1,1,50,50008
USER_004698,0.05908855244392854,0.021088552443928543,0,0,64,2,2,5,2,1,5,13,13072
USER_004699,0.04189471299224801,0.0038947129922480075,0,0,28,2,2,6,1,1,3,11,11009
USER_004700,0.03296303718684387,-0.005036962813156132,1,1,74,1,1,5,2,1,2,8,8011
USER_004701,0.02510700998371682,-0.01289299001628318,1,1,46,1,1,4,2,1,2,54,54008
USER_004702,0.018321921033816618,-0.01967807896618338,1,1,71,2,3,3,1,1,3,19,19030
USER_004703,0.049994045080652846,0.011994045080652847,0,0,73,2,2,5,4,1,3,68,68044
USER_004704,0.048669677854593356,0.010669677854593357,0,0,59,1,2,8,0,1,1,63,63096
USER_004705,0.048660452876599924,0.010660452876599925,0,0,44,1,1,7,2,1,5,19,19027
USER_004706,0.038070108304719165,7.010830471916585e-05,0,0,26,1,2,5,0,1,3,11,11002
USER_004707,0.06110402118837626,0.02310402118837626,0,0,52,2,1,4,4,1,4,66,66076
USER_004708,0.03273822258122774,-0.005261777418772262,1,1,72,2,1,4,0,1,3,8,8024
USER_004709,0.054329038558108084,0.016329038558108085,0,0,26,2,1,5,0,1,3,13,13031
USER_004710,0.039418856575156855,0.0014188565751568558,0,0,35,2,3,5,0,1,1,66,66053
USER_004711,0.030874738529809938,-0.007125261470190061,1,0,61,2,1,3,1,2,3,11,11074
USER_004712,0.04888795460976642,0.010887954609766423,0,0,72,1,1,3,2,1,2,25,25059
USER_004713,0.0461445417802599,0.008144541780259903,0,0,38,2,2,5,0,1,4,66,66018
USER_004714,0.04535459138900389,0.007354591389003892,0,1,73,2,2,3,7,2,2,5,5071
USER_004715,0.04121917633084298,0.003219176330842982,0,0,65,1,1,4,5,2,5,63,63086
USER_004716,0.03943160377424754,0.0014316037742475377,0,0,53,2,2,5,0,1,4,11,11096
USER_004717,0.07582557989305658,0.03782557989305658,0,0,18,1,1,4,0,1,3,63,63017
USER_004718,0.0577638496779426,0.019763849677942598,0,0,44,1,1,8,1,1,3,13,13073
USER_004719,0.05084240342478268,0.012842403424782683,0,0,62,1,2,6,1,2,3,5,5083
USER_004720,0.041676987373050825,0.003676987373050826,0,0,57,2,1,5,1,2,5,25,25051
USER_004721,0.05510735800895004,0.017107358008950038,0,0,55,2,2,2,0,2,5,50,50045
USER_004722,0.04776992164587178,0.00976992164587178,0,0,46,1,1,1,1,1,1,11,11061
USER_004723,0.04039307129161054,0.002393071291610538,0,0,57,2,2,6,0,1,3,25,25001
USER_004724,0.03544653512101128,-0.0025534648789887204,1,1,36,2,3,2,2,1,3,63,63030
USER_004725,0.038786239935059676,0.0007862399350596766,0,0,41,2,1,3,1,1,4,8,8028
USER_004726,0.0,-0.038,1,1,73,1,1,5,1,1,4,68,68030
USER_004727,0.043159012589464626,0.005159012589464627,0,0,61,2,2,5,0,2,3,11,11091
USER_004728,0.032672858798344605,-0.005327141201655394,1,1,18,1,1,3,1,1,3,76,76036
USER_004729,0.06389004997424326,0.02589004997424326,0,0,53,2,1,4,1,2,1,66,66098
USER_004730,0.04029016106217632,0.0022901610621763185,0,0,40,2,2,4,2,1,4,63,63023
USER_004731,0.022165548706975572,-0.015834451293024427,1,1,30,2,1,3,5,1,2,11,11048
USER_004732,0.03925179768807824,0.0012517976880782392,0,0,47,2,1,12,0,2,4,25,25078
USER_004733,0.02430818372406244,-0.01369181627593756,1,1,66,2,3,4,1,1,3,11,11048
USER_004734,0.047101111235687,0.009101111235687,0,0,68,2,2,6,0,1,3,66,66052
USER_004735,0.04436421046509228,0.006364210465092279,0,0,68,2,2,5,0,2,2,11,11034
USER_004736,0.054367594466624015,0.016367594466624016,0,0,71,2,2,2,0,1,1,52,52032
USER_004737,0.02813677312458152,-0.00986322687541848,1,1,54,2,1,4,0,1,4,19,19076
USER_004738,0.040510121443422205,0.0025101214434222058,0,0,28,1,3,3,0,1,2,63,63064
USER_004739,0.019524673068600472,-0.018475326931399527,1,1,24,1,2,6,2,1,2,11,11078
USER_004740,0.05052242172887072,0.01252242172887072,0,0,52,2,1,7,0,1,1,11,11037
USER_004741,0.04778306770660183,0.009783067706601832,0,0,28,2,3,4,2,1,2,11,11083
USER_004742,0.047437075315413565,0.009437075315413566,0,0,66,2,1,3,1,1,2,25,25079
USER_004743,0.040024285470354116,0.0020242854703541174,0,0,60,2,3,3,2,2,3,11,11055
USER_004744,0.04622159336183186,0.008221593361831862,0,0,64,2,2,9,0,1,3,66,66087
USER_004745,0.06406508662462894,0.02606508662462894,0,0,68,2,1,3,1,1,4,11,11005
USER_004746,0.03572358614436979,-0.0022764138556302105,1,1,57,2,1,9,1,1,3,47,47004
USER_004747,0.04207967775565127,0.0040796777556512676,0,0,65,1,1,2,3,1,4,25,25046
USER_004748,0.023708105512278855,-0.014291894487721144,1,1,38,2,1,4,1,1,3,54,54030
USER_004749,0.026976085576025016,-0.011023914423974983,1,1,64,2,1,5,2,1,4,54,54010
USER_004750,0.04146719939639961,0.0034671993963996117,0,0,20,2,3,8,2,1,3,73,73058
USER_004751,0.056559003200528604,0.018559003200528605,0,0,47,2,2,4,1,1,2,47,47009
USER_004752,0.036155787636226414,-0.0018442123637735855,1,1,41,2,2,4,1,1,3,54,54095
USER_004753,0.03646125206031814,-0.0015387479396818601,1,1,55,1,1,3,1,2,3,76,76007
USER_004754,0.03389672133243438,-0.004103278667565616,1,1,20,1,1,3,2,1,3,54,54091
USER_004755,0.03197864993733515,-0.006021350062664847,1,1,54,2,1,2,0,2,3,76,76061
USER_004756,0.04442457183563232,0.006424571835632324,0,0,50,2,1,2,1,2,3,25,25058
USER_004757,0.017541135322320333,-0.020458864677679666,1,0,39,2,1,5,2,1,2,76,76021
USER_004758,0.05921409365000091,0.02121409365000091,0,0,48,2,2,6,2,1,3,11,11063
USER_004759,0.030018665528058094,-0.007981334471941905,1,1,63,1,2,5,1,1,5,47,47016
USER_004760,0.05082855228157212,0.01282855228157212,0,0,29,2,2,2,1,1,3,11,11018
USER_004761,0.020950021039091864,-0.017049978960908135,1,1,62,2,1,5,0,2,2,47,47050
USER_004762,0.05003260195819327,0.012032601958193272,0,0,31,2,2,2,0,1,1,8,8014
USER_004763,0.050079169117217465,0.012079169117217466,0,0,74,2,1,3,2,2,3,11,11062
USER_004764,0.045763031080088445,0.007763031080088446,0,0,29,2,1,1,1,1,4,5,5022
USER_004765,0.025083572173003117,-0.012916427826996882,1,0,72,2,3,4,3,1,3,25,25012
USER_004766,0.043743222843971155,0.005743222843971156,0,0,44,2,1,6,0,1,3,25,25048
USER_004767,0.022254157228984165,-0.015745842771015834,1,1,30,1,1,4,1,2,3,25,25085
USER_004768,0.03620855117355722,-0.0017914488264427764,1,1,41,1,1,6,1,2,1,73,73057
USER_004769,0.05544119651432989,0.01744119651432989,0,0,55,1,1,8,4,1,3,19,19086
USER_004770,0.05195052890606113,0.013950528906061133,0,0,70,1,1,8,3,2,3,11,11060
USER_004771,0.040227744138106494,0.0022277441381064952,0,0,64,2,2,5,3,2,4,68,68019
USER_004772,0.025377901361157373,-0.012622098638842626,1,1,71,2,2,5,1,1,5,73,73096
USER_004773,0.0496838156826129,0.011683815682612904,0,1,72,1,2,7,0,1,4,11,11025
USER_004774,0.04029071856547038,0.002290718565470383,0,0,65,1,1,6,6,1,3,11,11067
USER_004775,0.005195266026543652,-0.032804733973456346,1,1,26,2,2,4,0,1,2,11,11029
USER_004776,0.05173944739474777,0.013739447394747771,0,0,25,1,3,8,2,1,1,63,63046
USER_004777,0.03963650749195462,0.0016365074919546183,0,0,54,1,1,5,1,1,2,68,68066
USER_004778,0.05803676871974608,0.02003676871974608,0,0,32,2,1,9,0,1,2,66,66090
USER_004779,0.02357094221735793,-0.014429057782642068,1,1,24,1,1,4,1,1,2,13,13035
USER_004780,0.0,-0.038,1,1,41,1,2,3,0,2,4,11,11028
USER_004781,0.04418625787517778,0.006186257875177778,0,0,66,1,3,2,0,1,5,76,76064
USER_004782,0.044373455150229585,0.006373455150229586,0,0,33,2,3,5,2,1,5,11,11078
USER_004783,0.014639925585903223,-0.023360074414096776,1,1,41,2,1,2,2,2,1,73,73086
USER_004784,0.025322506812000906,-0.012677493187999093,1,1,60,1,1,2,1,1,2,54,54023
USER_004785,0.08132826615579852,0.043328266155798524,0,0,24,2,1,6,3,1,2,73,73047
USER_004786,0.03541584078769295,-0.0025841592123070495,1,1,60,1,1,5,1,1,5,52,52032
USER_004787,0.05096438464564324,0.012964384645643243,0,0,45,2,1,5,1,2,2,11,11098
USER_004788,0.030240102589474245,-0.007759897410525754,1,1,19,2,3,4,3,2,4,19,19069
USER_004789,0.008645456517202652,-0.029354543482797348,1,1,51,1,1,4,3,1,2,11,11083
USER_004790,0.03744612629806142,-0.00055387370193858,1,1,55,2,1,3,2,2,4,11,11099
USER_004791,0.03601593159570842,-0.001984068404291578,1,1,20,2,1,3,0,1,4,11,11045
USER_004792,0.03400182641997443,-0.00399817358002557,1,0,18,2,3,5,1,2,3,11,11095
USER_004793,0.038280387467404114,0.0002803874674041154,0,0,48,2,3,6,0,2,3,11,11011
USER_004794,0.04396402407468455,0.0059640240746845485,0,0,73,2,2,4,2,1,5,8,8093
USER_004795,0.037748245731192905,-0.0002517542688070945,1,1,40,2,1,1,1,1,2,5,5095
USER_004796,0.021039907480789544,-0.016960092519210455,1,1,37,2,1,1,0,1,3,11,11059
USER_004797,0.04729277187342908,0.009292771873429084,0,0,33,2,1,4,2,1,3,11,11074
USER_004798,0.010759423670163653,-0.027240576329836348,1,1,63,2,2,4,1,2,2,11,11057
USER_004799,0.009244638140736998,-0.028755361859263,1,1,49,2,1,5,2,1,2,47,47042
USER_004800,0.05108770742052352,0.013087707420523523,0,0,34,2,3,6,1,1,3,11,11062
USER_004801,0.047605304082030356,0.009605304082030357,0,0,35,2,2,6,3,2,3,68,68022
USER_004802,0.03913906952388946,0.001139069523889459,0,0,74,1,1,9,1,1,5,8,8017
USER_004803,0.019068272428673927,-0.018931727571326072,1,1,21,1,1,6,0,1,2,63,63011
USER_004804,0.029381335889888872,-0.008618664110111127,1,1,52,2,2,2,2,1,3,66,66003
USER_004805,0.03605879878470244,-0.001941201215297561,1,1,57,2,1,6,1,1,1,11,11058
USER_004806,0.016061590471388297,-0.021938409528611702,1,0,53,2,1,5,0,2,2,50,50069
USER_004807,0.02891457012965151,-0.00908542987034849,1,1,40,2,2,4,3,1,3,47,47076
USER_004808,0.0497849550726502,0.011784955072650198,0,0,32,2,3,5,0,1,3,73,73084
USER_004809,0.06140958046433825,0.023409580464338248,0,0,30,2,3,5,0,1,4,76,76097
USER_004810,0.03370847871012174,-0.00429152128987826,1,1,31,1,1,3,2,1,2,11,11065
USER_004811,0.051347325314741475,0.013347325314741476,0,0,31,2,2,5,3,2,1,25,25046
USER_004812,0.011289098941187993,-0.026710901058812006,1,1,54,2,1,9,0,1,2,11,11006
USER_004813,0.04989176861670418,0.011891768616704178,0,0,22,2,1,2,1,1,4,63,63074
USER_004814,0.027940773779087786,-0.010059226220912213,1,1,39,2,2,3,5,2,4,73,73013
USER_004815,0.04461018425061955,0.006610184250619551,0,0,45,2,3,3,2,1,3,8,8010
USER_004816,0.03628371372640436,-0.0017162862735956366,1,1,62,2,1,6,1,1,3,63,63017
USER_004817,0.059806210146757514,0.021806210146757515,0,0,21,2,1,4,0,1,5,25,25010
USER_004818,0.02688346527490123,-0.01111653472509877,1,1,67,1,2,2,0,1,4,76,76072
USER_004819,0.04941409446342747,0.01141409446342747,0,0,55,1,1,6,1,1,3,8,8015
USER_004820,0.035807388050551996,-0.0021926119494480034,1,1,46,2,2,5,0,1,2,68,68026
USER_004821,0.03762541782985505,-0.000374582170144952,1,1,54,2,2,2,3,1,4,25,25066
USER_004822,0.03724219160261186,-0.0007578083973881419,1,1,52,2,2,6,2,1,3,25,25021
USER_004823,0.027314903432588307,-0.010685096567411692,1,1,37,1,1,6,0,1,4,8,8072
USER_004824,0.039788515511399926,0.0017885155113999268,0,1,52,2,2,3,0,1,4,11,11017
USER_004825,0.03906027666817268,0.0010602766681726827,0,0,52,2,1,4,0,2,2,11,11088
USER_004826,0.04361860372610094,0.005618603726100943,0,0,37,1,1,7,1,1,4,11,11021
USER_004827,0.04126757718539294,0.003267577185392938,0,0,19,2,3,5,0,1,3,11,11065
USER_004828,0.051969918244183545,0.013969918244183546,0,0,69,2,2,4,0,1,2,11,11088
USER_004829,0.05385262924071053,0.015852629240710528,0,0,35,2,1,8,2,1,4,25,25060
USER_004830,0.024240650172582985,-0.013759349827417014,1,0,47,1,1,5,1,2,3,11,11003
USER_004831,0.05303158750886157,0.01503158750886157,0,0,59,2,1,5,3,1,3,19,19054
USER_004832,0.022204953593352186,-0.015795046406647813,1,1,73,2,3,3,3,1,3,13,13033
USER_004833,0.04881783832206603,0.01081783832206603,0,1,70,2,2,3,0,2,3,11,11028
USER_004834,0.04929608177054303,0.011296081770543032,0,0,46,2,1,6,0,1,5,5,5078
USER_004835,0.011330246625062441,-0.026669753374937558,1,0,56,2,1,2,1,1,5,50,50042
USER_004836,0.04139468869794115,0.003394688697941149,0,0,69,1,1,4,3,1,4,52,52029
USER_004837,0.032972558299595264,-0.005027441700404735,1,1,39,1,2,5,5,2,3,54,54062
USER_004838,0.028618521130969375,-0.009381478869030624,1,1,46,2,1,9,2,1,4,63,63056
USER_004839,0.06026278496048508,0.02226278496048508,0,0,63,2,1,4,3,1,4,54,54003
USER_004840,0.030194812890438717,-0.007805187109561282,1,1,27,1,2,5,1,1,2,19,19024
USER_004841,0.027904346063229255,-0.010095653936770744,1,1,37,2,2,3,2,1,3,11,11026
USER_004842,0.0411354241000764,0.0031354241000764033,0,0,33,2,2,1,1,2,5,25,25024
USER_004843,0.05028384619447625,0.012283846194476249,0,0,23,2,3,3,1,1,2,76,76077
USER_004844,0.0378752712098481,-0.0001247287901518998,1,1,34,1,3,5,0,2,4,11,11014
USER_004845,0.057495558185038785,0.019495558185038786,0,0,23,2,2,1,2,1,3,25,25075
USER_004846,0.04796463492946136,0.009964634929461362,0,0,39,1,1,3,1,2,4,11,11068
USER_004847,0.007326830204028547,-0.030673169795971452,1,1,35,1,2,6,1,1,4,11,11053
USER_004848,0.03205799554739488,-0.005942004452605121,1,0,49,1,1,2,1,1,5,25,25067
USER_004849,0.031572368509724516,-0.006427631490275483,1,1,45,2,1,2,1,1,3,54,54059
USER_004850,0.04719041430144133,0.009190414301441331,0,0,59,2,2,6,0,1,3,63,63012
USER_004851,0.0006277441543883189,-0.03737225584561168,1,1,27,1,2,2,0,1,4,11,11001
USER_004852,0.07823514563076583,0.040235145630765835,0,0,58,1,1,4,0,1,2,63,63078
USER_004853,0.04796539142341315,0.009965391423413149,0,0,39,2,1,4,1,2,3,52,52086
USER_004854,0.04223315205876537,0.0042331520587653715,0,0,45,1,1,3,0,2,4,54,54024
USER_004855,0.057723515746287195,0.019723515746287196,0,0,32,2,1,2,1,2,2,25,25077
USER_004856,0.07515481079218937,0.03715481079218937,0,0,60,2,1,3,2,2,2,11,11005
USER_004857,0.053061199668826046,0.015061199668826047,0,0,46,2,2,8,1,1,3,11,11035
USER_004858,0.0542321964470743,0.0162321964470743,0,0,24,1,2,6,1,2,2,54,54089
USER_004859,0.041960350366965736,0.003960350366965737,0,0,67,2,3,3,1,1,3,8,8045
USER_004860,0.03787711369949578,-0.00012288630050422134,1,1,51,1,1,6,0,2,3,8,8085
USER_004861,0.032863068339926485,-0.005136931660073514,1,1,49,2,1,5,1,1,3,63,63037
USER_004862,0.02760832012428187,-0.010391679875718127,1,1,19,2,2,1,1,1,3,25,25052
USER_004863,0.02969478850450754,-0.00830521149549246,1,1,43,1,1,5,2,2,2,11,11029
USER_004864,0.019741660534855255,-0.018258339465144744,1,1,62,1,2,2,0,1,3,8,8021
USER_004865,0.038861928239724654,0.0008619282397246547,0,0,28,2,1,6,1,2,1,25,25027
USER_004866,0.014729986341604199,-0.023270013658395802,1,1,42,1,2,4,0,1,2,73,73021
USER_004867,0.04286374786215566,0.004863747862155661,0,1,36,2,1,2,1,1,2,63,63058
USER_004868,0.039455040879364876,0.0014550408793648772,0,0,37,2,1,3,1,1,3,47,47022
USER_004869,0.04220402947580032,0.004204029475800321,0,0,50,1,1,1,0,2,3,68,68079
USER_004870,0.03216802644970011,-0.005831973550299886,1,1,34,2,2,5,0,1,3,11,11082
USER_004871,0.08615290555270755,0.04815290555270755,0,0,69,2,2,6,2,1,2,25,25034
USER_004872,0.060401738502704694,0.022401738502704695,0,0,47,2,1,5,1,1,4,73,73002
USER_004873,0.02133186249872916,-0.01666813750127084,1,1,35,2,1,4,2,1,4,11,11094
USER_004874,0.04349302131140347,0.005493021311403473,0,1,49,2,1,5,1,1,3,11,11002
USER_004875,0.030879907855940147,-0.007120092144059852,1,1,57,1,1,7,4,1,3,52,52099
USER_004876,0.02478280409938879,-0.013217195900611208,1,1,62,2,1,3,0,2,4,52,52030
USER_004877,0.01989891893314098,-0.01810108106685902,1,1,21,1,1,8,2,1,4,11,11081
USER_004878,0.04648325036138881,0.008483250361388812,0,0,49,2,1,4,3,1,3,8,8052
USER_004879,0.02977929647395639,-0.008220703526043607,1,1,36,1,1,4,2,1,2,47,47013
USER_004880,0.05451739036037806,0.01651739036037806,0,0,20,2,3,2,4,1,3,5,5097
USER_004881,0.05490673321795658,0.016906733217956584,0,0,55,2,2,4,0,1,1,11,11015
USER_004882,0.06060871577817174,0.022608715778171744,0,0,45,2,2,3,2,2,2,8,8003
USER_004883,0.027214198508888447,-0.010785801491111552,1,1,55,2,1,8,1,1,5,8,8033
USER_004884,0.047130484160380154,0.009130484160380155,0,0,71,2,1,4,1,1,5,5,5075
USER_004885,0.04948681324963451,0.011486813249634513,0,0,23,2,1,5,2,1,3,54,54011
USER_004886,0.03288732737344053,-0.00511267262655947,1,1,73,2,1,7,0,1,2,76,76055
USER_004887,0.028423420639106876,-0.009576579360893123,1,1,57,2,2,3,2,1,4,25,25090
USER_004888,0.0641428099866396,0.0261428099866396,0,0,74,1,1,6,2,1,4,63,63021
USER_004889,0.04341243813598081,0.0054124381359808085,0,0,34,2,3,4,1,1,5,19,19039
USER_004890,0.04953951626067607,0.01153951626067607,0,0,59,2,1,5,1,2,3,19,19094
USER_004891,0.02766885982258109,-0.010331140177418908,1,1,73,2,1,2,3,1,4,63,63094
USER_004892,0.021710733002167096,-0.016289266997832903,1,1,22,2,1,5,0,1,3,54,54078
USER_004893,0.031458253382618345,-0.006541746617381654,1,1,36,2,3,10,1,2,1,11,11064
USER_004894,0.038139679189150046,0.0001396791891500465,0,0,60,2,1,6,1,1,4,73,73039
USER_004895,0.02403669989773977,-0.01396330010226023,1,1,59,1,1,5,1,1,2,76,76077
USER_004896,0.03985232787024426,0.0018523278702442594,0,0,52,1,1,3,3,1,2,8,8049
USER_004897,0.014672422178972501,-0.023327577821027498,1,1,39,1,2,4,1,1,5,11,11055
USER_004898,0.023199288662951918,-0.014800711337048082,1,1,41,2,1,5,3,1,3,73,73078
USER_004899,0.050063668724153125,0.012063668724153126,0,0,27,1,1,6,1,1,4,25,25050
USER_004900,0.049056857804168415,0.011056857804168416,0,0,19,2,1,3,2,2,3,54,54093
USER_004901,0.03412184851919701,-0.003878151480802991,1,1,45,1,1,5,1,2,2,11,11098
USER_004902,0.024733535363845705,-0.013266464636154295,1,1,58,1,1,3,0,1,2,11,11047
USER_004903,0.024588946727109838,-0.013411053272890161,1,1,54,2,1,4,2,1,3,50,50042
USER_004904,0.03440097631088029,-0.0035990236891197125,1,1,70,2,1,3,2,2,3,54,54003
USER_004905,0.049667777374679374,0.011667777374679375,0,0,34,1,1,5,1,1,2,8,8080
USER_004906,0.05392368537016487,0.01592368537016487,0,0,23,2,1,3,3,1,3,76,76078
USER_004907,0.03255202396777047,-0.005447976032229532,1,1,60,1,1,4,3,1,2,52,52099
USER_004908,0.022697613610228245,-0.015302386389771754,1,1,22,2,1,3,1,2,1,8,8046
USER_004909,0.044017654567995,0.0060176545679950025,0,0,56,1,2,4,2,1,3,8,8041
USER_004910,0.02764697544061226,-0.01035302455938774,1,1,24,2,2,4,0,1,5,76,76090
USER_004911,0.032226210417081964,-0.005773789582918035,1,1,49,1,2,3,2,1,2,11,11037
USER_004912,0.05987914135655556,0.02187914135655556,0,0,21,2,2,8,1,2,2,11,11095
USER_004913,0.05240673142848652,0.014406731428486523,0,0,38,1,1,9,0,1,5,25,25097
USER_004914,0.042369614683771775,0.004369614683771776,0,0,59,2,1,6,1,1,4,11,11062
USER_004915,0.02092121498330916,-0.01707878501669084,1,1,49,2,2,3,1,1,5,5,5096
USER_004916,0.04317094851205988,0.005170948512059882,0,0,73,2,2,3,3,1,2,11,11028
USER_004917,0.0559398593618129,0.0179398593618129,0,0,35,2,1,5,0,2,1,11,11007
USER_004918,0.03436549501351697,-0.003634504986483031,1,1,50,2,1,2,2,2,2,47,47042
USER_004919,0.060266711349800724,0.022266711349800725,0,0,31,2,2,7,3,1,4,8,8074
USER_004920,0.059391179342773104,0.021391179342773105,0,1,23,2,1,2,0,2,5,76,76085
USER_004921,0.0649559924821521,0.0269559924821521,0,0,28,2,1,8,0,1,1,63,63052
USER_004922,0.044578646897970295,0.006578646897970296,0,0,63,2,1,3,2,1,3,68,68092
USER_004923,0.048810875497090185,0.010810875497090186,0,0,37,2,1,4,0,1,1,52,52013
USER_004924,0.06121280932496635,0.023212809324966353,0,0,46,2,2,9,3,1,5,73,73086
USER_004925,0.04671090905603464,0.008710909056034638,0,0,52,1,2,8,2,1,2,13,13021
USER_004926,0.03248148838314681,-0.00551851161685319,1,1,33,2,2,4,2,1,4,8,8045
USER_004927,0.03327185745208208,-0.004728142547917917,1,1,65,2,1,8,2,1,2,47,47090
USER_004928,0.04357832430660609,0.00557832430660609,0,0,24,2,2,5,0,1,3,66,66076
USER_004929,0.02064157867080672,-0.01735842132919328,1,1,57,2,1,5,1,1,4,73,73002
USER_004930,0.03785111626953711,-0.00014888373046288705,1,1,53,1,3,3,1,1,4,11,11099
USER_004931,0.05644820677345381,0.01844820677345381,0,0,61,2,1,5,3,2,4,8,8051
USER_004932,0.007131192232520786,-0.030868807767479214,1,0,61,2,2,4,0,2,4,11,11081
USER_004933,0.06301723152691772,0.025017231526917726,0,0,48,1,2,1,2,1,2,19,19012
USER_004934,0.05683561328054739,0.018835613280547392,0,0,59,2,3,2,2,1,3,8,8018
USER_004935,0.033103530762542854,-0.004896469237457145,1,1,61,2,3,5,0,2,3,19,19006
USER_004936,0.048150862418077145,0.010150862418077146,0,0,60,2,1,4,0,1,3,19,19078
USER_004937,0.0400472159035949,0.0020472159035948984,0,0,60,2,1,2,0,1,2,52,52083
USER_004938,0.05844985552658025,0.020449855526580248,0,0,64,2,1,7,1,1,3,11,11044
USER_004939,0.05474024714154912,0.01674024714154912,0,0,23,1,1,10,4,1,3,19,19093
USER_004940,0.018998939152254864,-0.019001060847745135,1,1,46,1,3,6,3,1,3,76,76007
USER_004941,0.04880893620196265,0.010808936201962653,0,0,44,1,1,4,0,1,2,11,11031
USER_004942,0.036915582195351286,-0.001084417804648713,1,1,60,2,1,6,4,1,2,11,11006
USER_004943,0.041242488557771496,0.0032424885577714974,0,0,19,2,1,7,3,1,5,8,8054
USER_004944,0.029077421485452767,-0.008922578514547232,1,1,73,1,1,7,2,1,5,8,8089
USER_004945,0.06622205603681253,0.028222056036812528,0,0,39,2,2,10,1,1,2,25,25042
USER_004946,0.05560092729853864,0.01760092729853864,0,0,26,1,2,4,1,2,3,11,11085
USER_004947,0.02890343254040549,-0.009096567459594508,1,1,28,2,1,5,3,1,2,66,66016
USER_004948,0.019980840896346514,-0.018019159103653485,1,1,33,1,1,6,0,1,4,5,5005
USER_004949,0.03421491053533228,-0.0037850894646677194,1,1,62,2,3,5,1,1,3,66,66019
USER_004950,0.04651753969136958,0.008517539691369584,0,0,30,1,1,2,1,1,4,66,66091
USER_004951,0.043603087659193344,0.005603087659193345,0,0,71,1,3,3,1,1,3,11,11051
USER_004952,0.05879699237152365,0.020796992371523652,0,0,71,1,3,4,1,1,3,68,68035
USER_004953,0.051848795832712784,0.013848795832712785,0,0,35,1,2,4,4,1,3,8,8007
USER_004954,0.054543535386293605,0.016543535386293606,0,0,70,1,3,4,3,1,3,25,25068
USER_004955,0.04490283100915656,0.0069028310091565626,0,0,42,2,1,2,1,2,4,47,47094
USER_004956,0.019160519046835144,-0.018839480953164855,1,1,50,2,3,5,0,2,2,47,47028
USER_004957,0.037064522032796476,-0.0009354779672035227,1,1,69,2,1,3,1,2,3,25,25056
USER_004958,0.055901346098629984,0.017901346098629985,0,0,27,2,1,2,3,1,4,50,50061
USER_004959,0.03922715607213031,0.0012271560721303088,0,0,47,2,1,5,1,1,3,13,13097
USER_004960,0.0475463555293562,0.009546355529356204,0,0,68,2,1,5,2,1,4,76,76080
USER_004961,0.035218775271308005,-0.0027812247286919944,1,1,66,2,1,8,3,1,2,25,25064
USER_004962,0.024552822271872325,-0.013447177728127674,1,1,18,2,2,3,1,1,1,11,11051
USER_004963,0.038149839039308346,0.00014983903930834708,0,0,50,1,2,8,2,1,2,25,25027
USER_004964,0.04463571164548981,0.00663571164548981,0,0,66,2,3,5,1,1,3,68,68078
USER_004965,0.030164684208078347,-0.007835315791921652,1,1,32,2,1,3,1,1,3,11,11053
USER_004966,0.036464331327149976,-0.0015356686728500227,1,1,46,1,1,6,1,1,3,25,25082
USER_004967,0.025908051370210263,-0.012091948629789736,1,1,19,2,3,3,1,1,4,68,68059
USER_004968,0.05678867376346144,0.01878867376346144,0,0,28,1,3,5,2,2,2,50,50082
USER_004969,0.03558316363617949,-0.002416836363820507,1,1,70,1,2,8,1,2,1,11,11086
USER_004970,0.06179133317689275,0.02379133317689275,0,0,51,2,2,4,2,1,4,25,25040
USER_004971,0.06293121775811363,0.024931217758113626,0,0,69,1,1,4,2,1,2,50,50068
USER_004972,0.038784310529173846,0.000784310529173847,0,0,58,1,1,3,0,2,1,5,5020
USER_004973,0.024873269011789757,-0.013126730988210242,1,1,36,1,2,4,1,2,1,47,47080
USER_004974,0.008711531833999944,-0.029288468166000056,1,1,19,2,2,3,2,1,4,63,63095
USER_004975,0.01791944390459813,-0.02008055609540187,1,1,65,1,1,2,3,1,4,25,25060
USER_004976,0.0193924776265201,-0.018607522373479898,1,1,37,2,1,5,2,1,2,19,19072
USER_004977,0.06067704441192257,0.022677044411922573,0,0,58,1,1,4,1,1,2,25,25012
USER_004978,0.041737368808404195,0.0037373688084041956,0,0,69,1,2,3,0,2,3,5,5020
USER_004979,0.04584406786137982,0.007844067861379818,0,0,48,1,1,3,4,1,2,19,19042
USER_004980,0.006693684865973113,-0.03130631513402689,1,1,70,2,2,3,0,1,4,11,11015
USER_004981,0.022030503561741077,-0.015969496438258922,1,1,21,1,1,6,1,1,2,54,54092
USER_004982,0.0533061966466943,0.015306196646694303,0,0,46,2,1,5,0,1,4,68,68051
USER_004983,0.0443016116857388,0.006301611685738798,0,0,73,2,1,5,0,1,2,52,52017
USER_004984,0.037791920819716045,-0.00020807918028395433,1,1,47,2,3,2,1,2,3,19,19080
USER_004985,0.04847263537900184,0.010472635379001838,0,0,30,2,1,3,3,1,1,8,8072
USER_004986,0.06453696709203723,0.026536967092037227,0,0,32,2,1,1,0,2,3,19,19076
USER_004987,0.036684363046944245,-0.0013156369530557543,1,1,37,2,1,3,1,1,1,73,73085
USER_004988,0.04104054703987104,0.0030405470398710416,0,1,51,1,1,2,0,1,1,11,11063
USER_004989,0.04288895378096958,0.004888953780969582,0,0,45,1,1,3,2,2,3,66,66030
USER_004990,0.07588164452910989,0.037881644529109894,0,0,37,1,1,3,3,1,1,11,11024
USER_004991,0.008509656033714619,-0.02949034396628538,1,1,67,2,1,6,3,1,4,73,73050
USER_004992,0.05024834522183212,0.012248345221832123,0,1,42,2,1,4,0,2,2,54,54064
USER_004993,0.038277966268614044,0.0002779662686140452,0,0,44,2,1,4,2,1,2,13,13036
USER_004994,0.048501575892762695,0.010501575892762696,0,0,47,2,2,5,2,2,3,5,5041
USER_004995,0.030139411690079134,-0.007860588309920865,1,1,73,2,1,2,1,1,4,8,8097
USER_004996,0.039265524537123245,0.0012655245371232457,0,0,58,1,3,4,4,1,4,63,63044
USER_004997,0.05067115869198243,0.012671158691982431,0,0,37,2,1,4,1,1,4,68,68051
USER_004998,0.08669365301565762,0.048693653015657624,0,0,18,2,2,3,0,2,3,68,68076
USER_004999,0.05212054284103107,0.014120542841031071,0,0,52,2,1,1,2,1,5,73,73053
USER_005000,0.02727901602954237,-0.010720983970457627,1,1,72,1,1,1,0,1,3,50,50090
USER_005001,0.033643604769659455,-0.004356395230340544,1,1,66,2,1,6,0,1,4,8,8004
USER_005002,0.03319878837424219,-0.004801211625757806,1,1,60,1,1,3,2,1,2,8,8083
USER_005003,0.013065352410549775,-0.024934647589450222,1,1,41,1,2,4,0,2,3,11,11043
USER_005004,0.035048647124478444,-0.0029513528755215554,1,0,42,2,2,5,1,1,3,11,11027
USER_005005,0.050992436227326174,0.012992436227326175,0,0,57,1,2,1,2,1,1,73,73066
USER_005006,0.020886518213848074,-0.017113481786151925,1,1,70,1,1,2,2,1,2,66,66005
USER_005007,0.055727239765758885,0.017727239765758886,0,0,29,2,1,3,2,1,3,13,13079
USER_005008,0.04731662231626507,0.009316622316265073,0,0,28,2,3,3,2,1,3,13,13057
USER_005009,0.028986500170434432,-0.009013499829565567,1,1,47,1,2,4,1,1,5,5,5037
USER_005010,0.03787705543993229,-0.00012294456006770732,1,1,30,1,1,5,2,2,4,73,73035
USER_005011,0.0639748271146155,0.025974827114615497,0,0,64,2,3,3,1,2,3,11,11016
USER_005012,0.05100321720258799,0.013003217202587992,0,0,42,1,3,8,0,2,4,5,5009
USER_005013,0.04013175482347222,0.0021317548234722206,0,0,69,2,1,1,1,1,3,11,11022
USER_005014,0.036434750245585235,-0.0015652497544147645,1,1,42,2,1,3,0,1,2,11,11091
USER_005015,0.04114913605677489,0.003149136056774894,0,1,34,2,1,3,2,1,2,76,76076
USER_005016,0.03232354663086545,-0.005676453369134547,1,1,29,1,2,2,2,2,1,11,11069
USER_005017,0.008428757414214783,-0.029571242585785217,1,1,68,2,2,6,1,1,3,68,68024
USER_005018,0.07063266865802097,0.03263266865802097,0,0,69,2,2,5,0,1,4,50,50098
USER_005019,0.042329874987991026,0.004329874987991027,0,0,28,2,2,6,0,2,2,13,13014
USER_005020,0.045972208976838055,0.007972208976838056,0,0,27,2,1,4,0,1,4,11,11085
USER_005021,0.03913138375184637,0.0011313837518463696,0,0,34,1,1,5,3,1,3,11,11006
USER_005022,0.028973247989131177,-0.009026752010868822,1,1,71,1,3,3,2,1,2,11,11048
USER_005023,0.03721113278576844,-0.0007888672142315617,1,1,62,2,3,3,3,1,4,52,52039
USER_005024,0.016009078567085333,-0.021990921432914666,1,1,33,2,1,6,2,1,3,19,19020
USER_005025,0.07415629747079956,0.03615629747079956,0,0,69,2,1,3,2,1,3,66,66022
USER_005026,0.021482320023664063,-0.016517679976335936,1,1,37,1,1,4,2,1,2,68,68058
USER_005027,0.02452050574229231,-0.01347949425770769,1,0,66,2,1,4,1,1,4,73,73098
USER_005028,0.033396111934204,-0.004603888065796001,1,0,22,2,1,4,0,1,5,8,8034
USER_005029,0.05932113587278566,0.02132113587278566,0,0,58,2,1,2,1,1,1,54,54032
USER_005030,0.040217634988939814,0.002217634988939815,0,0,71,2,1,2,0,2,2,11,11068
USER_005031,0.021457963059543065,-0.016542036940456934,1,1,73,2,2,2,1,1,2,11,11093
USER_005032,0.05881507541136009,0.020815075411360094,0,0,49,2,3,3,0,1,1,25,25047
USER_005033,0.050965009401782224,0.012965009401782225,0,1,44,2,3,5,1,2,1,76,76018
USER_005034,0.04807652435824679,0.01007652435824679,0,0,21,2,2,1,2,1,2,25,25041
USER_005035,0.05073601361756261,0.01273601361756261,0,0,58,2,2,4,2,1,3,11,11021
USER_005036,0.07591542850873677,0.03791542850873677,0,0,65,1,1,3,3,2,1,8,8086
USER_005037,0.07277642342554168,0.03477642342554168,0,1,24,2,1,6,2,1,2,25,25072
USER_005038,0.029699269854950573,-0.008300730145049427,1,1,63,1,2,2,1,1,3,25,25023
USER_005039,0.06435827489216728,0.02635827489216728,0,0,31,2,1,2,2,1,3,19,19076
USER_005040,0.045747522846383504,0.007747522846383505,0,0,56,1,1,8,2,1,5,25,25058
USER_005041,0.04748643724206624,0.009486437242066242,0,0,41,1,1,2,1,2,4,11,11017
USER_005042,0.014615937525350073,-0.023384062474649928,1,1,65,1,1,5,3,1,5,11,11061
USER_005043,0.03744421351917706,-0.0005557864808229396,1,1,35,1,2,2,1,1,3,25,25060
USER_005044,0.02780764614495153,-0.01019235385504847,1,1,55,1,3,7,3,1,3,5,5093
USER_005045,0.05242088222339964,0.014420882223399642,0,0,56,1,1,6,1,1,3,11,11092
USER_005046,0.056066207506042076,0.018066207506042077,0,0,68,1,1,3,0,2,4,25,25009
USER_005047,0.008882704734755331,-0.029117295265244668,1,1,57,1,1,3,0,1,1,66,66082
USER_005048,0.039669477039935945,0.001669477039935946,0,0,18,2,3,1,2,1,3,73,73081
USER_005049,0.05682792257191378,0.018827922571913784,0,0,34,1,1,3,0,1,3,68,68082
USER_005050,0.037199815565298326,-0.0008001844347016729,1,1,43,2,1,3,1,1,2,11,11078
USER_005051,0.050935954675035464,0.012935954675035465,0,0,68,2,1,2,1,1,2,11,11044
USER_005052,0.04526748201440626,0.00726748201440626,0,0,39,1,1,6,1,1,3,11,11032
USER_005053,0.045124903479289394,0.007124903479289395,0,0,56,1,2,3,3,1,4,63,63041
USER_005054,0.03593027532897554,-0.00206972467102446,1,1,35,1,1,2,1,2,4,11,11082
USER_005055,0.021751287937964357,-0.016248712062035642,1,1,55,2,2,6,0,2,2,73,73077
USER_005056,0.02317704778862459,-0.01482295221137541,1,1,45,2,2,3,1,1,3,52,52093
USER_005057,0.05064028771682976,0.012640287716829762,0,0,38,1,1,6,1,1,2,19,19090
USER_005058,0.04029187383278325,0.002291873832783252,0,0,55,1,2,2,2,2,1,25,25086
USER_005059,0.03792231633089163,-7.768366910836794e-05,1,1,50,2,2,7,0,2,2,13,13031
USER_005060,0.033641649365164714,-0.0043583506348352855,1,1,47,1,2,3,2,2,4,54,54001
USER_005061,0.03542216731778872,-0.0025778326822112757,1,1,59,2,2,2,1,1,3,5,5080
USER_005062,0.055703676917322094,0.017703676917322095,0,0,72,2,2,4,0,1,2,5,5025
USER_005063,0.0349713387719796,-0.003028661228020396,1,1,25,1,1,5,3,1,4,11,11012
USER_005064,0.01988402930047647,-0.018115970699523528,1,1,47,1,3,7,3,1,3,11,11041
USER_005065,0.0511547766331026,0.013154776633102598,0,0,56,2,1,3,0,1,4,66,66076
USER_005066,0.036926850042029245,-0.0010731499579707537,1,1,26,1,1,3,2,2,2,25,25031
USER_005067,0.040470937982991645,0.002470937982991646,0,0,50,1,1,4,0,2,2,68,68075
USER_005068,0.06411367459599265,0.026113674595992654,0,0,74,1,1,4,1,1,3,11,11065
USER_005069,0.039691591639742396,0.0016915916397423972,0,0,60,1,1,3,0,2,1,13,13006
USER_005070,0.04433775509678088,0.006337755096780882,0,0,46,2,1,3,3,1,4,73,73069
USER_005071,0.022316147630525123,-0.015683852369474876,1,1,48,1,3,4,0,1,3,11,11083
USER_005072,0.0367049582147356,-0.001295041785264399,1,1,20,2,2,6,2,1,2,25,25056
USER_005073,0.04914289067812902,0.01114289067812902,0,0,67,1,1,4,1,1,4,68,68096
USER_005074,0.016669393992381366,-0.021330606007618633,1,1,55,2,1,5,2,1,3,73,73069
USER_005075,0.043012676396735644,0.005012676396735645,0,0,28,2,1,7,0,2,2,76,76011
USER_005076,0.0415118660896721,0.0035118660896720985,0,0,22,2,2,5,1,1,3,11,11029
USER_005077,0.040619311833811594,0.0026193118338115953,0,0,48,2,1,5,1,2,3,11,11007
USER_005078,0.05555738347987365,0.01755738347987365,0,0,37,1,1,3,0,2,3,11,11091
USER_005079,0.045016577722727824,0.007016577722727825,0,0,21,2,3,7,3,1,2,76,76028
USER_005080,0.06217107847534666,0.024171078475346663,0,0,25,2,2,5,3,1,2,11,11020
USER_005081,0.025096157266089457,-0.012903842733910542,1,1,59,1,1,7,2,1,1,11,11057
USER_005082,0.04203886850827522,0.0040388685082752215,0,0,52,1,2,1,1,1,2,13,13014
USER_005083,0.04126700179584921,0.0032670017958492115,0,0,30,1,2,5,1,1,3,52,52042
USER_005084,0.023961182593673806,-0.014038817406326193,1,1,66,2,1,5,1,1,3,68,68032
USER_005085,0.05434442503137019,0.016344425031370194,0,0,22,1,1,5,3,1,1,54,54017
USER_005086,0.07487009958779227,0.03687009958779227,0,0,57,2,1,6,3,1,4,76,76045
USER_005087,0.039744908882742534,0.0017449088827425352,0,0,36,1,2,1,2,1,3,73,73028
USER_005088,0.047575316324106505,0.009575316324106506,0,0,35,2,1,8,1,1,3,50,50088
USER_005089,0.04126777713722991,0.0032677771372299075,0,0,50,2,1,3,2,2,2,63,63075
USER_005090,0.029296229951392368,-0.008703770048607631,1,1,21,2,2,5,0,1,5,13,13046
USER_005091,0.012688595832969758,-0.02531140416703024,1,1,35,1,1,7,3,1,2,66,66093
USER_005092,0.029413397753569524,-0.008586602246430475,1,1,63,2,3,4,1,1,2,11,11025
USER_005093,0.01912062428572403,-0.01887937571427597,1,1,41,2,2,4,1,2,4,25,25087
USER_005094,0.06556153117088677,0.02756153117088677,0,0,60,2,3,3,0,1,5,52,52059
USER_005095,0.038273354591151415,0.00027335459115141597,0,0,46,2,1,4,2,1,2,63,63046
USER_005096,0.03481121006429244,-0.0031887899357075575,1,1,48,2,2,3,0,1,4,8,8077
USER_005097,0.053337307371817085,0.015337307371817085,0,0,45,2,1,3,3,1,1,68,68022
USER_005098,0.023173733457161685,-0.014826266542838314,1,1,26,2,1,4,0,2,3,8,8031
USER_005099,0.028497039429931717,-0.009502960570068282,1,1,62,2,2,8,3,1,1,11,11070
USER_005100,0.04102108403872932,0.0030210840387293186,0,0,43,2,2,5,0,1,2,63,63033
USER_005101,0.0554315348713522,0.017431534871352204,0,0,66,2,1,8,2,1,5,54,54032
USER_005102,0.04752527567753182,0.009525275677531822,0,0,64,2,1,4,0,1,3,76,76080
USER_005103,0.04372487713773823,0.005724877137738234,0,0,19,1,1,4,1,1,1,63,63089
USER_005104,0.041171766028540245,0.003171766028540246,0,0,23,2,1,4,2,1,3,50,50099
USER_005105,0.04600353783290163,0.008003537832901628,0,0,46,1,2,7,1,2,1,13,13099
USER_005106,0.04302479357693882,0.005024793576938823,0,0,43,2,1,3,0,2,5,11,11081
USER_005107,0.024550415878345964,-0.013449584121654035,1,1,45,1,1,4,0,2,1,76,76019
USER_005108,0.04069118832449727,0.0026911883244972734,0,0,24,2,2,7,2,1,3,50,50003
USER_005109,0.023894670116233713,-0.014105329883766286,1,1,51,2,1,3,0,1,1,66,66026
USER_005110,0.04121623814351236,0.003216238143512358,0,0,73,2,1,3,0,1,2,11,11083
USER_005111,0.03279028087767638,-0.005209719122323618,1,1,62,2,2,4,3,1,4,5,5040
USER_005112,0.07809072434174293,0.04009072434174293,0,0,27,1,1,3,1,2,3,5,5095
USER_005113,0.03940158424372432,0.0014015842437243228,0,0,65,2,1,4,2,1,2,73,73049
USER_005114,0.01893640650607617,-0.01906359349392383,1,0,58,2,2,5,2,1,1,68,68055
USER_005115,0.037987296839846134,-1.270316015386519e-05,1,0,57,2,1,2,3,2,5,11,11080
USER_005116,0.04779038118456832,0.00979038118456832,0,0,74,1,2,4,3,1,3,11,11042
USER_005117,0.06510045919228785,0.027100459192287853,0,0,64,2,3,6,3,1,5,8,8079
USER_005118,0.031158214000919223,-0.006841785999080776,1,1,39,2,3,3,0,1,4,68,68047
USER_005119,0.016263580389645402,-0.021736419610354597,1,1,44,1,1,9,1,1,3,19,19033
USER_005120,0.05225255517146472,0.014252555171464718,0,0,56,2,1,6,1,1,5,11,11022
USER_005121,0.019291019411505236,-0.018708980588494763,1,1,39,2,1,6,0,1,1,47,47048
USER_005122,0.03345766837738773,-0.004542331622612271,1,0,72,1,1,6,2,1,2,63,63077
USER_005123,0.03613569271733509,-0.001864307282664908,1,1,36,2,1,4,1,1,4,73,73034
USER_005124,0.03895549820049838,0.0009554982004983809,0,0,53,1,1,5,0,1,5,54,54052
USER_005125,0.05033746685611504,0.012337466856115038,0,1,26,2,1,3,0,1,4,8,8015
USER_005126,0.029745485765704186,-0.008254514234295813,1,1,36,2,2,4,0,1,2,11,11059
USER_005127,0.03589406121749859,-0.0021059387825014056,1,1,19,1,1,7,1,1,1,73,73056
USER_005128,0.03978594470575917,0.001785944705759171,0,0,45,1,2,4,0,1,3,25,25012
USER_005129,0.042243969362781825,0.004243969362781826,0,0,56,1,1,5,2,1,4,76,76084
USER_005130,0.04146740762061884,0.0034674076206188398,0,0,39,2,2,4,0,2,4,76,76064
USER_005131,0.046540086628338695,0.008540086628338696,0,0,68,2,2,7,1,1,1,25,25045
USER_005132,0.05265759264462606,0.014657592644626058,0,0,23,2,1,5,0,1,3,50,50089
USER_005133,0.04588951173476452,0.007889511734764522,0,0,64,2,1,4,3,1,3,11,11096
USER_005134,0.046803782852638275,0.008803782852638276,0,0,24,2,2,6,2,1,2,52,52011
USER_005135,0.016266652498802835,-0.021733347501197164,1,1,23,2,1,5,1,1,2,66,66054
USER_005136,0.040753415487485206,0.002753415487485207,0,0,50,2,1,3,1,2,3,11,11087
USER_005137,0.04719261322002413,0.009192613220024133,0,0,31,2,1,3,2,1,3,73,73035
USER_005138,0.05093411791855675,0.012934117918556753,0,0,18,1,1,5,7,1,3,11,11034
USER_005139,0.02961473838649309,-0.00838526161350691,1,1,42,1,1,4,0,2,3,50,50051
USER_005140,0.030114410876670328,-0.007885589123329671,1,1,23,2,1,3,3,2,2,73,73097
USER_005141,0.03138848987074603,-0.00661151012925397,1,1,45,1,3,1,2,1,3,11,11029
USER_005142,0.04804620849837015,0.010046208498370152,0,1,35,2,1,2,2,1,4,47,47092
USER_005143,0.05550821582386313,0.01750821582386313,0,0,44,1,3,11,2,1,4,5,5077
USER_005144,0.033888098390625974,-0.004111901609374025,1,1,66,2,1,4,1,1,4,66,66037
USER_005145,0.053619434704405736,0.015619434704405737,0,0,19,1,2,6,0,1,3,19,19049
USER_005146,0.04185219713746891,0.003852197137468913,0,0,57,2,1,3,1,1,3,63,63020
USER_005147,0.03813571334256346,0.00013571334256345935,0,0,38,2,2,2,1,1,3,68,68044
USER_005148,0.03682923655273047,-0.0011707634472695322,1,0,40,1,1,3,2,2,5,19,19091
USER_005149,0.05119917046903236,0.013199170469032358,0,0,72,1,2,5,1,1,2,54,54048
USER_005150,0.04488366725180605,0.006883667251806051,0,0,19,1,1,1,1,1,4,25,25037
USER_005151,0.07413738141471456,0.03613738141471456,0,0,33,2,1,4,1,2,3,73,73060
USER_005152,0.027216630355040138,-0.01078336964495986,1,1,21,2,1,10,1,1,4,73,73065
USER_005153,0.04777152553044964,0.009771525530449639,0,0,51,2,2,3,2,1,2,50,50010
USER_005154,0.03206198485282731,-0.005938015147172689,1,1,72,1,1,3,0,2,5,68,68001
USER_005155,0.026960695195170345,-0.011039304804829654,1,1,22,2,2,1,2,1,3,47,47085
USER_005156,0.039836992944475416,0.0018369929444754171,0,0,66,2,1,4,1,1,3,68,68054
USER_005157,0.04206028719110554,0.004060287191105544,0,0,51,2,1,5,0,1,5,11,11085
USER_005158,0.08377260332590139,0.04577260332590139,0,0,39,1,2,5,2,1,4,25,25028
USER_005159,0.03723781276475197,-0.0007621872352480269,1,1,63,2,1,5,1,1,5,11,11043
USER_005160,0.02304731905772975,-0.014952680942270247,1,1,37,2,1,5,1,1,4,73,73065
USER_005161,0.044095160762415785,0.0060951607624157855,0,0,56,2,1,3,1,1,3,52,52007
USER_005162,0.008880399436804479,-0.02911960056319552,1,1,64,1,1,3,2,1,2,68,68010
USER_005163,0.038620648260936016,0.0006206482609360173,0,0,67,1,1,6,1,2,3,5,5018
USER_005164,0.04024037923442741,0.0022403792344274087,0,0,30,2,1,4,2,1,5,25,25013
USER_005165,0.051919005744178175,0.013919005744178176,0,0,61,1,1,4,0,1,3,11,11027
USER_005166,0.0546043337414177,0.016604333741417704,0,0,51,2,1,2,0,1,5,66,66023
USER_005167,0.032446455716384236,-0.005553544283615763,1,1,61,2,1,5,1,2,4,54,54029
USER_005168,0.037740789780551,-0.00025921021944899647,1,1,23,2,1,6,0,2,5,19,19014
USER_005169,0.028508187540839936,-0.009491812459160063,1,1,73,2,1,3,0,1,1,52,52077
USER_005170,0.023079061677884594,-0.014920938322115405,1,0,46,1,1,2,1,1,4,47,47086
USER_005171,0.04464842169070952,0.006648421690709519,0,0,50,2,2,5,2,1,3,8,8012
USER_005172,0.020896216771051013,-0.017103783228948986,1,1,70,1,1,8,1,1,4,66,66065
USER_005173,0.03378059649142205,-0.004219403508577947,1,1,18,1,2,5,2,1,3,19,19050
USER_005174,0.025072390601511434,-0.012927609398488565,1,1,64,1,1,3,1,1,3,5,5023
USER_005175,0.04824524779435389,0.010245247794353894,0,0,65,2,1,9,2,1,4,11,11048
USER_005176,0.06702145148899732,0.029021451488997325,0,0,71,2,1,5,1,1,5,11,11037
USER_005177,0.020476180257950036,-0.017523819742049963,1,1,24,2,1,4,0,1,3,50,50096
USER_005178,0.012204722756536472,-0.025795277243463526,1,1,39,1,1,5,1,2,3,25,25037
USER_005179,0.03812669671974899,0.0001266967197489921,0,0,49,2,3,4,2,1,2,63,63060
USER_005180,0.040235466939366374,0.002235466939366375,0,0,31,1,1,12,2,1,3,25,25019
USER_005181,0.043279889601359464,0.005279889601359465,0,0,74,1,1,7,3,1,4,11,11025
USER_005182,0.03330519227148483,-0.004694807728515167,1,1,68,2,1,6,2,1,3,11,11044
USER_005183,0.03699041051761852,-0.0010095894823814802,1,1,41,1,3,4,2,2,2,66,66069
USER_005184,0.04551265615810904,0.007512656158109039,0,0,36,2,1,5,1,1,1,11,11076
USER_005185,0.05560646338967258,0.01760646338967258,0,0,44,2,1,2,0,1,3,19,19033
USER_005186,0.01067426844522576,-0.02732573155477424,1,1,40,1,1,3,0,2,5,76,76011
USER_005187,0.03446590841452807,-0.003534091585471931,1,1,62,2,2,5,0,1,4,25,25061
USER_005188,0.04320713190911595,0.005207131909115953,0,0,38,2,1,4,1,1,5,11,11037
USER_005189,0.02623035843083896,-0.011769641569161039,1,1,61,1,1,5,1,2,1,11,11014
USER_005190,0.06596754447650949,0.02796754447650949,0,0,46,2,2,2,1,1,2,54,54082
USER_005191,0.030468851796568944,-0.007531148203431055,1,1,18,2,1,6,1,1,3,11,11088
USER_005192,0.03938060969489076,0.001380609694890761,0,0,48,2,3,2,1,1,4,5,5088
USER_005193,0.04834033145263436,0.010340331452634362,0,0,44,2,2,3,1,1,2,68,68069
USER_005194,0.031130728167971584,-0.006869271832028415,1,1,61,2,1,3,1,1,2,11,11024
USER_005195,0.012301404282933746,-0.02569859571706625,1,1,53,2,1,3,1,1,4,25,25067
USER_005196,0.033570182096252,-0.004429817903747996,1,1,44,2,2,3,1,1,1,11,11056
USER_005197,0.05544160833890561,0.01744160833890561,0,0,32,2,1,6,0,2,4,8,8003
USER_005198,0.034946573098222924,-0.0030534269017770746,1,1,42,1,1,4,0,1,3,76,76018
USER_005199,0.027303485478115324,-0.010696514521884675,1,1,65,2,2,6,2,2,1,5,5018
USER_005200,0.05388508314254083,0.015885083142540828,0,0,32,1,1,4,1,1,4,68,68050
USER_005201,0.03503837655965421,-0.002961623440345791,1,1,57,2,2,3,1,1,3,73,73019
USER_005202,0.03234758779524674,-0.0056524122047532585,1,1,36,1,1,6,2,2,2,25,25002
USER_005203,0.04224184134494964,0.0042418413449496414,0,0,64,1,1,1,0,1,4,11,11060
USER_005204,0.05156125314428181,0.013561253144281811,0,0,67,1,1,7,0,1,3,11,11078
USER_005205,0.07572570297598819,0.037725702975988186,0,0,28,1,1,7,0,2,3,11,11094
USER_005206,0.052408541614861345,0.014408541614861346,0,0,58,1,2,6,2,1,1,11,11006
USER_005207,0.057397599495825166,0.019397599495825167,0,0,50,1,1,2,4,1,2,68,68088
USER_005208,0.03241050701518217,-0.005589492984817826,1,1,58,2,2,3,2,2,2,54,54045
USER_005209,0.02461197841045786,-0.01338802158954214,1,1,40,2,1,3,1,1,4,11,11025
USER_005210,0.04093497024428684,0.0029349702442868428,0,0,29,2,1,6,0,1,3,8,8086
USER_005211,0.041607548728893946,0.0036075487288939473,0,0,19,2,1,3,0,1,2,68,68047
USER_005212,0.023822308879531042,-0.014177691120468957,1,1,60,2,1,2,0,1,3,13,13058
USER_005213,0.03737058205143981,-0.0006294179485601889,1,1,38,2,1,3,1,1,2,68,68070
USER_005214,0.045989764025786965,0.007989764025786966,0,1,31,1,1,6,4,1,2,11,11062
USER_005215,0.045405900925271206,0.007405900925271207,0,0,51,1,3,4,0,2,3,25,25095
USER_005216,0.04756431780076409,0.00956431780076409,0,0,32,1,1,4,2,1,4,11,11020
USER_005217,0.04436447095206165,0.006364470952061649,0,0,38,2,1,1,3,1,2,11,11018
USER_005218,0.032394870110949166,-0.005605129889050833,1,1,40,1,1,5,1,2,2,54,54065
USER_005219,0.032291490600267356,-0.005708509399732643,1,1,38,2,1,3,1,2,3,25,25026
USER_005220,0.02201572903009186,-0.015984270969908138,1,0,67,1,2,4,1,1,4,66,66039
USER_005221,0.06677162558777643,0.028771625587776427,0,0,31,2,1,4,1,1,4,8,8093
USER_005222,0.0402017554692894,0.0022017554692893987,0,0,38,2,1,3,3,1,4,76,76035
USER_005223,0.03662720416307722,-0.0013727958369227772,1,1,29,1,2,2,0,1,2,54,54025
USER_005224,0.02606811877821312,-0.011931881221786879,1,1,59,2,1,5,1,1,2,5,5047
USER_005225,0.08403486853491668,0.04603486853491668,0,0,63,2,1,1,1,1,4,11,11003
USER_005226,0.02390007951665657,-0.01409992048334343,1,1,71,1,2,6,1,1,5,11,11087
USER_005227,0.0335672811159089,-0.004432718884091101,1,1,64,2,1,5,0,1,3,11,11019
USER_005228,0.046237552544290905,0.008237552544290906,0,0,22,2,1,3,1,1,2,76,76014
USER_005229,0.049003194486164164,0.011003194486164165,0,0,19,2,2,3,2,1,4,11,11062
USER_005230,0.05436898082823526,0.016368980828235263,0,0,39,2,1,5,0,1,5,68,68095
USER_005231,0.06711412761653895,0.029114127616538955,0,0,23,1,1,4,2,1,4,73,73013
USER_005232,0.047592364831910684,0.009592364831910685,0,0,61,2,1,5,3,1,4,19,19062
USER_005233,0.024159538000499987,-0.013840461999500012,1,1,19,1,1,7,1,1,2,25,25036
USER_005234,0.03614582312317328,-0.0018541768768267214,1,1,46,1,2,7,2,2,3,19,19045
USER_005235,0.044617485587708276,0.006617485587708277,0,0,53,2,2,10,3,1,3,19,19007
USER_005236,0.07102339062258736,0.03302339062258736,0,0,24,2,1,6,1,1,2,76,76024
USER_005237,0.019032917823635545,-0.018967082176364454,1,1,33,2,2,2,1,1,3,11,11088
USER_005238,0.05803864757837841,0.020038647578378414,0,0,50,2,1,4,0,1,2,76,76098
USER_005239,0.04269871554319625,0.004698715543196251,0,0,50,2,2,4,0,2,3,68,68076
USER_005240,0.05256745802844221,0.014567458028442212,0,0,31,2,2,3,1,1,5,54,54024
USER_005241,0.038470079250461024,0.00047007925046102517,0,0,60,2,1,4,0,1,4,5,5059
USER_005242,0.027363510548105107,-0.010636489451894892,1,1,29,2,1,7,1,1,3,52,52026
USER_005243,0.05126309169101998,0.013263091691019982,0,0,60,1,2,5,3,1,3,11,11064
USER_005244,0.04981646540658432,0.01181646540658432,0,0,23,2,2,4,3,1,2,5,5072
USER_005245,0.05458085448609583,0.01658085448609583,0,0,72,2,2,4,1,1,2,76,76044
USER_005246,0.03980043046932047,0.00180043046932047,0,0,29,2,1,6,2,1,4,73,73033
USER_005247,0.03100266965020226,-0.006997330349797739,1,1,70,1,1,4,0,1,3,19,19002
USER_005248,0.016618195074642378,-0.02138180492535762,1,1,48,2,1,4,0,1,4,54,54039
USER_005249,0.05229059902209109,0.014290599022091094,0,0,29,2,1,5,2,1,4,73,73014
USER_005250,0.04635834223665979,0.008358342236659794,0,0,27,2,2,6,1,1,4,11,11047
USER_005251,0.025513260507040614,-0.012486739492959385,1,1,57,2,2,3,0,1,3,73,73096
USER_005252,0.03192139490055064,-0.006078605099449359,1,0,44,2,1,3,0,1,4,11,11050
USER_005253,0.032998617820728396,-0.005001382179271603,1,1,69,2,1,5,3,1,2,54,54086
USER_005254,0.017755233520263734,-0.020244766479736265,1,1,68,2,1,2,1,1,4,8,8029
USER_005255,0.027734764050922994,-0.010265235949077006,1,1,24,1,1,6,3,1,2,13,13086
USER_005256,0.02299254464790469,-0.01500745535209531,1,1,63,2,1,1,2,1,4,25,25086
USER_005257,0.03381281482168095,-0.00418718517831905,1,1,53,1,2,4,1,2,2,5,5015
USER_005258,0.02891953752505656,-0.00908046247494344,1,1,50,1,2,5,0,1,5,66,66031
USER_005259,0.015594926186998771,-0.022405073813001226,1,1,44,2,1,6,1,1,4,11,11040
USER_005260,0.07033885345854222,0.032338853458542226,0,0,25,1,2,2,2,1,4,68,68050
USER_005261,0.05878811096543846,0.020788110965438464,0,0,22,2,1,7,0,1,2,66,66036
USER_005262,0.028314708677200217,-0.009685291322799782,1,0,25,2,1,5,0,1,4,63,63035
USER_005263,0.04408632094980415,0.006086320949804151,0,0,57,2,1,2,2,1,4,52,52095
USER_005264,0.046261976347319426,0.008261976347319427,0,0,38,1,1,4,0,1,4,19,19082
USER_005265,0.05786628782160215,0.01986628782160215,0,0,41,1,3,5,0,1,3,8,8031
USER_005266,0.027720924600098822,-0.010279075399901177,1,1,24,1,2,4,2,1,3,73,73075
USER_005267,0.056381601759736395,0.018381601759736396,0,0,36,1,1,9,2,1,2,25,25005
USER_005268,0.031781420436895975,-0.006218579563104024,1,1,48,2,2,3,1,1,4,63,63071
USER_005269,0.0199620639374708,-0.018037936062529198,1,1,53,2,1,2,2,2,4,50,50037
USER_005270,0.05086204838971746,0.01286204838971746,0,0,44,2,2,4,1,1,3,68,68020
USER_005271,0.05936137636183642,0.021361376361836423,0,0,46,2,2,6,1,2,3,54,54058
USER_005272,0.07881863460296026,0.040818634602960265,0,0,40,2,1,5,2,1,4,11,11006
USER_005273,0.022004121023646798,-0.0159958789763532,1,1,37,2,1,4,0,1,3,68,68076
USER_005274,0.050483795276211836,0.012483795276211837,0,0,23,1,3,6,0,1,4,11,11059
USER_005275,0.033852981343097006,-0.004147018656902993,1,1,29,2,1,1,0,1,2,13,13079
USER_005276,0.051750380657860466,0.013750380657860467,0,0,67,1,1,7,1,1,4,25,25038
USER_005277,0.017942656731531243,-0.020057343268468756,1,1,29,2,2,7,0,1,2,76,76077
USER_005278,0.02105845336452154,-0.01694154663547846,1,1,67,1,1,3,0,1,4,11,11056
USER_005279,0.028361877652502743,-0.009638122347497256,1,1,20,2,2,3,4,1,4,25,25014
USER_005280,0.04118446068502127,0.003184460685021269,0,0,59,1,2,4,2,1,4,19,19085
USER_005281,0.03038378100192467,-0.007616218998075328,1,1,56,1,2,2,0,2,2,66,66094
USER_005282,0.049885815158701295,0.011885815158701296,0,0,52,2,1,5,0,1,2,5,5006
USER_005283,0.055403419273868715,0.017403419273868716,0,0,36,1,2,3,1,1,4,25,25035
USER_005284,0.048993663118680336,0.010993663118680337,0,0,62,1,1,5,0,1,3,25,25098
USER_005285,0.06428181459491301,0.026281814594913015,0,0,21,2,1,6,0,1,3,19,19040
USER_005286,0.04623739944183015,0.008237399441830148,0,0,48,2,1,10,0,1,1,25,25060
USER_005287,0.021746549344897496,-0.016253450655102503,1,1,59,2,1,1,1,1,3,66,66029
USER_005288,0.060450647703075094,0.022450647703075095,0,0,55,2,1,2,0,1,2,11,11059
USER_005289,0.03092265646591004,-0.00707734353408996,1,1,50,2,1,4,1,1,3,25,25067
USER_005290,0.05365627749528355,0.015656277495283553,0,0,23,1,1,7,5,1,2,68,68069
USER_005291,0.0636060132483266,0.0256060132483266,0,0,25,2,1,6,1,1,5,73,73009
USER_005292,0.046850320160955986,0.008850320160955986,0,0,45,2,1,6,2,1,3,68,68020
USER_005293,0.017557617802530255,-0.020442382197469744,1,1,32,1,1,4,1,1,3,54,54036
USER_005294,0.026226817502353127,-0.011773182497646872,1,1,48,1,2,3,2,1,3,76,76036
USER_005295,0.05984116700327703,0.021841167003277033,0,0,25,2,3,4,0,1,3,68,68015
USER_005296,0.037463159715357755,-0.000536840284642244,1,1,71,2,1,6,1,1,2,68,68007
USER_005297,0.04119360302413249,0.003193603024132491,0,0,23,1,2,6,2,2,4,8,8083
USER_005298,0.05138236624245414,0.01338236624245414,0,0,46,1,3,4,3,1,1,8,8098
USER_005299,0.05044484293120485,0.012444842931204854,0,0,68,2,1,2,2,1,4,50,50075
USER_005300,0.04418199718578191,0.006181997185781912,0,0,63,1,2,6,1,1,3,68,68019
USER_005301,0.036869974431693014,-0.0011300255683069846,1,1,51,2,3,5,0,1,3,11,11083
USER_005302,0.03530997331401464,-0.002690026685985357,1,1,24,2,1,2,0,2,5,11,11026
USER_005303,0.05286848237937015,0.014868482379370149,0,0,57,2,1,6,1,1,4,76,76086
USER_005304,0.048303542966016896,0.010303542966016897,0,0,27,1,3,5,1,2,5,50,50021
USER_005305,0.03614049999073316,-0.0018595000092668373,1,1,30,1,1,6,0,2,3,50,50097
USER_005306,0.05623168469489711,0.01823168469489711,0,0,39,2,1,5,0,1,4,47,47021
USER_005307,0.03806448827305325,6.448827305324811e-05,0,0,38,1,1,5,0,1,2,52,52060
USER_005308,0.027225067384984102,-0.010774932615015897,1,1,69,1,1,8,0,1,4,11,11026
USER_005309,0.028615439516449834,-0.009384560483550165,1,1,18,1,3,2,0,1,4,54,54078
USER_005310,0.025318887455353517,-0.012681112544646482,1,1,58,1,1,2,1,2,3,8,8064
USER_005311,0.03591384975094469,-0.002086150249055306,1,1,59,2,1,6,2,1,3,11,11018
USER_005312,0.058505864175042895,0.020505864175042895,0,0,69,2,2,3,0,1,2,63,63050
USER_005313,0.02792357228454237,-0.01007642771545763,1,0,19,2,2,3,1,1,5,25,25006
USER_005314,0.04282713641527154,0.004827136415271542,0,0,69,2,3,4,0,1,3,13,13010
USER_005315,0.030149659815588804,-0.007850340184411195,1,1,46,1,1,5,4,1,1,50,50016
USER_005316,0.03609536438092844,-0.0019046356190715596,1,1,28,2,3,3,1,1,3,76,76061
USER_005317,0.017349381820221218,-0.02065061817977878,1,1,54,1,1,7,4,1,3,8,8033
USER_005318,0.03669192656265194,-0.0013080734373480604,1,1,67,1,2,5,0,1,3,8,8042
USER_005319,0.03709441930292557,-0.000905580697074429,1,1,24,1,1,5,0,1,4,11,11056
USER_005320,0.04810431916053543,0.010104319160535433,0,0,52,2,3,5,1,1,4,68,68002
USER_005321,0.04334921369883056,0.005349213698830561,0,0,47,1,2,7,2,1,4,50,50043
USER_005322,0.022024118125719326,-0.015975881874280673,1,1,33,2,1,4,0,1,3,54,54099
USER_005323,0.056262973660653144,0.018262973660653145,0,0,32,2,1,8,2,1,3,63,63087
USER_005324,0.04315454560332993,0.005154545603329931,0,0,57,1,2,6,0,1,4,19,19090
USER_005325,0.042975902757662304,0.004975902757662305,0,0,37,2,2,2,0,1,3,11,11084
USER_005326,0.03986226469922292,0.001862264699222918,0,0,45,2,1,5,1,1,4,54,54085
USER_005327,0.03223363829166671,-0.005766361708333292,1,1,54,2,1,1,1,2,5,25,25064
USER_005328,0.043267035096230894,0.0052670350962308946,0,0,20,2,2,6,3,1,2,76,76050
USER_005329,0.04713382653892874,0.00913382653892874,0,0,46,1,1,4,2,1,3,11,11043
USER_005330,0.013796564629816679,-0.02420343537018332,1,1,54,1,1,3,0,1,2,19,19026
USER_005331,0.03191858743980856,-0.006081412560191436,1,1,26,1,2,2,2,1,3,8,8089
USER_005332,0.03617579544394616,-0.0018242045560538378,1,1,44,2,1,4,2,1,3,11,11071
USER_005333,0.04384255908541417,0.005842559085414173,0,0,49,2,1,4,1,2,3,19,19028
USER_005334,0.057899665088906885,0.019899665088906886,0,0,65,2,1,1,2,1,2,11,11060
USER_005335,0.028423887781048266,-0.009576112218951733,1,1,63,1,2,4,2,1,4,11,11076
USER_005336,0.032530572297732374,-0.005469427702267625,1,1,67,2,1,7,0,2,5,76,76037
USER_005337,0.03231198834030175,-0.005688011659698247,1,1,56,1,1,5,1,1,1,47,47043
USER_005338,0.02797708614843188,-0.01002291385156812,1,1,48,2,1,2,3,2,5,11,11023
USER_005339,0.03479220257331606,-0.0032077974266839365,1,1,64,2,1,8,1,1,3,5,5053
USER_005340,0.051562033299819565,0.013562033299819566,0,1,43,1,1,5,5,2,2,68,68069
USER_005341,0.024192467569534817,-0.013807532430465182,1,1,57,2,1,6,0,2,2,47,47014
USER_005342,0.046417215927293545,0.008417215927293546,0,1,20,2,1,6,1,1,2,11,11035
USER_005343,0.01447146654972497,-0.02352853345027503,1,1,28,2,1,4,3,1,4,11,11077
USER_005344,0.031579930053366914,-0.006420069946633085,1,1,69,2,1,5,2,1,2,11,11068
USER_005345,0.03505766049673021,-0.002942339503269789,1,0,46,2,1,4,1,1,2,11,11077
USER_005346,0.06512289509371097,0.02712289509371097,0,0,44,2,3,6,3,2,4,11,11078
USER_005347,0.035877965428709684,-0.0021220345712903155,1,1,67,2,2,5,1,1,5,8,8047
USER_005348,0.006981347898236227,-0.031018652101763772,1,0,64,1,2,5,2,1,4,11,11063
USER_005349,0.010016666397081254,-0.027983333602918745,1,1,27,2,3,5,0,1,1,68,68018
USER_005350,0.04051044379520022,0.0025104437952002193,0,0,74,2,1,3,2,1,2,8,8032
USER_005351,0.04920656283684863,0.011206562836848628,0,0,52,1,1,5,1,1,4,11,11089
USER_005352,0.045631837864408796,0.007631837864408797,0,0,64,2,1,5,2,1,3,11,11032
USER_005353,0.04251355158701486,0.004513551587014858,0,0,74,2,1,5,1,1,1,11,11026
USER_005354,0.057433893962585005,0.019433893962585005,0,0,40,2,2,4,1,1,4,11,11019
USER_005355,0.031906131688943025,-0.006093868311056974,1,1,23,1,2,5,2,1,4,11,11037
USER_005356,0.05342365834040238,0.01542365834040238,0,0,28,2,2,3,2,2,3,11,11012
USER_005357,0.015519776724603742,-0.022480223275396255,1,1,60,1,2,2,4,1,3,68,68036
USER_005358,0.02642578250592901,-0.01157421749407099,1,1,68,2,1,5,2,1,4,25,25086
USER_005359,0.012894379076022758,-0.02510562092397724,1,1,44,1,1,4,2,1,4,73,73038
USER_005360,0.03587732048995312,-0.002122679510046882,1,1,72,1,1,4,0,1,2,52,52071
USER_005361,0.03930608174100486,0.0013060817410048622,0,0,48,1,1,3,1,1,1,25,25084
USER_005362,0.0417115223833978,0.0037115223833978014,0,0,47,2,1,5,0,1,3,13,13082
USER_005363,0.04092825029330703,0.0029282502933070317,0,0,20,2,1,2,3,1,2,68,68075
USER_005364,0.02608670003782408,-0.011913299962175918,1,1,30,2,3,7,2,1,3,25,25001
USER_005365,0.03714638733380177,-0.0008536126661982321,1,1,71,2,1,3,3,1,3,11,11015
USER_005366,0.017538299970913773,-0.020461700029086226,1,1,57,1,1,4,0,1,3,5,5085
USER_005367,0.06044843462698376,0.02244843462698376,0,0,38,2,2,5,1,2,2,25,25075
USER_005368,0.035445608906529986,-0.0025543910934700126,1,1,60,2,1,7,3,2,3,50,50003
USER_005369,0.032666708214344635,-0.005333291785655364,1,1,28,1,1,4,0,1,3,47,47056
USER_005370,0.06383410492666124,0.025834104926661237,0,0,62,2,1,3,3,1,2,68,68051
USER_005371,0.02136630199676156,-0.01663369800323844,1,1,20,1,1,3,3,1,5,25,25026
USER_005372,0.023116193289520467,-0.014883806710479532,1,1,55,2,2,4,1,1,2,63,63011
USER_005373,0.023556695126971526,-0.014443304873028473,1,1,48,2,1,5,3,1,4,63,63098
USER_005374,0.03898192927450777,0.0009819292745077701,0,0,41,2,1,4,1,1,2,8,8061
USER_005375,0.046474474444563964,0.008474474444563965,0,0,59,1,1,4,2,1,3,19,19041
USER_005376,0.051095132021767506,0.013095132021767507,0,0,68,2,2,5,1,1,4,25,25067
USER_005377,0.07857992976242453,0.040579929762424534,0,0,29,2,1,6,1,1,3,54,54094
USER_005378,0.006258513186988546,-0.031741486813011456,1,1,63,2,2,2,0,1,5,11,11067
USER_005379,0.049131033836866254,0.011131033836866255,0,0,60,2,2,3,0,2,3,66,66090
USER_005380,0.031643041411416536,-0.006356958588583463,1,1,44,2,1,3,1,1,4,47,47018
USER_005381,0.0312037727666684,-0.006796227233331599,1,1,38,1,1,3,1,2,3,8,8014
USER_005382,0.030703418076191837,-0.007296581923808162,1,1,42,1,2,8,4,2,2,25,25078
USER_005383,0.0263684549378804,-0.011631545062119598,1,1,47,2,2,9,1,2,1,66,66079
USER_005384,0.06526787251905178,0.02726787251905178,0,0,47,2,1,6,1,2,4,73,73048
USER_005385,0.05263445990520854,0.014634459905208543,0,0,27,1,1,4,1,1,2,8,8086
USER_005386,0.040347939678360624,0.002347939678360625,0,0,20,1,2,4,1,1,3,25,25053
USER_005387,0.060265236287305006,0.022265236287305007,0,0,30,1,1,4,1,1,5,66,66069
USER_005388,0.017312065520516867,-0.020687934479483132,1,1,44,2,2,5,1,1,1,13,13096
USER_005389,0.02003942303003611,-0.01796057696996389,1,1,35,2,2,6,5,1,3,13,13094
USER_005390,0.007330484017079686,-0.030669515982920312,1,1,62,2,1,3,1,1,1,66,66007
USER_005391,0.029508781898150687,-0.008491218101849312,1,1,41,1,2,3,3,1,4,5,5072
USER_005392,0.042425477900571294,0.004425477900571295,0,0,63,2,2,7,1,1,3,11,11041
USER_005393,0.04154287866898501,0.0035428786689850125,0,0,31,2,1,3,2,1,3,76,76096
USER_005394,0.042240128665898206,0.004240128665898207,0,0,56,1,1,6,1,1,2,47,47002
USER_005395,0.018834147534008774,-0.019165852465991225,1,1,61,1,2,5,3,1,4,66,66070
USER_005396,0.05204732113921033,0.014047321139210332,0,0,74,2,1,7,1,1,4,66,66042
USER_005397,0.04359441277358497,0.005594412773584974,0,0,21,2,2,1,1,2,4,68,68099
USER_005398,0.050995814221989975,0.012995814221989976,0,0,33,1,1,5,0,1,4,47,47051
USER_005399,0.011608567336149225,-0.026391432663850772,1,1,68,2,3,2,0,1,3,11,11004
USER_005400,0.04467236288196685,0.006672362881966848,0,0,27,1,2,4,0,1,1,25,25084
USER_005401,0.022183521401237097,-0.015816478598762902,1,1,65,1,1,4,1,1,1,11,11091
USER_005402,0.034040151211729576,-0.003959848788270423,1,1,54,2,1,4,2,2,3,63,63067
USER_005403,0.04801547347954575,0.010015473479545754,0,0,44,2,1,6,1,2,3,50,50064
USER_005404,0.041366404093838696,0.003366404093838697,0,0,65,2,2,6,2,1,3,11,11020
USER_005405,0.02722690030331022,-0.01077309969668978,1,1,18,2,2,5,1,2,2,66,66093
USER_005406,0.040094097342766276,0.002094097342766277,0,0,22,1,2,5,2,1,5,25,25027
USER_005407,0.017026970271345355,-0.020973029728654644,1,1,30,2,1,6,0,1,4,50,50047
USER_005408,0.05725401093847444,0.01925401093847444,0,0,62,1,1,7,0,2,2,11,11065
USER_005409,0.03692073970755623,-0.0010792602924437691,1,1,20,2,1,2,1,1,4,47,47031
USER_005410,0.05677824916382989,0.01877824916382989,0,0,34,2,1,7,1,2,2,11,11046
USER_005411,0.032102024693559356,-0.0058979753064406434,1,1,36,2,1,5,1,1,3,25,25003
USER_005412,0.03214636017390126,-0.005853639826098739,1,1,54,2,1,7,0,2,2,25,25017
USER_005413,0.028537198200432306,-0.009462801799567693,1,1,22,2,2,1,3,1,2,54,54085
USER_005414,0.05314260897539613,0.015142608975396134,0,0,64,2,1,4,0,1,2,8,8086
USER_005415,0.02935853264007286,-0.00864146735992714,1,1,59,2,2,5,2,1,1,8,8042
USER_005416,0.049668931486227655,0.011668931486227656,0,0,61,2,1,3,0,1,5,25,25022
USER_005417,0.034263214034960646,-0.0037367859650393534,1,1,41,2,2,7,1,2,2,8,8041
USER_005418,0.010360550501625708,-0.02763944949837429,1,0,60,2,2,4,4,1,4,66,66078
USER_005419,0.03144528898320301,-0.006554711016796992,1,0,50,2,2,4,1,1,3,68,68043
USER_005420,0.022313376784557276,-0.015686623215442723,1,1,72,1,1,2,1,1,3,11,11059
USER_005421,0.040508540855235066,0.002508540855235067,0,0,38,2,2,3,2,1,3,47,47095
USER_005422,0.02214388396488265,-0.01585611603511735,1,1,20,1,1,3,1,1,3,11,11012
USER_005423,0.053889626510719255,0.015889626510719256,0,0,21,1,1,3,2,1,4,11,11069
USER_005424,0.03863386209470459,0.0006338620947045903,0,0,68,2,3,9,3,2,5,76,76023
USER_005425,0.037336060078618914,-0.0006639399213810848,1,1,49,1,3,2,1,2,5,66,66088
USER_005426,0.04983838206681374,0.011838382066813743,0,0,41,2,1,5,3,2,3,76,76009
USER_005427,0.05445860401113794,0.01645860401113794,0,0,69,2,1,3,2,1,3,8,8007
USER_005428,0.03969851872345523,0.0016985187234552293,0,0,52,2,1,4,1,1,2,11,11052
USER_005429,0.028431995506760642,-0.009568004493239357,1,0,35,1,2,8,6,2,3,8,8007
USER_005430,0.01339045575831806,-0.02460954424168194,1,1,20,2,2,5,0,1,2,13,13018
USER_005431,0.0297092536444723,-0.0082907463555277,1,1,56,2,1,4,1,1,2,52,52064
USER_005432,0.030741816300280576,-0.007258183699719423,1,1,71,1,2,7,0,1,2,54,54085
USER_005433,0.04160586179488445,0.003605861794884452,0,0,43,2,1,9,0,1,2,76,76001
USER_005434,0.03482279678292959,-0.0031772032170704068,1,1,70,1,3,2,0,2,3,54,54046
USER_005435,0.05031899458077142,0.012318994580771424,0,0,41,2,3,6,1,1,3,25,25002
USER_005436,0.030805250930939658,-0.007194749069060341,1,1,18,2,1,5,1,1,5,11,11088
USER_005437,0.03914438249720587,0.001144382497205873,0,0,68,2,2,5,3,1,2,68,68014
USER_005438,0.05775981164795334,0.01975981164795334,0,0,67,2,1,5,0,2,3,11,11064
USER_005439,0.0451273782093245,0.007127378209324499,0,0,51,2,1,3,1,2,4,11,11049
USER_005440,0.03909943687467153,0.001099436874671532,0,0,29,2,2,6,4,1,3,11,11003
USER_005441,0.030970833370972346,-0.007029166629027653,1,1,34,2,1,8,0,2,4,19,19021
USER_005442,0.030501529049275344,-0.007498470950724655,1,1,38,2,1,5,2,1,3,5,5034
USER_005443,0.027240801205720786,-0.010759198794279213,1,1,38,2,3,4,0,1,3,11,11052
USER_005444,0.03188489701325651,-0.00611510298674349,1,1,20,2,1,5,1,1,3,50,50099
USER_005445,0.05133498758116472,0.01333498758116472,0,1,61,1,1,4,0,2,2,25,25055
USER_005446,0.03667167593061597,-0.001328324069384032,1,1,45,1,1,9,1,1,1,11,11020
USER_005447,0.019753403959281535,-0.018246596040718464,1,1,42,2,2,6,2,2,1,54,54038
USER_005448,0.06652253939589675,0.028522539395896752,0,0,61,2,2,6,2,2,4,68,68073
USER_005449,0.044799477867177445,0.006799477867177446,0,0,23,2,1,4,2,1,2,66,66048
USER_005450,0.018895848992302462,-0.019104151007697537,1,1,59,2,2,5,3,1,1,76,76015
USER_005451,0.033372266091387645,-0.004627733908612354,1,1,47,2,3,3,0,1,5,76,76056
USER_005452,0.04166329574242627,0.00366329574242627,0,0,49,1,2,3,1,2,4,68,68095
USER_005453,0.06556888139946065,0.027568881399460655,0,0,39,2,1,11,2,1,1,25,25009
USER_005454,0.023378313126116962,-0.014621686873883037,1,1,55,2,2,3,2,1,1,66,66013
USER_005455,0.054640610790339196,0.016640610790339197,0,0,31,2,2,7,1,1,2,76,76032
USER_005456,0.060992296404585145,0.022992296404585146,0,0,51,1,2,6,1,2,3,25,25020
USER_005457,0.030570185423881447,-0.007429814576118552,1,1,60,2,1,7,0,1,3,11,11021
USER_005458,0.0358372957170965,-0.0021627042829035006,1,1,64,2,1,7,0,1,3,25,25083
USER_005459,0.02445536128939345,-0.01354463871060655,1,1,43,2,1,3,0,1,3,68,68027
USER_005460,0.036948082883795426,-0.0010519171162045732,1,1,57,2,2,4,0,1,3,11,11060
USER_005461,0.03945115038485603,0.0014511503848560342,0,0,71,1,2,6,0,2,4,11,11075
USER_005462,0.04989474997123556,0.01189474997123556,0,0,30,1,2,5,1,1,4,25,25015
USER_005463,0.056352752065306703,0.018352752065306704,0,0,47,1,1,3,0,2,2,73,73008
USER_005464,0.028778559030675294,-0.009221440969324705,1,1,36,1,1,4,0,2,3,11,11060
USER_005465,0.010490124036610085,-0.027509875963389913,1,1,59,2,1,4,3,2,5,19,19073
USER_005466,0.03968132831085637,0.0016813283108563712,0,0,58,2,1,4,0,1,4,25,25037
USER_005467,0.04440306294952961,0.006403062949529609,0,0,67,2,1,7,2,1,4,19,19020
USER_005468,0.043741265315275626,0.005741265315275627,0,0,56,1,3,5,2,1,3,11,11052
USER_005469,0.03509990128736434,-0.0029000987126356556,1,1,20,2,1,4,0,1,4,8,8010
USER_005470,0.04187128149495902,0.0038712814949590224,0,1,48,2,1,5,0,1,3,11,11019
USER_005471,0.06273167212528372,0.024731672125283717,0,0,29,2,1,3,2,2,4,11,11010
USER_005472,0.045726012534437636,0.007726012534437637,0,0,32,1,1,5,0,1,4,8,8022
USER_005473,0.034399473624953734,-0.0036005263750462646,1,1,71,1,1,6,2,1,2,19,19048
USER_005474,0.03249703274356007,-0.005502967256439929,1,1,70,2,2,3,1,1,2,13,13025
USER_005475,0.037452214634834044,-0.000547785365165955,1,1,62,2,1,3,1,1,3,52,52024
USER_005476,0.0645510994274596,0.026551099427459597,0,0,55,2,1,3,1,1,4,25,25026
USER_005477,0.03725048935710704,-0.000749510642892956,1,1,57,2,1,3,0,1,4,63,63015
USER_005478,0.03970308483218938,0.0017030848321893804,0,0,31,2,2,3,1,1,3,25,25095
USER_005479,0.03276529643595546,-0.0052347035640445405,1,1,52,2,2,1,4,1,3,73,73035
USER_005480,0.05648475036162947,0.01848475036162947,0,0,33,1,1,5,1,1,4,52,52064
USER_005481,0.06939755882117013,0.03139755882117013,0,0,67,2,3,4,0,1,4,68,68007
USER_005482,0.046759195741470826,0.008759195741470827,0,0,41,1,1,4,1,2,3,8,8091
USER_005483,0.041241593556781385,0.003241593556781386,0,0,34,1,2,8,0,1,2,73,73054
USER_005484,0.04055174249761352,0.0025517424976135225,0,0,35,2,1,3,0,1,4,5,5060
USER_005485,0.0042353981682138175,-0.03376460183178618,1,1,59,1,1,3,0,2,2,73,73005
USER_005486,0.05117726296427226,0.013177262964272261,0,0,34,1,1,4,0,1,2,63,63077
USER_005487,0.042012496239937656,0.004012496239937657,0,0,33,1,1,4,0,2,4,63,63004
USER_005488,0.04642513075991088,0.00842513075991088,0,0,38,2,1,5,1,2,3,11,11093
USER_005489,0.029328067088744428,-0.008671932911255571,1,1,41,1,1,3,1,2,3,52,52011
USER_005490,0.034233146815343625,-0.003766853184656374,1,1,51,2,1,6,1,1,3,50,50029
USER_005491,0.03383462595245241,-0.00416537404754759,1,1,69,2,1,5,1,2,4,11,11008
USER_005492,0.05532434476109558,0.01732434476109558,0,0,53,2,2,4,1,1,3,19,19049
USER_005493,0.034318602450953604,-0.0036813975490463946,1,1,60,2,2,3,0,1,3,54,54043
USER_005494,0.07123990483164697,0.03323990483164697,0,0,44,2,1,5,0,1,2,25,25098
USER_005495,0.04646293628522556,0.008462936285225563,0,0,56,2,1,6,3,2,3,11,11018
USER_005496,0.020864760100064026,-0.017135239899935973,1,1,34,1,1,5,0,2,4,11,11057
USER_005497,0.03807180560122065,7.180560122065083e-05,0,1,42,1,1,9,1,1,2,11,11090
USER_005498,0.030224873167653765,-0.007775126832346234,1,1,68,2,1,4,1,1,4,76,76049
USER_005499,0.007084262952699638,-0.03091573704730036,1,1,55,2,1,4,2,1,1,11,11018
USER_005500,0.06399206410170684,0.02599206410170684,0,0,59,2,1,5,0,1,1,13,13024
USER_005501,0.05054713813330006,0.012547138133300058,0,0,38,1,2,2,0,1,2,25,25035
USER_005502,0.047998109768489686,0.009998109768489687,0,0,21,1,3,3,2,2,4,19,19062
USER_005503,0.042481054904495566,0.004481054904495567,0,0,42,2,2,5,3,1,3,8,8097
USER_005504,0.019269736469613438,-0.01873026353038656,1,1,47,2,3,4,1,1,1,47,47082
USER_005505,0.03274574290666845,-0.005254257093331549,1,1,74,2,2,4,2,1,3,11,11095
USER_005506,0.05262671162176019,0.014626711621760193,0,0,50,2,1,3,2,1,2,63,63045
USER_005507,0.024231699553262463,-0.013768300446737537,1,1,56,2,1,6,1,2,2,50,50029
USER_005508,0.0020234602562378035,-0.03597653974376219,1,0,43,2,2,2,2,1,3,73,73065
USER_005509,0.036593409883286104,-0.0014065901167138947,1,1,42,2,1,4,1,1,1,11,11017
USER_005510,0.03787363668958692,-0.00012636331041308152,1,1,70,2,1,2,0,1,3,25,25064
USER_005511,0.04203345124622064,0.0040334512462206415,0,0,33,1,1,7,2,2,5,73,73055
USER_005512,0.050927779652718046,0.012927779652718047,0,0,66,2,1,6,0,1,3,25,25099
USER_005513,0.04956408718346813,0.01156408718346813,0,0,41,2,1,5,1,1,3,11,11088
USER_005514,0.04388154707865882,0.005881547078658823,0,0,22,2,2,3,1,1,1,68,68067
USER_005515,0.05793297082130064,0.01993297082130064,0,0,71,1,1,2,1,2,3,8,8037
USER_005516,0.017215453287800282,-0.020784546712199717,1,1,72,2,1,7,0,1,2,52,52056
USER_005517,0.04756872721716086,0.009568727217160858,0,0,59,2,3,6,1,1,4,11,11022
USER_005518,0.04939807545005414,0.01139807545005414,0,0,56,2,1,8,0,2,5,11,11085
USER_005519,0.021406565708796413,-0.016593434291203586,1,1,30,2,2,4,0,2,2,73,73057
USER_005520,0.017456940869764164,-0.020543059130235835,1,1,47,1,2,2,2,1,4,63,63080
USER_005521,0.02881086810286598,-0.00918913189713402,1,1,24,1,1,4,2,1,4,68,68081
USER_005522,0.03007687836227062,-0.007923121637729378,1,1,64,1,2,4,1,1,4,25,25062
USER_005523,0.051301291952536465,0.013301291952536466,0,0,34,2,1,1,0,1,4,11,11002
USER_005524,0.030781918244633572,-0.007218081755366427,1,1,72,1,2,3,2,1,2,25,25033
USER_005525,0.027154772225781942,-0.010845227774218057,1,1,44,1,2,8,1,1,3,76,76045
USER_005526,0.030825493949581614,-0.007174506050418385,1,1,52,2,3,3,3,1,3,11,11031
USER_005527,0.056779485012313176,0.018779485012313177,0,0,22,2,2,2,1,1,2,68,68059
USER_005528,0.040195650615654284,0.002195650615654285,0,0,59,2,1,4,1,2,2,19,19012
USER_005529,0.03731123461964632,-0.00068876538035368,1,1,22,2,2,4,2,1,2,19,19017
USER_005530,0.038349917519484224,0.00034991751948422467,0,0,41,1,1,7,2,2,3,25,25098
USER_005531,0.05938090501489784,0.02138090501489784,0,0,24,2,1,5,1,1,1,68,68066
USER_005532,0.028762424100951374,-0.009237575899048625,1,1,24,2,2,5,1,2,2,25,25088
USER_005533,0.05973262436410156,0.02173262436410156,0,0,71,1,3,9,2,2,4,63,63033
USER_005534,0.043157444483822555,0.0051574444838225555,0,0,72,2,1,7,0,2,2,47,47015
USER_005535,0.037593709270369785,-0.000406290729630214,1,1,31,2,3,4,2,1,5,8,8073
USER_005536,0.07751350746901423,0.03951350746901423,0,1,72,2,2,4,1,1,4,52,52012
USER_005537,0.024165407653021057,-0.013834592346978942,1,1,32,1,1,7,2,1,4,11,11044
USER_005538,0.03469471360649491,-0.003305286393505087,1,1,22,2,1,6,4,2,2,8,8052
USER_005539,0.021513531412539998,-0.01648646858746,1,1,54,2,2,6,3,1,3,11,11005
USER_005540,0.05428692955804254,0.01628692955804254,0,0,21,1,1,5,1,1,1,50,50066
USER_005541,0.06533783400477518,0.02733783400477518,0,0,47,2,2,3,1,1,3,66,66045
USER_005542,0.06504884172106958,0.027048841721069576,0,0,37,2,2,6,1,1,4,11,11053
USER_005543,0.05835923129719007,0.02035923129719007,0,0,70,1,2,4,1,1,2,19,19028
USER_005544,0.03703569298306052,-0.0009643070169394821,1,1,43,2,1,6,2,1,2,13,13021
USER_005545,0.034521385337652304,-0.0034786146623476955,1,1,26,1,1,4,1,2,3,25,25014
USER_005546,0.014932453412589025,-0.023067546587410975,1,0,47,2,1,4,2,1,3,25,25001
USER_005547,0.0705381030277269,0.032538103027726896,0,0,61,2,1,5,0,1,2,5,5022
USER_005548,0.04703467117222702,0.009034671172227018,0,0,65,2,3,5,1,2,2,68,68004
USER_005549,0.03262064642695776,-0.005379353573042242,1,0,39,1,1,11,2,1,3,11,11008
USER_005550,0.059920853334804514,0.021920853334804515,0,0,57,1,1,3,1,1,4,54,54066
USER_005551,0.02540853224859999,-0.01259146775140001,1,1,58,2,3,3,0,1,5,8,8016
USER_005552,0.046099330513340114,0.008099330513340115,0,0,61,2,2,3,1,1,4,73,73016
USER_005553,0.03741056298563748,-0.0005894370143625163,1,1,47,2,1,2,0,1,5,66,66044
USER_005554,0.049580157098204514,0.011580157098204515,0,0,37,2,1,5,0,1,3,52,52036
USER_005555,0.03904639691220818,0.001046396912208182,0,1,45,2,3,4,2,1,3,5,5095
USER_005556,0.018236081633331635,-0.019763918366668364,1,1,24,1,1,6,1,1,1,68,68049
USER_005557,0.04113364559005057,0.0031336455900505683,0,0,70,2,2,4,1,2,4,54,54059
USER_005558,0.05573296212813043,0.017732962128130428,0,0,21,2,2,5,4,1,3,73,73012
USER_005559,0.039561753912190224,0.0015617539121902252,0,0,45,1,2,6,0,1,1,66,66064
USER_005560,0.05162672682383629,0.01362672682383629,0,0,72,1,1,5,1,1,3,76,76094
USER_005561,0.024317057714889203,-0.013682942285110796,1,1,52,2,1,5,1,1,2,19,19044
USER_005562,0.039606088100952216,0.0016060881009522174,0,0,50,2,2,6,1,1,4,68,68092
USER_005563,0.03063234317367134,-0.0073676568263286585,1,1,24,2,3,4,1,1,4,25,25026
USER_005564,0.05120471260157065,0.013204712601570648,0,0,26,2,3,7,2,2,4,76,76080
USER_005565,0.04047237343392994,0.0024723734339299405,0,0,51,2,1,4,2,1,3,5,5059
USER_005566,0.05035110514504919,0.012351105145049189,0,0,56,2,1,3,0,2,4,11,11007
USER_005567,0.05631565639236799,0.018315656392367992,0,0,59,2,1,5,2,1,4,5,5060
USER_005568,0.050374278626820826,0.012374278626820827,0,0,51,2,1,8,0,1,3,25,25077
USER_005569,0.04409677651440466,0.006096776514404663,0,0,30,2,2,5,2,1,5,63,63072
USER_005570,0.02502681612232892,-0.012973183877671077,1,1,46,2,1,5,0,1,3,47,47091
USER_005571,0.039958208339996484,0.0019582083399964853,0,0,52,2,1,4,1,1,1,66,66031
USER_005572,0.032003643969762505,-0.005996356030237494,1,1,62,2,2,5,1,1,3,25,25072
USER_005573,0.0348390406494366,-0.0031609593505633957,1,1,27,1,2,2,1,1,4,8,8079
USER_005574,0.03438198773874624,-0.0036180122612537585,1,0,47,1,2,5,1,1,2,68,68093
USER_005575,0.025301116378266333,-0.012698883621733666,1,1,61,1,2,5,2,2,3,25,25094
USER_005576,0.010639921162990154,-0.027360078837009846,1,1,43,1,1,8,1,2,4,54,54075
USER_005577,0.0299778542750835,-0.0080221457249165,1,1,52,2,1,3,0,1,1,11,11037
USER_005578,0.04290069177886239,0.00490069177886239,0,0,45,2,3,3,2,1,2,76,76062
USER_005579,0.019777344318587648,-0.01822265568141235,1,0,46,2,2,3,1,1,5,13,13046
USER_005580,0.04023523354707437,0.002235233547074368,0,0,69,2,1,4,0,1,5,68,68066
USER_005581,0.06850402636466447,0.030504026364664476,0,0,23,2,1,7,4,1,3,11,11092
USER_005582,0.05534584832878359,0.017345848328783588,0,0,20,1,1,5,0,1,3,52,52069
USER_005583,0.06465312263680793,0.026653122636807934,0,0,46,1,2,4,2,2,3,25,25098
USER_005584,0.045866918153990896,0.007866918153990897,0,0,74,2,2,4,0,1,4,76,76089
USER_005585,0.05751264734479669,0.019512647344796692,0,0,19,1,1,4,1,2,4,52,52003
USER_005586,0.02914052904298319,-0.00885947095701681,1,1,72,1,1,4,2,1,2,11,11047
USER_005587,0.03033489599467024,-0.00766510400532976,1,1,39,1,2,3,1,1,2,11,11030
USER_005588,0.0,-0.038,1,0,63,1,3,7,0,1,1,25,25049
USER_005589,0.057792182110634485,0.019792182110634486,0,0,64,1,1,6,1,1,1,68,68064
USER_005590,0.06310485969729829,0.02510485969729829,0,0,67,2,2,3,1,1,3,25,25045
USER_005591,0.03170234131979096,-0.0062976586802090395,1,1,44,1,1,2,0,1,5,8,8048
USER_005592,0.036190724404041474,-0.0018092755959585247,1,1,68,1,1,1,2,2,5,11,11090
USER_005593,0.02869206829463558,-0.009307931705364418,1,1,39,2,2,5,0,1,3,19,19032
USER_005594,0.04573980327216237,0.0077398032721623725,0,0,27,1,2,3,1,1,4,11,11088
USER_005595,0.05687398817954861,0.018873988179548613,0,0,69,2,1,4,1,1,2,13,13017
USER_005596,0.013858420391784388,-0.024141579608215613,1,0,66,1,2,2,1,2,4,11,11035
USER_005597,0.046141577959633785,0.008141577959633786,0,0,66,2,2,7,1,1,2,5,5016
USER_005598,0.035849923424212816,-0.0021500765757871826,1,1,36,2,2,5,1,1,1,76,76069
USER_005599,0.04170091587950034,0.0037009158795003397,0,0,41,2,2,1,0,1,2,63,63053
USER_005600,0.046884910025114364,0.008884910025114365,0,0,44,1,1,2,1,1,3,47,47032
USER_005601,0.037176963418407684,-0.0008230365815923152,1,1,53,1,2,5,1,1,1,11,11092
USER_005602,0.03844619719891329,0.00044619719891329096,0,0,60,2,1,3,5,1,4,11,11067
USER_005603,0.036791872486680414,-0.0012081275133195846,1,1,34,2,1,3,2,1,2,13,13026
USER_005604,0.05455474302682422,0.01655474302682422,0,0,73,1,1,9,0,2,3,5,5059
USER_005605,0.04628139940191245,0.00828139940191245,0,0,27,2,2,3,1,1,2,25,25021
USER_005606,0.04330875306606041,0.0053087530660604135,0,0,71,2,1,3,1,2,3,5,5011
USER_005607,0.02093572418361576,-0.01706427581638424,1,1,34,2,1,3,1,1,3,11,11066
USER_005608,0.03432130385180269,-0.0036786961481973107,1,1,61,2,2,3,1,1,2,11,11066
USER_005609,0.05348003740508761,0.015480037405087611,0,0,27,2,2,5,2,1,4,68,68004
USER_005610,0.040565448596858844,0.002565448596858845,0,0,27,2,1,4,2,1,3,68,68027
USER_005611,0.049892972043837074,0.011892972043837075,0,0,55,2,2,5,0,2,5,63,63088
USER_005612,0.0664976770049145,0.028497677004914505,0,0,34,2,3,4,2,1,2,54,54061
USER_005613,0.05557909103813225,0.017579091038132252,0,0,43,2,2,7,1,2,2,66,66067
USER_005614,0.041397375065496136,0.0033973750654961374,0,0,43,1,1,4,2,1,3,8,8080
USER_005615,0.032335162447064095,-0.005664837552935904,1,1,68,2,3,9,0,1,4,63,63093
USER_005616,0.0016967560591615283,-0.03630324394083847,1,1,51,1,1,5,0,2,4,68,68036
USER_005617,0.037474226162907215,-0.0005257738370927842,1,1,21,2,2,3,0,2,3,11,11025
USER_005618,0.03510981256274726,-0.0028901874372527364,1,1,67,1,2,6,1,1,3,47,47050
USER_005619,0.045855492915930635,0.007855492915930636,0,0,44,2,2,9,0,1,3,25,25041
USER_005620,0.037691421595379686,-0.0003085784046203133,1,1,38,1,2,6,2,2,5,11,11061
USER_005621,0.03519422410844809,-0.002805775891551912,1,1,53,2,3,3,1,1,4,5,5033
USER_005622,0.013309016042391692,-0.024690983957608305,1,1,55,2,3,3,0,1,3,73,73069
USER_005623,0.025900482562749003,-0.012099517437250996,1,1,63,1,1,8,1,1,5,25,25077
USER_005624,0.047149765612008364,0.009149765612008365,0,0,48,2,3,3,1,1,4,19,19050
USER_005625,0.06573861446699042,0.02773861446699042,0,0,24,2,1,5,2,1,4,68,68004
USER_005626,0.03853711924381565,0.0005371192438156508,0,0,61,1,1,2,1,1,5,54,54036
USER_005627,0.04491716610361185,0.006917166103611851,0,0,51,2,2,3,3,2,3,11,11081
USER_005628,0.05428717235429208,0.016287172354292084,0,0,35,2,3,3,1,1,2,25,25039
USER_005629,0.027836590956996258,-0.010163409043003741,1,1,41,1,1,3,1,2,4,50,50024
USER_005630,0.04550221064928163,0.007502210649281631,0,0,30,2,3,3,4,1,5,54,54029
USER_005631,0.02889264840501762,-0.009107351594982379,1,1,30,2,3,2,2,1,3,47,47020
USER_005632,0.052972366577365176,0.014972366577365177,0,1,42,2,3,6,1,1,4,25,25043
USER_005633,0.04227104571927599,0.004271045719275994,0,0,22,2,1,4,0,1,3,5,5011
USER_005634,0.044476777209721596,0.006476777209721597,0,0,56,2,2,6,2,2,1,11,11035
USER_005635,0.028261021038721166,-0.009738978961278833,1,1,46,2,2,2,1,1,4,47,47085
USER_005636,0.05060548539416177,0.012605485394161772,0,0,61,1,1,6,1,2,1,19,19074
USER_005637,0.07127069381846524,0.03327069381846524,0,0,74,2,3,3,3,1,5,5,5091
USER_005638,0.02488132456857691,-0.013118675431423088,1,1,63,1,1,6,3,1,3,5,5011
USER_005639,0.03490361488528714,-0.0030963851147128574,1,1,50,2,1,2,2,1,5,73,73006
USER_005640,0.043474112112521376,0.005474112112521377,0,0,41,2,1,1,0,2,2,11,11039
USER_005641,0.05179609317993725,0.013796093179937248,0,0,27,2,1,3,1,1,4,63,63034
USER_005642,0.031606805720657966,-0.0063931942793420335,1,1,42,2,1,7,2,1,2,47,47011
USER_005643,0.0,-0.038,1,1,58,1,3,8,1,1,2,54,54023
USER_005644,0.060387842412460375,0.022387842412460376,0,0,27,1,3,4,1,1,1,5,5069
USER_005645,0.05140759179376214,0.013407591793762143,0,0,56,1,1,4,3,2,2,11,11097
USER_005646,0.013855787042700022,-0.024144212957299977,1,1,33,2,1,6,1,2,3,50,50006
USER_005647,0.030886468123306664,-0.007113531876693335,1,0,45,2,1,6,0,2,3,8,8069
USER_005648,0.06352273644290989,0.025522736442909887,0,0,29,2,1,7,1,2,3,63,63087
USER_005649,0.06171694627686799,0.02371694627686799,0,0,61,1,3,7,0,1,2,76,76039
USER_005650,0.05407960034018417,0.016079600340184172,0,0,49,2,1,6,1,1,4,25,25049
USER_005651,0.03735831349060206,-0.000641686509397936,1,1,68,2,1,5,1,2,4,13,13080
USER_005652,0.04124481128218765,0.0032448112821876485,0,0,46,2,2,6,0,1,1,8,8057
USER_005653,0.0380361129231081,3.611292310810171e-05,0,0,62,2,2,7,1,2,3,11,11016
USER_005654,0.05692359674903256,0.01892359674903256,0,0,70,2,1,6,3,1,3,76,76099
USER_005655,0.02686236390257335,-0.01113763609742665,1,1,67,2,2,2,2,1,4,11,11026
USER_005656,0.027913005176736932,-0.010086994823263067,1,1,44,2,1,5,2,1,4,8,8049
USER_005657,0.05515411880254024,0.01715411880254024,0,0,43,1,2,6,1,1,5,73,73038
USER_005658,0.03933457816732658,0.0013345781673265791,0,0,20,2,1,4,1,2,3,47,47083
USER_005659,0.06067701033180712,0.02267701033180712,0,0,43,2,2,6,1,2,4,8,8032
USER_005660,0.029927316895291815,-0.008072683104708184,1,1,56,2,1,4,1,1,3,25,25013
USER_005661,0.03917832459491762,0.0011783245949176235,0,0,18,2,1,3,0,1,2,50,50065
USER_005662,0.026163805227340704,-0.011836194772659295,1,1,52,2,2,3,1,1,1,25,25060
USER_005663,0.04011044022135351,0.00211044022135351,0,0,70,1,1,5,2,1,2,52,52060
USER_005664,0.017821795945018017,-0.020178204054981982,1,1,44,2,1,4,1,1,3,11,11056
USER_005665,0.03268549868567556,-0.005314501314324441,1,1,63,1,1,3,3,2,2,5,5015
USER_005666,0.018456192026078233,-0.019543807973921766,1,1,21,2,1,3,2,1,2,76,76010
USER_005667,0.05040884849786888,0.012408848497868878,0,0,36,1,2,5,0,1,2,50,50082
USER_005668,0.05074884009639478,0.012748840096394778,0,0,39,1,1,6,1,1,3,11,11091
USER_005669,0.014046059042734827,-0.02395394095726517,1,1,23,2,1,6,0,1,3,5,5064
USER_005670,0.06000828618250859,0.022008286182508593,0,0,69,1,1,3,1,1,3,11,11095
USER_005671,0.07746122689629781,0.03946122689629781,0,0,26,1,3,4,1,1,2,19,19097
USER_005672,0.040690095801045115,0.0026900958010451156,0,0,28,2,1,7,1,1,4,76,76002
USER_005673,0.030383286096630328,-0.007616713903369671,1,1,39,1,2,6,1,2,3,54,54070
USER_005674,0.08236495886504569,0.04436495886504569,0,0,64,1,1,5,1,2,3,11,11091
USER_005675,0.020215472525462342,-0.017784527474537657,1,1,26,1,1,4,4,1,2,68,68045
USER_005676,0.040301597003036475,0.0023015970030364763,0,0,46,2,2,4,2,1,4,54,54060
USER_005677,0.042694334089478855,0.004694334089478856,0,0,60,1,2,3,0,2,1,25,25015
USER_005678,0.06017721430678622,0.022177214306786222,0,0,27,2,2,8,0,1,4,8,8072
USER_005679,0.045396084626901825,0.007396084626901826,0,0,51,2,2,6,2,2,4,47,47058
USER_005680,0.03252049156317323,-0.00547950843682677,1,1,48,1,1,4,1,1,2,8,8059
USER_005681,0.02573223444418066,-0.012267765555819338,1,1,39,1,1,2,2,1,4,68,68036
USER_005682,0.03487267269630797,-0.003127327303692029,1,1,63,2,1,3,1,2,1,11,11034
USER_005683,0.024896089585822838,-0.013103910414177161,1,1,21,2,1,8,3,2,5,11,11070
USER_005684,0.040717379796770245,0.002717379796770246,0,0,19,1,1,6,3,1,3,11,11025
USER_005685,0.031537057302092705,-0.006462942697907294,1,0,22,1,1,4,0,2,3,63,63055
USER_005686,0.017589433100653744,-0.020410566899346255,1,1,63,2,2,6,0,1,2,19,19060
USER_005687,0.05882718682562356,0.02082718682562356,0,0,32,2,1,6,1,1,3,68,68099
USER_005688,0.03253491214856441,-0.005465087851435589,1,1,36,1,3,4,1,2,4,11,11096
USER_005689,0.020977947925370312,-0.017022052074629687,1,1,55,1,1,4,1,1,2,11,11024
USER_005690,0.037476112982686875,-0.0005238870173131238,1,1,32,2,2,6,3,1,3,68,68090
USER_005691,0.04102557348951488,0.0030255734895148836,0,0,63,2,1,4,0,1,3,66,66004
USER_005692,0.013802999116314498,-0.024197000883685503,1,1,25,1,2,5,2,1,5,54,54021
USER_005693,0.04497471500688644,0.006974715006886442,0,0,37,1,1,3,0,1,5,11,11088
USER_005694,0.024292636469646033,-0.013707363530353966,1,1,29,2,1,4,2,1,4,11,11021
USER_005695,0.06566543213786181,0.027665432137861816,0,0,21,1,1,7,1,2,5,76,76016
USER_005696,0.047859407681151024,0.009859407681151025,0,0,70,1,2,5,0,1,4,13,13005
USER_005697,0.03400150014836026,-0.0039984998516397405,1,0,55,2,2,4,2,2,2,52,52019
USER_005698,0.028822483445239747,-0.009177516554760252,1,1,60,2,1,7,0,1,1,11,11043
USER_005699,0.03842548438654564,0.0004254843865456395,0,0,72,2,1,4,3,1,4,11,11044
USER_005700,0.04919186112374935,0.011191861123749348,0,0,71,2,2,8,1,1,2,11,11030
USER_005701,0.039617588071222,0.0016175880712220037,0,0,56,2,3,2,5,1,4,11,11048
USER_005702,0.03674261789294715,-0.001257382107052847,1,1,74,1,1,4,2,2,2,76,76035
USER_005703,0.04087555436226844,0.00287555436226844,0,0,53,1,2,4,1,2,4,68,68057
USER_005704,0.03094211603144568,-0.0070578839685543175,1,1,32,1,1,3,0,1,4,54,54074
USER_005705,0.034851911097354436,-0.0031480889026455627,1,1,18,2,3,5,2,2,1,25,25003
USER_005706,0.008713113416424943,-0.029286886583575054,1,1,48,2,2,2,1,1,2,73,73081
USER_005707,0.054605893462785514,0.016605893462785515,0,0,26,1,1,2,2,1,2,66,66073
USER_005708,0.04448196670482643,0.006481966704826432,0,0,40,1,1,6,1,1,4,68,68053
USER_005709,0.02839816233949855,-0.00960183766050145,1,1,69,2,2,4,0,1,2,63,63044
USER_005710,0.06848102472032858,0.030481024720328577,0,0,43,1,2,7,1,1,3,73,73098
USER_005711,0.0413052472058858,0.0033052472058857987,0,0,57,2,2,3,4,1,2,47,47011
USER_005712,0.024457846420372045,-0.013542153579627954,1,1,61,2,1,7,1,1,3,25,25061
USER_005713,0.05285106132205688,0.01485106132205688,0,0,56,1,2,4,1,1,3,25,25082
USER_005714,0.045970723247638935,0.007970723247638936,0,0,35,1,2,6,0,1,3,63,63052
USER_005715,0.04591869978226329,0.00791869978226329,0,1,50,1,3,6,3,2,5,8,8054
USER_005716,0.03361366593022614,-0.004386334069773859,1,1,58,1,1,2,2,1,1,66,66003
USER_005717,0.04675743585667052,0.00875743585667052,0,0,56,2,1,4,3,1,3,11,11042
USER_005718,0.03607362564668358,-0.0019263743533164193,1,1,31,1,1,4,1,1,1,68,68039
USER_005719,0.04833912177468763,0.010339121774687633,0,0,18,2,1,6,1,2,1,25,25035
USER_005720,0.01142583318984042,-0.02657416681015958,1,1,30,2,2,6,3,1,4,25,25017
USER_005721,0.033491898055312164,-0.004508101944687835,1,1,69,2,1,6,1,1,4,66,66098
USER_005722,0.06583232646712292,0.02783232646712292,0,0,32,2,1,3,0,1,4,25,25009
USER_005723,0.0284939881689955,-0.0095060118310045,1,1,54,1,2,2,1,1,3,11,11060
USER_005724,0.030942425537602205,-0.007057574462397794,1,0,22,1,1,5,2,1,3,8,8072
USER_005725,0.03328057992325038,-0.0047194200767496225,1,1,31,2,2,6,0,1,3,73,73016
USER_005726,0.021777907961670354,-0.016222092038329645,1,1,31,1,1,2,3,1,3,54,54032
USER_005727,0.00687578835657622,-0.03112421164342378,1,1,63,1,1,5,0,2,3,50,50086
USER_005728,0.03654120402214581,-0.0014587959778541923,1,1,22,2,1,3,2,1,2,63,63067
USER_005729,0.042037891361224856,0.004037891361224857,0,0,28,1,2,7,2,2,4,54,54094
USER_005730,0.03921242397192022,0.001212423971920222,0,0,49,1,3,5,2,1,4,8,8018
USER_005731,0.037826821570781696,-0.0001731784292183028,1,1,68,2,2,3,3,1,2,8,8072
USER_005732,0.04064561306275582,0.0026456130627558194,0,0,22,1,1,2,2,1,3,25,25098
USER_005733,0.05534262207326146,0.01734262207326146,0,0,53,1,1,2,3,1,2,63,63085
USER_005734,0.03714330721106175,-0.0008566927889382472,1,1,32,1,1,2,1,1,4,11,11080
USER_005735,0.03138876134369096,-0.00661123865630904,1,1,70,2,3,8,3,1,2,73,73079
USER_005736,0.035783117726678706,-0.0022168822733212926,1,1,24,2,3,6,2,1,4,11,11077
USER_005737,0.048690201396351634,0.010690201396351635,0,0,22,2,2,7,3,1,4,66,66059
USER_005738,0.06118040317814874,0.02318040317814874,0,0,47,1,1,3,2,1,4,11,11098
USER_005739,0.030577843912462325,-0.007422156087537674,1,1,32,1,1,4,2,2,3,11,11002
USER_005740,0.04148400680543326,0.0034840068054332596,0,0,47,2,1,6,2,1,1,19,19067
USER_005741,0.0450753616290394,0.007075361629039399,0,0,31,2,1,6,0,1,3,25,25015
USER_005742,0.02511132989906766,-0.01288867010093234,1,1,41,2,1,1,2,1,2,11,11039
USER_005743,0.04030625750819377,0.002306257508193771,0,0,41,2,1,6,0,2,3,11,11074
USER_005744,0.018014892139868576,-0.019985107860131423,1,0,52,2,1,6,1,1,4,76,76056
USER_005745,0.01346424544390902,-0.02453575455609098,1,0,22,1,1,3,1,1,2,68,68078
USER_005746,0.04550119611838385,0.007501196118383853,0,0,29,1,2,3,1,1,3,47,47069
USER_005747,0.03424187888003826,-0.003758121119961738,1,0,37,2,1,6,0,1,4,63,63082
USER_005748,0.04303420611431829,0.00503420611431829,0,0,63,1,1,4,0,2,2,13,13072
USER_005749,0.03973157534487475,0.0017315753448747528,0,0,22,1,2,5,0,1,4,54,54065
USER_005750,0.025353999270043042,-0.012646000729956957,1,1,73,2,3,7,2,1,5,11,11098
USER_005751,0.03932118547053495,0.0013211854705349538,0,0,53,2,1,4,2,2,5,11,11012
USER_005752,0.021503480424777174,-0.016496519575222825,1,1,38,1,2,2,0,1,1,54,54076
USER_005753,0.06086458537002101,0.022864585370021014,0,0,65,2,1,4,1,2,3,68,68092
USER_005754,0.019660444827100543,-0.018339555172899456,1,1,56,1,1,4,2,1,2,11,11039
USER_005755,0.037063220935471285,-0.0009367790645287144,1,1,20,2,1,5,1,2,1,63,63089
USER_005756,0.02436592617929128,-0.01363407382070872,1,1,46,1,1,6,0,1,3,47,47039
USER_005757,0.04855631760041194,0.010556317600411938,0,0,71,2,2,5,1,1,4,73,73007
USER_005758,0.03502852943077746,-0.002971470569222541,1,1,42,1,2,3,1,1,1,76,76091
USER_005759,0.032219999205681846,-0.005780000794318153,1,1,44,2,1,6,1,1,3,50,50055
USER_005760,0.05279802317577332,0.01479802317577332,0,0,53,1,1,5,0,1,1,50,50006
USER_005761,0.04044145887516328,0.0024414588751632826,0,1,69,2,1,2,1,1,3,66,66011
USER_005762,0.04774966668903951,0.00974966668903951,0,1,39,2,1,4,3,2,3,73,73007
USER_005763,0.02528011095223803,-0.01271988904776197,1,1,55,1,1,4,2,2,4,11,11092
USER_005764,0.018927745841087397,-0.019072254158912602,1,0,52,1,1,6,1,1,2,11,11010
USER_005765,0.041608119430602004,0.0036081194306020054,0,0,18,2,1,2,0,1,4,11,11036
USER_005766,0.03521730466757903,-0.0027826953324209674,1,1,20,1,2,8,0,1,2,8,8071
USER_005767,0.04939652008680916,0.011396520086809164,0,0,41,2,1,2,4,2,1,11,11008
USER_005768,0.03880137321006175,0.0008013732100617538,0,0,25,1,2,4,1,2,4,11,11031
USER_005769,0.04307613008851945,0.005076130088519454,0,0,65,2,1,4,2,1,3,54,54035
USER_005770,0.015649262050881345,-0.022350737949118654,1,1,71,2,2,6,0,2,5,11,11090
USER_005771,0.06832655409421384,0.030326554094213844,0,0,56,2,1,5,3,2,3,25,25042
USER_005772,0.03753637022451952,-0.00046362977548047857,1,1,35,1,1,3,1,1,2,76,76018
USER_005773,0.050463804555087984,0.012463804555087984,0,0,58,1,1,4,1,2,4,50,50079
USER_005774,0.027458624946705604,-0.010541375053294395,1,1,20,2,3,3,0,1,5,11,11062
USER_005775,0.044620148533260115,0.006620148533260116,0,0,35,2,2,3,4,1,4,50,50021
USER_005776,0.02045732854712882,-0.017542671452871177,1,1,33,2,1,6,2,1,4,11,11021
USER_005777,0.046781017573895065,0.008781017573895065,0,0,49,1,1,4,3,1,2,11,11027
USER_005778,0.03466038873421251,-0.0033396112657874885,1,1,70,1,1,4,3,1,2,13,13010
USER_005779,0.040437857559033515,0.0024378575590335155,0,0,18,2,2,9,0,2,1,11,11035
USER_005780,0.05046961045195146,0.012469610451951461,0,0,70,2,2,7,1,1,3,13,13078
USER_005781,0.0215118953316958,-0.0164881046683042,1,1,43,1,1,3,0,1,2,68,68029
USER_005782,0.029732624040808047,-0.008267375959191952,1,0,69,2,1,2,0,1,4,19,19065
USER_005783,0.046859864216301485,0.008859864216301486,0,0,65,1,2,9,0,1,2,11,11037
USER_005784,0.0714733221182012,0.033473322118201206,0,0,29,2,1,3,3,2,5,11,11002
USER_005785,0.03792876498007777,-7.123501992222642e-05,1,1,55,2,1,4,1,1,4,19,19022
USER_005786,0.04886704176885899,0.010867041768858991,0,0,38,2,1,4,3,1,2,25,25097
USER_005787,0.0383954279521228,0.000395427952122801,0,0,58,2,1,3,1,1,5,52,52093
USER_005788,0.06913368392134449,0.03113368392134449,0,0,70,2,1,3,1,2,4,68,68083
USER_005789,0.013791674995521168,-0.02420832500447883,1,1,30,2,2,3,1,1,1,11,11065
USER_005790,0.04141931567004037,0.0034193156700403696,0,0,73,1,2,5,2,1,4,63,63043
USER_005791,0.015616839496569087,-0.022383160503430914,1,0,29,2,2,4,2,1,3,50,50018
USER_005792,0.0024014264419492527,-0.035598573558050746,1,1,30,2,3,4,2,1,2,13,13080
USER_005793,0.04446193079676725,0.006461930796767254,0,0,35,1,1,3,1,2,1,11,11040
USER_005794,0.04209246694221189,0.004092466942211888,0,0,36,2,1,7,2,1,4,63,63076
USER_005795,0.03572744593386698,-0.0022725540661330187,1,1,36,2,1,2,1,1,3,11,11039
USER_005796,0.0384070886494037,0.0004070886494037043,0,0,68,1,3,7,0,1,2,25,25014
USER_005797,0.08647449151106887,0.04847449151106887,0,1,23,2,1,3,3,1,3,19,19073
USER_005798,0.03612737292952849,-0.0018726270704715123,1,1,65,2,2,1,1,1,4,54,54024
USER_005799,0.047651865418751126,0.009651865418751127,0,0,24,1,1,1,1,1,4,47,47086
USER_005800,0.030259527705791787,-0.007740472294208212,1,1,24,2,1,5,0,1,4,11,11054
USER_005801,0.044428488625609046,0.006428488625609047,0,0,45,2,1,4,0,2,4,63,63049
USER_005802,0.03642649487416574,-0.0015735051258342625,1,1,72,1,2,5,0,2,5,52,52035
USER_005803,0.033842222759054054,-0.004157777240945945,1,1,45,2,1,6,0,1,3,47,47060
USER_005804,0.06728347798300487,0.029283477983004867,0,1,36,2,3,4,0,2,2,8,8082
USER_005805,0.057657774447765084,0.019657774447765085,0,0,33,2,1,2,0,1,4,76,76025
USER_005806,0.04205119971098846,0.004051199710988461,0,0,34,2,1,4,0,1,3,5,5017
USER_005807,0.0054368209608405,-0.0325631790391595,1,1,39,2,1,3,1,1,3,66,66023
USER_005808,0.034584861651211454,-0.0034151383487885448,1,1,36,2,2,4,1,2,4,11,11053
USER_005809,0.08054541346607626,0.04254541346607626,0,0,65,2,1,4,1,1,1,5,5098
USER_005810,0.036540075000404376,-0.0014599249995956229,1,1,46,2,1,6,1,2,2,5,5096
USER_005811,0.05654826358080487,0.018548263580804872,0,0,65,2,1,6,1,1,2,8,8050
USER_005812,0.06162913602928901,0.02362913602928901,0,0,36,2,1,4,0,1,2,68,68038
USER_005813,0.04328445873783963,0.0052844587378396285,0,0,64,2,1,8,0,1,3,63,63055
USER_005814,0.027372675521977717,-0.010627324478022282,1,1,52,2,3,5,2,2,4,25,25066
USER_005815,0.003470315023256676,-0.03452968497674332,1,1,64,2,2,4,3,2,4,73,73006
USER_005816,0.050262448129134316,0.012262448129134317,0,0,42,1,1,2,1,2,2,25,25044
USER_005817,0.02777865995764678,-0.01022134004235322,1,0,65,2,2,7,0,1,3,11,11092
USER_005818,0.04264225677831538,0.004642256778315382,0,0,37,2,1,2,2,1,4,5,5072
USER_005819,0.02125269490615954,-0.01674730509384046,1,1,54,1,1,3,1,1,2,66,66004
USER_005820,0.03602143689294697,-0.001978563107053029,1,1,36,2,2,7,1,2,2,76,76093
USER_005821,0.0405057858235158,0.0025057858235158006,0,0,59,1,1,6,0,2,1,11,11066
USER_005822,0.044028903715664466,0.006028903715664467,0,0,30,2,2,5,1,2,3,76,76083
USER_005823,0.023277667189713788,-0.01472233281028621,1,1,64,1,2,4,1,1,2,11,11064
USER_005824,0.05795366423142029,0.01995366423142029,0,0,29,1,1,7,1,2,3,25,25048
USER_005825,0.031046578229020433,-0.006953421770979566,1,1,66,1,1,1,1,1,3,11,11003
USER_005826,0.014882958093201325,-0.023117041906798676,1,1,32,2,1,4,1,1,2,11,11032
USER_005827,0.038364648700548044,0.0003646487005480453,0,0,21,1,1,5,1,2,5,76,76027
USER_005828,0.0405156296353969,0.0025156296353969,0,0,32,2,1,5,1,1,4,13,13044
USER_005829,0.0424088414975764,0.0044088414975764,0,0,34,1,1,2,1,1,2,11,11058
USER_005830,0.060431986055276186,0.022431986055276187,0,0,44,2,1,6,3,2,2,47,47063
USER_005831,0.03645326744896211,-0.001546732551037891,1,1,28,2,2,2,1,2,3,8,8026
USER_005832,0.03820570563446843,0.00020570563446842965,0,0,72,2,3,4,2,1,3,11,11002
USER_005833,0.0234522342815036,-0.014547765718496398,1,1,40,1,1,8,2,1,2,73,73054
USER_005834,0.052308302543318454,0.014308302543318455,0,0,32,1,1,6,0,1,3,68,68099
USER_005835,0.042764635961171554,0.004764635961171555,0,0,69,2,2,9,2,1,3,25,25043
USER_005836,0.033699584090587556,-0.004300415909412443,1,1,48,2,1,5,4,1,3,63,63055
USER_005837,0.011429879598018047,-0.02657012040198195,1,1,70,2,3,4,1,2,2,11,11002
USER_005838,0.06166618292582631,0.023666182925826312,0,0,43,1,1,3,1,1,3,66,66041
USER_005839,0.021584800533159143,-0.016415199466840856,1,1,24,2,2,4,0,1,5,25,25026
USER_005840,0.031130829859454416,-0.006869170140545583,1,1,30,1,2,5,0,1,3,8,8066
USER_005841,0.04537516766614005,0.007375167666140048,0,0,71,1,1,8,1,1,4,25,25097
USER_005842,0.022051631070749703,-0.015948368929250296,1,1,30,2,2,7,0,2,1,13,13015
USER_005843,0.01759735332620285,-0.02040264667379715,1,1,69,2,3,4,1,1,2,13,13065
USER_005844,0.008140786259490029,-0.02985921374050997,1,1,37,2,3,3,1,1,2,50,50032
USER_005845,0.050814954293584534,0.012814954293584535,0,0,51,1,2,5,2,1,4,11,11050
USER_005846,0.03182220632910517,-0.006177793670894827,1,1,27,2,1,9,0,1,3,50,50019
USER_005847,0.08390905138709995,0.04590905138709995,0,0,67,1,2,4,1,1,3,68,68014
USER_005848,0.0250846740155369,-0.0129153259844631,1,1,69,1,2,5,1,1,3,66,66061
USER_005849,0.02617823464856618,-0.011821765351433818,1,1,54,2,1,2,0,1,4,25,25063
USER_005850,0.03151910544571898,-0.006480894554281018,1,1,69,2,3,6,0,2,2,52,52054
USER_005851,0.04364701982707734,0.00564701982707734,0,0,68,2,2,4,1,2,3,8,8048
USER_005852,0.03294694991822033,-0.00505305008177967,1,1,44,2,1,5,1,1,4,11,11072
USER_005853,0.04918498321003768,0.011184983210037684,0,0,51,1,1,3,2,1,3,8,8012
USER_005854,0.025321174150170187,-0.012678825849829812,1,1,53,1,3,3,0,1,3,66,66015
USER_005855,0.019276124223046285,-0.018723875776953714,1,1,33,2,1,7,0,1,3,54,54050
USER_005856,0.01302677890886339,-0.02497322109113661,1,1,38,2,1,3,1,1,1,11,11060
USER_005857,0.006646387480942051,-0.031353612519057945,1,1,33,1,1,5,1,2,4,68,68044
USER_005858,0.03222896470787415,-0.005771035292125852,1,0,34,2,2,4,1,1,4,52,52034
USER_005859,0.035485295314101675,-0.002514704685898324,1,0,32,2,1,3,4,2,4,19,19006
USER_005860,0.03052844458775225,-0.007471555412247748,1,1,30,2,2,6,0,1,2,50,50027
USER_005861,0.05865108695780743,0.02065108695780743,0,0,50,2,1,6,1,1,4,50,50057
USER_005862,0.058420453144122024,0.020420453144122025,0,0,71,2,2,3,2,2,4,5,5027
USER_005863,0.03497795518833247,-0.0030220448116675264,1,0,22,2,1,2,2,2,4,66,66091
USER_005864,0.013091183302120557,-0.024908816697879442,1,1,44,1,1,1,1,1,2,54,54061
USER_005865,0.031499423379174205,-0.0065005766208257945,1,1,69,1,1,4,1,1,4,11,11038
USER_005866,0.031002679091244077,-0.0069973209087559225,1,1,18,2,3,5,1,1,3,54,54074
USER_005867,0.030142975565829132,-0.007857024434170867,1,1,61,1,1,5,0,2,1,73,73052
USER_005868,0.029534216441526328,-0.008465783558473671,1,1,47,2,1,3,0,2,4,50,50048
USER_005869,0.030198056564127895,-0.0078019434358721045,1,1,40,2,1,7,2,1,4,76,76037
USER_005870,0.03420187576153361,-0.0037981242384663924,1,0,32,1,1,4,1,1,3,13,13091
USER_005871,0.030466883517766653,-0.007533116482233346,1,1,53,2,1,5,3,1,3,25,25057
USER_005872,0.043124837629383884,0.005124837629383885,0,0,36,2,2,6,0,2,2,68,68045
USER_005873,0.04540553073857292,0.0074055307385729185,0,0,47,2,1,1,0,2,5,11,11092
USER_005874,0.026340323692262656,-0.011659676307737343,1,1,33,2,2,4,0,1,4,5,5009
USER_005875,0.0590659798901055,0.021065979890105502,0,0,72,2,1,7,3,1,3,8,8092
USER_005876,0.025299065472390796,-0.012700934527609203,1,1,35,2,2,5,3,2,3,54,54031
USER_005877,0.015732990792769946,-0.022267009207230053,1,1,43,1,1,2,0,2,4,50,50060
USER_005878,0.04571167107047577,0.007711671070475774,0,0,34,2,3,4,2,1,3,66,66004
USER_005879,0.027738877983784903,-0.010261122016215096,1,1,28,1,2,4,1,2,2,8,8050
USER_005880,0.04481937206136082,0.006819372061360823,0,0,69,2,1,5,4,1,3,63,63086
USER_005881,0.003944970983492046,-0.034055029016507955,1,1,62,1,1,3,1,2,4,63,63033
USER_005882,0.06088683912224601,0.02288683912224601,0,0,73,2,3,3,1,1,5,66,66089
USER_005883,0.05008440112060603,0.012084401120606034,0,0,46,1,1,3,0,1,2,5,5084
USER_005884,0.017492851762554978,-0.02050714823744502,1,0,71,1,1,4,1,2,3,68,68001
USER_005885,0.017818343142305716,-0.020181656857694283,1,1,26,1,1,6,1,1,2,68,68016
USER_005886,0.06508398856146291,0.027083988561462914,0,0,66,2,2,5,0,1,4,25,25002
USER_005887,0.02893930144753062,-0.009060698552469378,1,1,34,1,3,5,2,1,3,76,76073
USER_005888,0.02748722726901064,-0.01051277273098936,1,1,44,2,1,6,1,1,4,25,25052
USER_005889,0.00600921858776076,-0.03199078141223924,1,0,54,1,1,5,3,1,1,66,66077
USER_005890,0.03473832691597669,-0.003261673084023309,1,1,39,2,2,6,0,2,3,11,11006
USER_005891,0.036584205777463706,-0.001415794222536293,1,1,25,2,3,6,3,2,4,13,13049
USER_005892,0.05073239645154228,0.012732396451542283,0,0,20,1,1,5,3,1,2,13,13012
USER_005893,0.01901382357723287,-0.01898617642276713,1,1,55,1,1,6,0,2,3,11,11077
USER_005894,0.017195698116390858,-0.02080430188360914,1,1,52,1,1,3,1,1,3,8,8072
USER_005895,0.046764439521647154,0.008764439521647155,0,0,49,2,1,2,0,1,1,13,13055
USER_005896,0.05510095106840597,0.01710095106840597,0,0,25,1,3,5,0,1,2,76,76041
USER_005897,0.016432714733231754,-0.021567285266768245,1,1,61,2,2,2,1,1,3,25,25001
USER_005898,0.05622271129449612,0.018222711294496118,0,0,44,1,1,5,0,2,4,76,76074
USER_005899,0.040563127622302325,0.002563127622302326,0,0,49,2,3,6,1,1,3,54,54001
USER_005900,0.05637708008611969,0.018377080086119692,0,0,53,2,3,6,0,1,2,13,13081
USER_005901,0.03894669457723575,0.0009466945772357502,0,0,51,1,1,4,2,1,2,11,11085
USER_005902,0.0021658312376807466,-0.03583416876231925,1,1,42,2,2,6,3,1,4,8,8064
USER_005903,0.037720489265259415,-0.0002795107347405845,1,0,48,2,1,2,0,1,3,19,19043
USER_005904,0.05590215728006905,0.017902157280069053,0,0,59,1,1,10,1,2,4,68,68076
USER_005905,0.026593809713744285,-0.011406190286255714,1,1,64,2,1,4,1,1,4,11,11006
USER_005906,0.034180525466388216,-0.003819474533611783,1,1,30,1,1,4,0,1,3,73,73002
USER_005907,0.037357997446735326,-0.0006420025532646728,1,0,73,2,2,5,1,2,5,54,54003
USER_005908,0.0,-0.038,1,1,32,1,3,3,0,1,1,54,54044
USER_005909,0.06507021363156214,0.02707021363156214,0,0,71,2,1,2,0,2,3,47,47018
USER_005910,0.026479364801542383,-0.011520635198457616,1,1,68,1,1,5,1,1,5,11,11094
USER_005911,0.047586031487091986,0.009586031487091987,0,0,67,2,1,2,1,1,5,11,11063
USER_005912,0.03869948295777687,0.000699482957776873,0,0,30,2,3,4,1,1,3,73,73058
USER_005913,0.0588642858453904,0.0208642858453904,0,0,69,1,2,8,1,1,2,25,25084
USER_005914,0.04609084183642122,0.008090841836421218,0,0,69,1,2,5,3,1,2,11,11096
USER_005915,0.036476135927185384,-0.0015238640728146152,1,1,50,2,2,4,1,1,1,5,5021
USER_005916,0.026597273612210797,-0.011402726387789202,1,1,48,2,1,2,2,1,5,13,13024
USER_005917,0.051967760520732084,0.013967760520732085,0,0,42,2,1,3,0,1,4,8,8084
USER_005918,0.01189838044068075,-0.02610161955931925,1,1,65,2,1,3,0,1,3,11,11074
USER_005919,0.04968835630413839,0.011688356304138392,0,0,57,2,2,5,0,1,3,54,54062
USER_005920,0.02351432872667691,-0.014485671273323088,1,1,40,2,2,8,2,2,3,8,8070
USER_005921,0.0587842549293496,0.0207842549293496,0,0,55,1,1,4,1,2,2,5,5017
USER_005922,0.04241949313994043,0.004419493139940431,0,0,20,2,1,4,3,1,3,25,25064
USER_005923,0.04966185651775163,0.011661856517751631,0,0,69,1,2,2,0,1,4,47,47037
USER_005924,0.04122983220737079,0.003229832207370789,0,0,33,2,1,5,4,1,2,11,11066
USER_005925,0.01371434357288505,-0.02428565642711495,1,1,19,1,1,7,1,1,1,76,76084
USER_005926,0.027089062549069926,-0.010910937450930074,1,1,40,2,1,6,0,1,5,66,66060
USER_005927,0.05008584006417074,0.012085840064170739,0,0,51,1,1,7,2,2,1,11,11015
USER_005928,0.04249983726039766,0.004499837260397661,0,0,47,2,2,4,1,1,3,76,76093
USER_005929,0.05771484857958508,0.01971484857958508,0,0,64,2,1,2,1,1,3,13,13071
USER_005930,0.04604911844555758,0.008049118445557578,0,0,27,1,2,6,2,2,2,8,8036
USER_005931,0.025499471639460106,-0.012500528360539893,1,1,18,2,1,2,3,1,2,25,25047
USER_005932,0.02805903793419049,-0.009940962065809508,1,1,39,1,1,5,1,1,3,68,68048
USER_005933,0.04154376085784856,0.003543760857848563,0,0,69,1,3,10,1,2,2,11,11092
USER_005934,0.005289339009998422,-0.032710660990001576,1,1,64,2,1,7,0,1,3,52,52089
USER_005935,0.06510162828434478,0.02710162828434478,0,0,73,1,1,3,1,1,5,50,50056
USER_005936,0.04662620104566336,0.008626201045663362,0,0,50,1,1,5,2,1,5,19,19069
USER_005937,0.058405518955733086,0.020405518955733087,0,0,42,2,1,5,1,1,3,25,25050
USER_005938,0.016290940887862468,-0.02170905911213753,1,1,39,2,2,5,0,1,4,25,25046
USER_005939,0.05866847740532884,0.020668477405328838,0,0,33,2,1,4,1,1,3,8,8030
USER_005940,0.07347248366541623,0.03547248366541623,0,0,47,1,1,4,0,1,5,11,11030
USER_005941,0.02018682466934024,-0.01781317533065976,1,1,35,1,3,5,1,1,3,11,11098
USER_005942,0.0515710269235565,0.013571026923556502,0,0,41,1,2,5,3,1,1,11,11007
USER_005943,0.0400166491703094,0.002016649170309401,0,0,22,2,1,3,1,1,3,68,68050
USER_005944,0.01683349227627634,-0.02116650772372366,1,1,70,2,1,6,0,1,3,25,25051
USER_005945,0.04739325957777805,0.009393259577778049,0,0,54,1,1,8,3,2,4,13,13017
USER_005946,0.052504048072560226,0.014504048072560227,0,0,72,2,1,7,0,1,3,66,66005
USER_005947,0.0309831017099673,-0.0070168982900327,1,1,40,2,1,5,0,1,2,25,25078
USER_005948,0.057488747803828344,0.019488747803828345,0,0,59,2,2,5,3,1,4,11,11064
USER_005949,0.014998548898162036,-0.02300145110183796,1,1,44,1,1,5,2,1,1,11,11009
USER_005950,0.017578657803255338,-0.02042134219674466,1,1,72,2,2,3,1,1,2,76,76059
USER_005951,0.042048960933831286,0.004048960933831287,0,0,29,2,1,4,1,2,3,8,8065
USER_005952,0.040380779169584075,0.0023807791695840755,0,0,27,1,2,3,2,1,1,73,73019
USER_005953,0.029251397673638425,-0.008748602326361574,1,0,51,2,1,4,0,2,2,52,52033
USER_005954,0.05214391653957829,0.014143916539578291,0,0,73,2,2,5,1,2,3,11,11050
USER_005955,0.04796341471323924,0.009963414713239242,0,0,50,1,1,3,0,1,4,13,13059
USER_005956,0.05287208606401024,0.014872086064010241,0,0,33,2,1,6,0,2,3,68,68018
USER_005957,0.038152953469715985,0.00015295346971598567,0,0,46,1,2,6,1,1,3,13,13072
USER_005958,0.04903870401967511,0.011038704019675112,0,0,35,1,1,5,1,2,2,11,11002
USER_005959,0.03331524545455008,-0.004684754545449921,1,1,44,2,3,2,3,2,1,11,11070
USER_005960,0.07080728035129895,0.03280728035129895,0,0,24,2,2,4,2,2,5,8,8038
USER_005961,0.027811813448170217,-0.010188186551829782,1,1,53,2,1,5,0,2,3,73,73029
USER_005962,0.07157946144187467,0.033579461441874674,0,0,44,1,3,4,2,1,2,52,52004
USER_005963,0.04052331920634113,0.0025233192063411278,0,0,27,2,1,3,2,1,4,11,11046
USER_005964,0.01936733665646886,-0.018632663343531138,1,0,27,2,1,6,1,2,3,25,25060
USER_005965,0.060521190257329015,0.022521190257329016,0,0,74,2,2,5,1,2,3,68,68007
USER_005966,0.04188852082592438,0.003888520825924384,0,0,28,2,3,1,0,1,4,25,25086
USER_005967,0.05276686147570357,0.014766861475703573,0,0,74,2,1,3,1,1,3,11,11044
USER_005968,0.058357838778138896,0.020357838778138897,0,0,47,1,2,4,0,2,3,11,11065
USER_005969,0.04506933331217538,0.00706933331217538,0,0,20,1,1,6,3,1,1,5,5055
USER_005970,0.031116387327807783,-0.006883612672192216,1,1,46,1,2,8,0,1,3,5,5017
USER_005971,0.054635700665038756,0.016635700665038756,0,0,31,2,1,4,1,1,2,19,19042
USER_005972,0.04001133261181893,0.0020113326118189334,0,0,30,1,1,6,3,2,3,19,19059
USER_005973,0.050287867279126285,0.012287867279126286,0,0,36,2,1,3,2,2,3,54,54040
USER_005974,0.007694041393128082,-0.030305958606871918,1,1,42,1,1,6,1,1,1,76,76088
USER_005975,0.04670472575514778,0.008704725755147781,0,0,27,2,2,6,1,1,1,8,8059
USER_005976,0.03042121262282455,-0.007578787377175451,1,1,32,1,1,1,0,1,3,5,5061
USER_005977,0.06479964455767796,0.026799644557677964,0,1,45,2,2,6,0,1,4,8,8044
USER_005978,0.04934631021833643,0.01134631021833643,0,0,57,2,1,5,0,1,4,11,11093
USER_005979,0.04359786618773945,0.005597866187739449,0,0,66,1,1,2,2,1,5,66,66008
USER_005980,0.047294649900253324,0.009294649900253325,0,0,55,2,1,1,0,1,1,11,11081
USER_005981,0.025023387206849226,-0.012976612793150773,1,1,24,2,1,4,0,1,2,11,11053
USER_005982,0.0643488503579208,0.026348850357920804,0,0,31,2,1,6,0,1,4,5,5081
USER_005983,0.06987055627625356,0.03187055627625356,0,0,47,2,1,5,0,1,2,47,47038
USER_005984,0.04589370265822325,0.00789370265822325,0,0,57,1,1,6,0,2,3,25,25043
USER_005985,0.06385605352860457,0.025856053528604574,0,0,29,2,1,3,0,2,3,52,52020
USER_005986,0.03146277701991199,-0.006537222980088006,1,1,45,2,2,5,2,1,5,50,50032
USER_005987,0.02804329650662529,-0.00995670349337471,1,1,67,2,1,2,3,1,5,52,52017
USER_005988,0.040613871230933844,0.002613871230933845,0,0,31,1,2,7,2,1,3,50,50090
USER_005989,0.04652411557551848,0.008524115575518479,0,0,18,1,1,5,3,1,4,11,11051
USER_005990,0.03409019978135319,-0.003909800218646807,1,1,21,2,2,4,1,1,4,19,19030
USER_005991,0.04806652285552726,0.010066522855527262,0,0,66,1,1,2,2,2,3,11,11051
USER_005992,0.04459584223110121,0.006595842231101212,0,0,35,1,1,3,0,1,2,68,68048
USER_005993,0.025025398370634177,-0.012974601629365822,1,1,68,1,2,5,1,1,1,25,25021
USER_005994,0.04778189526177582,0.009781895261775822,0,0,53,2,1,5,1,1,3,66,66023
USER_005995,0.052952923637822814,0.014952923637822815,0,1,49,1,1,7,0,2,4,11,11026
USER_005996,0.042572039763855866,0.004572039763855867,0,0,45,2,1,7,1,2,4,66,66013
USER_005997,0.057289721548925386,0.019289721548925387,0,0,45,2,2,4,2,1,3,11,11067
USER_005998,0.02173894309754572,-0.016261056902454277,1,1,55,1,1,3,1,1,3,5,5065
USER_005999,0.047019256331977774,0.009019256331977775,0,0,49,2,1,5,1,1,4,76,76086
USER_006000,0.02244578940404838,-0.01555421059595162,1,1,25,2,1,4,0,1,1,5,5085
USER_006001,0.023288779626503688,-0.01471122037349631,1,1,42,1,1,3,4,1,3,11,11050
USER_006002,0.03053603749393315,-0.007463962506066849,1,1,64,1,2,5,3,1,2,11,11020
USER_006003,0.02586909724638633,-0.01213090275361367,1,1,37,1,3,7,1,1,3,11,11089
USER_006004,0.03178006271888294,-0.006219937281117062,1,1,50,2,1,6,0,1,1,11,11082
USER_006005,0.03678774533933217,-0.0012122546606678289,1,1,47,1,1,2,2,2,4,8,8077
USER_006006,0.05255731729497077,0.01455731729497077,0,0,54,2,2,7,1,1,3,63,63019
USER_006007,0.03518261441941446,-0.0028173855805855366,1,1,33,2,1,6,0,2,3,63,63065
USER_006008,0.01621561439845611,-0.021784385601543887,1,1,70,2,1,6,3,2,5,54,54039
USER_006009,0.057101017697427404,0.019101017697427405,0,0,42,2,1,4,0,2,2,50,50082
USER_006010,0.02744364799577441,-0.01055635200422559,1,1,55,2,1,4,1,1,2,25,25023
USER_006011,0.03911919359343057,0.001119193593430573,0,0,70,1,1,4,1,2,1,25,25025
USER_006012,0.04669804760411067,0.008698047604110672,0,0,59,2,1,2,1,1,1,5,5045
USER_006013,0.042994156276041744,0.004994156276041745,0,0,27,2,2,4,0,1,2,25,25040
USER_006014,0.056412693212822135,0.018412693212822136,0,0,22,2,2,3,0,2,3,68,68081
USER_006015,0.047185047150891384,0.009185047150891384,0,0,25,2,1,5,3,1,4,11,11042
USER_006016,0.02708035630454338,-0.010919643695456619,1,1,50,1,2,5,2,1,2,54,54086
USER_006017,0.07267843260987493,0.03467843260987493,0,0,54,1,2,4,1,1,2,8,8036
USER_006018,0.0429150019500735,0.004915001950073501,0,0,18,2,1,6,2,1,3,8,8037
USER_006019,0.03778989660067741,-0.00021010339932259203,1,1,48,2,1,7,2,1,5,54,54016
USER_006020,0.054458881345833564,0.016458881345833565,0,0,24,1,2,7,2,1,5,11,11090
USER_006021,0.043741764188951086,0.005741764188951087,0,0,64,2,2,3,0,1,4,11,11096
USER_006022,0.04598842289408991,0.007988422894089908,0,0,40,2,1,5,3,1,1,25,25082
USER_006023,0.0773827599790103,0.0393827599790103,0,0,41,2,1,3,1,1,3,63,63094
USER_006024,0.0358731785761743,-0.0021268214238256977,1,1,31,2,1,6,1,1,2,73,73085
USER_006025,0.03523358658973906,-0.0027664134102609386,1,0,40,2,2,4,1,1,4,11,11089
USER_006026,0.04174867768018696,0.003748677680186961,0,0,26,1,1,5,0,1,3,25,25061
USER_006027,0.05607273903371558,0.018072739033715583,0,0,25,2,1,5,1,1,3,25,25080
USER_006028,0.017401989547144014,-0.020598010452855985,1,1,25,2,2,1,0,1,3,11,11073
USER_006029,0.010516661627852423,-0.027483338372147576,1,1,20,2,1,3,0,1,2,66,66035
USER_006030,0.03119327094069779,-0.00680672905930221,1,1,49,2,1,2,2,1,4,19,19032
USER_006031,0.015491155614110694,-0.022508844385889307,1,0,69,1,3,4,0,2,3,19,19057
USER_006032,0.033627529787115425,-0.004372470212884574,1,1,21,1,1,4,3,1,4,5,5057
USER_006033,0.04753749544193935,0.009537495441939353,0,0,66,2,1,4,1,1,2,25,25074
USER_006034,0.026638767046716052,-0.011361232953283947,1,1,55,2,2,4,0,1,2,68,68002
USER_006035,0.018597601348279865,-0.019402398651720134,1,1,19,1,1,3,3,2,3,11,11024
USER_006036,0.04104005742573022,0.0030400574257302207,0,0,26,2,1,4,3,2,4,73,73034
USER_006037,0.05293815226922755,0.014938152269227553,0,0,63,2,2,6,2,1,1,25,25029
USER_006038,0.014575398422250812,-0.023424601577749185,1,1,18,2,1,8,2,1,2,19,19094
USER_006039,0.05230348597458976,0.01430348597458976,0,0,66,2,1,6,1,1,3,25,25062
USER_006040,0.052259593056074895,0.014259593056074896,0,0,28,2,1,8,1,1,2,11,11031
USER_006041,0.05431127653234942,0.01631127653234942,0,0,46,1,1,2,1,1,3,54,54062
USER_006042,0.058277203223075294,0.020277203223075295,0,0,43,2,2,3,2,1,4,66,66080
USER_006043,0.07303020886989424,0.03503020886989424,0,1,44,1,3,2,2,1,4,5,5094
USER_006044,0.034658619270714175,-0.003341380729285824,1,1,55,2,1,4,1,1,1,68,68099
USER_006045,0.04164357370116787,0.003643573701167871,0,0,46,2,1,4,2,1,1,5,5038
USER_006046,0.03375342350127962,-0.004246576498720379,1,1,50,1,1,2,1,1,5,54,54058
USER_006047,0.040029652671337165,0.0020296526713371663,0,0,45,1,1,5,1,1,5,50,50075
USER_006048,0.06299310033454468,0.02499310033454468,0,0,48,1,2,2,1,2,4,52,52043
USER_006049,0.019824782741039968,-0.01817521725896003,1,1,36,2,2,5,3,1,3,25,25006
USER_006050,0.02708425491751637,-0.010915745082483629,1,1,65,1,1,3,1,2,4,76,76018
USER_006051,0.06065771404756842,0.022657714047568424,0,0,43,1,1,6,1,2,4,5,5045
USER_006052,0.05530054760353135,0.01730054760353135,0,1,67,2,1,6,0,1,3,63,63007
USER_006053,0.03455302529774383,-0.0034469747022561684,1,1,46,1,2,6,1,1,4,13,13056
USER_006054,0.052816030016810796,0.014816030016810797,0,0,28,2,1,6,2,2,2,25,25079
USER_006055,0.0451182376373805,0.007118237637380502,0,0,58,2,1,2,6,1,1,50,50029
USER_006056,0.06250411913501482,0.024504119135014817,0,0,49,2,3,5,0,1,2,11,11004
USER_006057,0.04111764390740159,0.0031176439074015877,0,0,38,1,3,5,2,1,4,8,8029
USER_006058,0.05538448170808873,0.017384481708088734,0,0,55,2,1,7,1,1,4,11,11016
USER_006059,0.0796301786573893,0.041630178657389307,0,0,51,2,1,10,2,1,2,11,11060
USER_006060,0.04897148732571199,0.010971487325711994,0,0,57,2,1,4,1,1,4,11,11063
USER_006061,0.04073992248692265,0.0027399224869226538,0,0,39,2,1,2,0,1,5,8,8016
USER_006062,0.050836704778314694,0.012836704778314695,0,0,65,2,2,8,2,2,4,13,13050
USER_006063,0.034520787126941725,-0.003479212873058274,1,1,44,2,1,4,0,2,3,73,73005
USER_006064,0.07581951558287098,0.03781951558287098,0,0,25,1,1,7,0,1,3,63,63018
USER_006065,0.042701065565439726,0.004701065565439727,0,0,57,2,1,3,2,1,3,54,54085
USER_006066,0.035906000196617306,-0.002093999803382693,1,1,63,2,2,5,2,2,5,11,11089
USER_006067,0.027464664924699456,-0.010535335075300543,1,1,48,2,1,1,3,1,2,47,47065
USER_006068,0.05645830287409658,0.018458302874096583,0,0,18,2,1,6,1,1,1,11,11042
USER_006069,0.053007811192416085,0.015007811192416086,0,0,56,1,2,4,0,1,5,13,13043
USER_006070,0.0325396844287886,-0.005460315571211398,1,1,51,1,3,3,0,1,3,11,11070
USER_006071,0.04864677017683634,0.010646770176836344,0,0,64,1,1,5,1,1,3,63,63068
USER_006072,0.017371660476807157,-0.020628339523192842,1,1,41,1,1,2,2,1,2,25,25004
USER_006073,0.042774558626097345,0.004774558626097346,0,0,45,2,1,5,2,1,2,13,13001
USER_006074,0.04679134528115042,0.008791345281150421,0,0,67,2,1,3,3,1,2,11,11097
USER_006075,0.06560994714338834,0.027609947143388346,0,1,21,2,2,3,2,2,3,73,73003
USER_006076,0.028437717959069662,-0.009562282040930337,1,1,35,2,2,4,2,1,4,11,11060
USER_006077,0.020824710567965136,-0.017175289432034863,1,1,46,1,1,7,1,1,3,11,11058
USER_006078,0.026568580586124376,-0.011431419413875623,1,1,40,2,2,5,1,1,4,11,11052
USER_006079,0.019951472495276203,-0.018048527504723796,1,1,54,2,3,5,0,2,4,11,11007
USER_006080,0.060049860366384746,0.022049860366384746,0,0,44,2,1,7,0,1,4,68,68080
USER_006081,0.06322958942536056,0.025229589425360556,0,0,33,1,2,6,3,1,4,54,54023
USER_006082,0.04480324866923244,0.006803248669232438,0,0,62,1,1,7,2,1,4,52,52080
USER_006083,0.05831942418527722,0.02031942418527722,0,0,44,1,1,3,0,2,3,25,25065
USER_006084,0.04200937570870353,0.004009375708703529,0,0,26,2,2,3,1,2,2,11,11057
USER_006085,0.03857332528448851,0.0005733252844885087,0,1,22,1,1,5,2,1,3,19,19066
USER_006086,0.03500443571419357,-0.0029955642858064263,1,1,25,2,1,5,2,2,2,68,68075
USER_006087,0.03534413512933652,-0.0026558648706634796,1,1,35,2,1,4,3,1,2,54,54001
USER_006088,0.01678297665536453,-0.021217023344635468,1,1,52,2,2,6,0,1,3,25,25078
USER_006089,0.04396382145411008,0.005963821454110084,0,0,23,1,3,4,3,1,3,66,66002
USER_006090,0.039394991346789344,0.0013949913467893454,0,0,60,2,2,6,1,2,2,19,19096
USER_006091,0.05118041086116814,0.01318041086116814,0,0,40,2,1,5,2,1,4,66,66094
USER_006092,0.041402852446579146,0.0034028524465791465,0,0,63,1,1,8,0,2,2,25,25032
USER_006093,0.03755944447646362,-0.00044055552353637617,1,1,43,2,1,4,0,1,4,11,11016
USER_006094,0.026932104549885545,-0.011067895450114454,1,1,73,2,1,5,0,1,2,47,47043
USER_006095,0.041082298552326424,0.003082298552326425,0,0,68,2,1,4,1,1,3,54,54091
USER_006096,0.05107355846224243,0.01307355846224243,0,0,56,2,1,3,1,1,2,54,54037
USER_006097,0.022849915133742092,-0.015150084866257907,1,1,41,2,2,4,0,2,4,54,54030
USER_006098,0.04131210630521109,0.0033121063052110877,0,0,27,2,2,3,2,1,4,68,68001
USER_006099,0.04349564427294226,0.00549564427294226,0,1,32,2,2,4,0,1,3,11,11075
USER_006100,0.029229028245726037,-0.008770971754273962,1,1,55,1,3,5,2,1,4,54,54097
USER_006101,0.031182155426379997,-0.006817844573620002,1,1,37,1,1,4,1,1,3,68,68029
USER_006102,0.043459162731493216,0.005459162731493217,0,1,46,1,1,1,1,1,2,11,11092
USER_006103,0.022998684725610657,-0.015001315274389342,1,0,23,2,2,6,3,1,2,13,13093
USER_006104,0.04524885572874089,0.0072488557287408925,0,0,65,2,1,3,4,1,3,11,11046
USER_006105,0.026569684395112002,-0.011430315604887997,1,1,26,2,1,3,4,1,3,25,25018
USER_006106,0.055942805395498243,0.017942805395498244,0,0,68,1,1,4,1,1,2,73,73038
USER_006107,0.07506741618082449,0.03706741618082449,0,0,67,1,1,4,1,1,4,11,11011
USER_006108,0.027088647974472708,-0.010911352025527291,1,1,22,1,1,4,1,2,4,66,66018
USER_006109,0.04801311793562012,0.010013117935620118,0,0,65,1,2,8,0,2,4,11,11026
USER_006110,0.02909887142676971,-0.008901128573230287,1,1,56,1,3,4,1,1,2,11,11053
USER_006111,0.055614312606966844,0.017614312606966845,0,0,36,2,2,4,0,1,3,47,47061
USER_006112,0.021021123863721774,-0.016978876136278225,1,1,22,2,1,6,2,1,2,50,50023
USER_006113,0.04720880137641569,0.009208801376415693,0,0,37,2,1,2,0,2,3,63,63035
USER_006114,0.02690516549665971,-0.011094834503340287,1,1,28,1,1,3,1,2,2,25,25010
USER_006115,0.03689523116352447,-0.0011047688364755268,1,1,72,2,1,4,1,1,2,13,13058
USER_006116,0.024534620872790396,-0.013465379127209604,1,1,67,2,1,5,0,1,3,11,11089
USER_006117,0.05233525706343631,0.014335257063436309,0,0,44,2,2,6,1,1,3,19,19023
USER_006118,0.027445294683406198,-0.0105547053165938,1,1,46,2,1,5,1,1,4,63,63078
USER_006119,0.04827946388997741,0.010279463889977414,0,0,24,2,2,3,3,1,4,73,73046
USER_006120,0.03483852957606501,-0.003161470423934991,1,1,67,2,1,2,0,1,1,52,52057
USER_006121,0.03828291442301706,0.00028291442301706105,0,0,20,2,1,5,0,2,1,66,66058
USER_006122,0.04221633861100193,0.00421633861100193,0,0,22,2,1,5,1,1,5,52,52018
USER_006123,0.02857262992511727,-0.00942737007488273,1,0,72,1,2,6,1,1,3,11,11032
USER_006124,0.04315550670311331,0.005155506703113308,0,0,30,1,3,2,1,1,1,68,68007
USER_006125,0.06295501846531616,0.024955018465316163,0,0,33,2,3,5,0,1,4,63,63079
USER_006126,0.028328578212509288,-0.009671421787490711,1,1,71,2,3,3,1,1,4,11,11044
USER_006127,0.05757715214910767,0.01957715214910767,0,0,29,2,3,7,0,1,3,25,25033
USER_006128,0.06247146450231676,0.024471464502316763,0,0,56,2,2,2,2,1,5,73,73014
USER_006129,0.027757675164579342,-0.010242324835420657,1,1,44,2,1,8,1,2,3,52,52002
USER_006130,0.018174180923641727,-0.019825819076358272,1,1,71,1,1,8,1,1,3,73,73078
USER_006131,0.04452941350257647,0.006529413502576471,0,1,62,1,2,5,3,1,3,11,11053
USER_006132,0.031788887158496905,-0.006211112841503094,1,1,50,2,2,5,0,2,3,66,66027
USER_006133,0.06802904828744503,0.030029048287445036,0,0,32,2,2,2,3,1,2,11,11071
USER_006134,0.04052211310749748,0.0025221131074974826,0,0,38,1,1,4,0,2,2,63,63092
USER_006135,0.027967008879472312,-0.010032991120527687,1,1,61,2,2,3,0,1,3,52,52074
USER_006136,0.02279260733482433,-0.015207392665175668,1,1,34,2,2,4,0,1,2,66,66070
USER_006137,0.056348574386362454,0.018348574386362455,0,0,72,2,1,4,0,1,2,63,63092
USER_006138,0.0314322403887372,-0.006567759611262797,1,1,69,1,1,6,1,1,1,19,19003
USER_006139,0.040657431991906426,0.002657431991906427,0,0,54,1,2,2,1,1,5,73,73046
USER_006140,0.054337041176687216,0.016337041176687217,0,0,66,2,1,3,1,1,5,13,13094
USER_006141,0.03273612472103755,-0.0052638752789624516,1,1,73,2,1,4,1,1,5,19,19034
USER_006142,0.039311067568897594,0.0013110675688975948,0,0,32,2,1,3,0,1,5,63,63040
USER_006143,0.0397514738526622,0.0017514738526622012,0,0,37,1,1,7,1,1,2,66,66090
USER_006144,0.05024986767274138,0.012249867672741381,0,0,36,2,2,4,1,1,4,11,11054
USER_006145,0.04886116503265489,0.010861165032654892,0,0,18,2,1,2,2,1,3,25,25059
USER_006146,0.036698294031177574,-0.0013017059688224253,1,1,21,2,1,4,1,1,1,11,11052
USER_006147,0.04095473592244777,0.002954735922447771,0,0,20,2,1,6,1,2,4,8,8050
USER_006148,0.03442331482714767,-0.003576685172852326,1,0,25,2,2,5,2,1,4,13,13036
USER_006149,0.017835813896208332,-0.020164186103791667,1,1,58,2,2,3,0,1,4,73,73003
USER_006150,0.04386401286097194,0.005864012860971941,0,0,61,2,1,8,1,1,4,11,11044
USER_006151,0.06838287641249602,0.03038287641249602,0,0,22,2,2,1,2,1,2,5,5067
USER_006152,0.026744212889634057,-0.011255787110365942,1,1,26,2,2,4,2,2,3,50,50067
USER_006153,0.028404554355959455,-0.009595445644040544,1,1,18,2,1,5,1,2,3,11,11044
USER_006154,0.02693908342534388,-0.011060916574656118,1,1,72,1,2,3,1,1,4,63,63028
USER_006155,0.05086887668084684,0.012868876680846839,0,0,60,2,2,3,2,1,3,11,11028
USER_006156,0.0467272818129466,0.008727281812946602,0,0,47,2,2,2,2,1,2,54,54026
USER_006157,0.03762193461375315,-0.0003780653862468508,1,1,24,1,3,4,0,1,2,68,68016
USER_006158,0.026229714075415522,-0.011770285924584477,1,1,39,2,1,4,3,1,3,25,25011
USER_006159,0.04138565187459887,0.003385651874598869,0,0,37,2,2,3,1,2,3,76,76032
USER_006160,0.016530668089962938,-0.02146933191003706,1,1,46,1,1,3,3,1,3,66,66026
USER_006161,0.0421513985028624,0.004151398502862398,0,0,44,1,2,4,0,2,1,19,19007
USER_006162,0.053072865791319014,0.015072865791319015,0,0,42,1,2,6,3,1,3,11,11046
USER_006163,0.021232012950494834,-0.016767987049505165,1,1,63,1,1,3,1,1,2,76,76035
USER_006164,0.017012225847555046,-0.020987774152444953,1,1,52,1,2,3,2,2,2,73,73045
USER_006165,0.06369156837542289,0.025691568375422892,0,0,44,2,1,6,2,1,2,54,54034
USER_006166,0.030823605407431228,-0.007176394592568771,1,1,28,1,2,1,0,1,5,11,11028
USER_006167,0.05703921768915733,0.019039217689157333,0,0,34,2,1,2,1,1,1,8,8059
USER_006168,0.037690035022032525,-0.00030996497796747374,1,1,48,1,1,6,2,1,5,11,11069
USER_006169,0.03757067774588009,-0.0004293222541199085,1,1,35,2,1,2,1,1,3,63,63076
USER_006170,0.046576190492449675,0.008576190492449676,0,0,36,1,1,7,4,2,4,50,50091
USER_006171,0.02674001714880339,-0.011259982851196608,1,1,67,2,1,6,4,2,4,11,11017
USER_006172,0.04198745715243468,0.003987457152434683,0,0,55,1,2,6,1,1,2,8,8087
USER_006173,0.03427765877763861,-0.0037223412223613903,1,1,46,2,1,5,0,1,3,76,76025
USER_006174,0.02019259834892453,-0.01780740165107547,1,1,32,1,1,2,2,1,5,52,52013
USER_006175,0.04506223112089599,0.00706223112089599,0,0,24,2,1,6,2,1,4,5,5008
USER_006176,0.03605038289683126,-0.0019496171031687382,1,1,54,1,2,5,1,1,4,11,11082
USER_006177,0.037644627573329384,-0.00035537242667061514,1,1,54,2,2,6,1,1,4,50,50080
USER_006178,0.021847585848787633,-0.016152414151212366,1,1,24,1,1,3,0,2,2,11,11077
USER_006179,0.06387100551644206,0.025871005516442065,0,0,39,1,1,4,0,1,4,11,11006
USER_006180,0.05315071279579174,0.015150712795791742,0,0,29,1,1,6,0,1,5,52,52024
USER_006181,0.05446233826257968,0.01646233826257968,0,0,25,2,1,3,0,1,2,5,5092
USER_006182,0.035418329463374774,-0.0025816705366252246,1,1,74,1,1,2,2,1,3,5,5090
USER_006183,0.014062256657448698,-0.0239377433425513,1,0,35,1,1,4,1,1,2,11,11055
USER_006184,0.06929376073734266,0.031293760737342656,0,0,45,2,1,2,1,1,5,76,76015
USER_006185,0.03908353737991198,0.0010835373799119793,0,0,35,1,1,4,0,1,2,11,11032
USER_006186,0.028768003059699194,-0.009231996940300805,1,1,48,2,1,2,1,1,3,19,19064
USER_006187,0.04625202361724671,0.00825202361724671,0,0,34,1,2,5,4,1,4,52,52053
USER_006188,0.057506811820049464,0.019506811820049465,0,0,40,2,2,4,5,1,2,13,13045
USER_006189,0.03965424165871801,0.0016542416587180114,0,0,28,2,1,6,0,1,3,47,47033
USER_006190,0.05917862751909062,0.021178627519090623,0,0,32,1,1,3,2,1,2,5,5026
USER_006191,0.05624499907775303,0.01824499907775303,0,0,47,1,1,3,0,2,4,25,25043
USER_006192,0.023854282188969123,-0.014145717811030876,1,1,69,2,3,5,0,2,2,11,11036
USER_006193,0.029893148415107856,-0.008106851584892143,1,1,48,2,3,6,1,2,3,73,73011
USER_006194,0.05436305744919651,0.016363057449196514,0,0,74,2,2,4,0,1,4,25,25036
USER_006195,0.0,-0.038,1,1,23,2,1,4,1,1,5,11,11028
USER_006196,0.03775816460252517,-0.00024183539747482663,1,1,29,1,3,6,1,1,2,11,11014
USER_006197,0.018537531975629924,-0.019462468024370076,1,1,40,2,1,3,0,1,1,8,8031
USER_006198,0.03285169297849713,-0.005148307021502867,1,0,56,2,2,2,1,1,4,47,47054
USER_006199,0.03551769866456194,-0.0024823013354380585,1,1,57,2,1,6,1,1,4,11,11066
USER_006200,0.034626334331387384,-0.0033736656686126146,1,1,53,2,1,9,3,1,4,73,73076
USER_006201,0.03171608121831087,-0.0062839187816891295,1,1,52,2,1,8,0,1,3,73,73044
USER_006202,0.02354284525556779,-0.01445715474443221,1,1,20,2,1,4,2,1,2,19,19017
USER_006203,0.0743786690022803,0.036378669002280296,0,0,59,2,1,4,1,2,3,11,11093
USER_006204,0.06801193006242026,0.030011930062420263,0,0,73,1,1,3,0,1,2,19,19073
USER_006205,0.02256901269615575,-0.015430987303844249,1,1,45,1,1,3,0,1,3,11,11001
USER_006206,0.06373175126955352,0.025731751269553522,0,0,32,1,2,4,2,1,1,73,73065
USER_006207,0.03400801764290721,-0.003991982357092791,1,1,30,2,1,2,2,2,2,73,73064
USER_006208,0.04193781209997566,0.0039378120999756586,0,0,36,2,2,7,2,2,3,13,13006
USER_006209,0.03905089060154626,0.001050890601546263,0,0,57,1,2,4,1,1,3,68,68083
USER_006210,0.030103770381190515,-0.007896229618809484,1,1,35,1,1,7,2,1,3,50,50054
USER_006211,0.0547577851540922,0.0167577851540922,0,0,48,1,1,5,0,2,2,68,68090
USER_006212,0.041888297958649866,0.0038882979586498667,0,0,54,1,1,4,5,1,2,25,25022
USER_006213,0.03285172865171138,-0.005148271348288616,1,1,38,2,1,3,1,1,2,8,8065
USER_006214,0.020431158342992913,-0.017568841657007086,1,1,56,2,2,4,2,1,2,19,19004
USER_006215,0.026596074794213196,-0.011403925205786803,1,1,22,2,1,2,1,1,1,25,25016
USER_006216,0.015379298265968549,-0.02262070173403145,1,1,74,2,2,2,0,1,1,54,54088
USER_006217,0.04018335322622754,0.0021833532262275426,0,0,68,2,1,5,0,2,1,66,66047
USER_006218,0.022050016115734063,-0.015949983884265936,1,1,74,2,2,3,1,2,2,8,8081
USER_006219,0.03601659231222188,-0.0019834076877781187,1,1,34,2,1,5,4,1,2,50,50078
USER_006220,0.06055152780415556,0.022551527804155563,0,0,36,2,2,4,1,2,3,25,25028
USER_006221,0.057989493593823785,0.019989493593823786,0,0,21,2,2,5,1,1,3,25,25020
USER_006222,0.03951584658846073,0.0015158465884607328,0,0,71,2,1,6,0,2,5,11,11015
USER_006223,0.03869372910785275,0.0006937291078527516,0,0,43,1,1,4,2,2,2,8,8082
USER_006224,0.06819811824131512,0.030198118241315124,0,0,41,2,1,3,2,2,4,11,11097
USER_006225,0.04781134180538067,0.009811341805380673,0,0,56,1,2,6,1,1,2,11,11021
USER_006226,0.03508290310185216,-0.002917096898147842,1,1,73,1,1,6,2,1,4,11,11034
USER_006227,0.01860972824319322,-0.019390271756806778,1,1,71,1,1,6,2,2,3,76,76044
USER_006228,0.04590809827247115,0.007908098272471152,0,0,55,2,1,2,1,1,3,25,25009
USER_006229,0.052439856588742936,0.014439856588742937,0,0,63,2,1,3,2,2,5,73,73074
USER_006230,0.030525227132295343,-0.007474772867704656,1,1,71,1,1,4,0,2,4,52,52004
USER_006231,0.04436804132707049,0.006368041327070494,0,0,36,2,1,4,1,1,4,8,8094
USER_006232,0.03454640057627456,-0.0034535994237254383,1,1,47,1,1,3,3,1,4,13,13038
USER_006233,0.03723951401201496,-0.0007604859879850392,1,1,43,2,1,5,1,1,3,25,25081
USER_006234,0.0026826691365650322,-0.03531733086343497,1,1,69,2,1,3,1,1,3,54,54044
USER_006235,0.03667327894425797,-0.001326721055742032,1,1,28,1,1,5,1,1,3,50,50057
USER_006236,0.05454053953612081,0.016540539536120814,0,0,71,2,1,5,1,1,4,68,68023
USER_006237,0.03052896166650163,-0.007471038333498371,1,0,56,2,1,4,3,1,4,52,52069
USER_006238,0.04078789552322974,0.002787895523229743,0,0,20,2,2,3,0,2,3,5,5099
USER_006239,0.028660739399621195,-0.009339260600378804,1,1,69,2,1,7,2,1,3,8,8024
USER_006240,0.045406625144391595,0.007406625144391596,0,0,39,2,1,2,0,1,4,52,52025
USER_006241,0.0367521520369574,-0.0012478479630426004,1,1,34,1,1,2,0,1,3,25,25023
USER_006242,0.0259113768897699,-0.012088623110230099,1,1,28,2,1,3,2,1,3,11,11098
USER_006243,0.05998827201497692,0.02198827201497692,0,0,64,2,1,3,3,1,4,11,11079
USER_006244,0.05393398020298323,0.015933980202983228,0,0,56,1,3,6,1,1,1,11,11011
USER_006245,0.030926398541077378,-0.007073601458922621,1,1,64,2,1,6,1,2,4,25,25056
USER_006246,0.04746682464126666,0.009466824641266663,0,1,44,2,1,2,0,2,2,76,76035
USER_006247,0.04806118004230571,0.01006118004230571,0,1,66,1,2,3,0,1,2,76,76055
USER_006248,0.04963451852516764,0.011634518525167642,0,0,60,2,1,2,5,1,2,19,19055
USER_006249,0.014586161560073835,-0.023413838439926164,1,1,46,2,1,4,0,1,2,54,54074
USER_006250,0.055099098115489416,0.017099098115489417,0,0,29,1,1,2,1,1,4,11,11003
USER_006251,0.03145451555611403,-0.006545484443885967,1,1,30,2,1,5,1,1,5,11,11091
USER_006252,0.034632580998381,-0.003367419001619,1,1,28,2,2,4,2,1,1,73,73055
USER_006253,0.079568226283903,0.041568226283903005,0,1,48,1,1,1,1,1,2,11,11010
USER_006254,0.04452810071081518,0.0065281007108151795,0,0,28,2,1,3,2,1,3,68,68010
USER_006255,0.034205162868292366,-0.003794837131707633,1,1,74,2,1,4,0,2,1,8,8001
USER_006256,0.006920584408661412,-0.03107941559133859,1,1,58,2,1,2,0,1,3,11,11073
USER_006257,0.060846462009195336,0.022846462009195337,0,0,60,2,2,7,1,2,2,11,11027
USER_006258,0.019821854937870965,-0.018178145062129034,1,1,74,2,1,3,1,1,3,47,47031
USER_006259,0.02494841644750745,-0.01305158355249255,1,1,53,2,3,5,0,2,2,11,11007
USER_006260,0.035029715513682266,-0.0029702844863177327,1,1,19,2,1,4,1,1,3,11,11081
USER_006261,0.06124617687550439,0.02324617687550439,0,0,40,2,2,4,1,1,4,47,47039
USER_006262,0.05159859979998639,0.013598599799986393,0,0,53,2,1,3,0,2,3,73,73083
USER_006263,0.0376324373523961,-0.00036756264760389595,1,1,31,1,1,6,0,1,4,5,5003
USER_006264,0.044624380954582314,0.006624380954582315,0,0,54,1,3,5,1,1,2,73,73034
USER_006265,0.030994214606933416,-0.007005785393066583,1,1,66,2,1,6,0,1,3,11,11077
USER_006266,0.042094805343480264,0.004094805343480265,0,0,44,2,2,7,2,1,1,11,11080
USER_006267,0.04110005117167205,0.003100051171672051,0,0,29,2,1,3,1,1,1,19,19093
USER_006268,0.054531548435220296,0.016531548435220297,0,0,46,2,1,5,1,1,3,76,76054
USER_006269,0.05450767183658424,0.01650767183658424,0,0,23,2,2,2,2,1,4,25,25004
USER_006270,0.047409660733084676,0.009409660733084677,0,0,61,1,2,2,0,1,5,73,73080
USER_006271,0.03456478663680847,-0.003435213363191532,1,1,64,1,2,6,1,2,3,54,54083
USER_006272,0.0511273344158519,0.013127334415851899,0,0,40,2,2,4,4,2,4,47,47091
USER_006273,0.0386204730069543,0.0006204730069543016,0,0,68,2,1,3,2,2,1,11,11039
USER_006274,0.023771284469303006,-0.014228715530696993,1,1,27,2,1,6,1,1,2,19,19033
USER_006275,0.03395068312133592,-0.004049316878664076,1,1,51,2,2,5,1,1,3,25,25080
USER_006276,0.04126790475676487,0.003267904756764868,0,0,61,2,1,3,1,2,4,66,66046
USER_006277,0.05365323675497118,0.015653236754971184,0,0,29,1,3,2,5,1,2,66,66022
USER_006278,0.0372470774176427,-0.0007529225823572974,1,1,49,2,1,9,0,1,5,68,68024
USER_006279,0.02186201933140591,-0.01613798066859409,1,1,43,1,1,3,1,1,4,66,66047
USER_006280,0.040851125249452294,0.002851125249452295,0,1,24,1,1,5,1,2,3,68,68079
USER_006281,0.041701840600848285,0.0037018406008482857,0,0,49,2,1,8,0,1,3,5,5075
USER_006282,0.04278756443354129,0.004787564433541294,0,0,50,2,1,5,2,2,3,11,11089
USER_006283,0.05379807273931645,0.01579807273931645,0,0,35,1,1,2,1,2,3,8,8008
USER_006284,0.055283848601348475,0.017283848601348475,0,0,52,1,3,5,2,1,4,8,8080
USER_006285,0.031086836914275003,-0.0069131630857249965,1,1,37,1,1,3,0,2,4,8,8061
USER_006286,0.03075784812926585,-0.00724215187073415,1,1,48,1,1,5,0,1,3,19,19051
USER_006287,0.024397019335667906,-0.013602980664332093,1,1,22,2,2,2,0,1,3,19,19063
USER_006288,0.050482235054207146,0.012482235054207147,0,0,49,2,2,5,1,1,3,13,13081
USER_006289,0.06173230162506573,0.023732301625065733,0,0,69,2,1,7,1,1,2,11,11039
USER_006290,0.03527377108136615,-0.0027262289186338468,1,1,64,1,2,6,3,1,3,19,19035
USER_006291,0.036378541529125105,-0.0016214584708748939,1,1,59,1,1,5,1,2,4,8,8065
USER_006292,0.062001738353484645,0.024001738353484646,0,0,36,2,3,6,0,1,3,66,66022
USER_006293,0.04758336779822511,0.009583367798225113,0,0,18,2,2,3,3,1,3,66,66028
USER_006294,0.04654353557201583,0.008543535572015828,0,0,24,2,1,4,1,1,3,68,68047
USER_006295,0.0221362524103941,-0.0158637475896059,1,1,39,1,2,3,2,1,3,76,76022
USER_006296,0.050180921039191285,0.012180921039191286,0,0,67,1,3,4,1,1,2,5,5056
USER_006297,0.026062954892353628,-0.011937045107646371,1,0,51,1,1,4,0,1,2,25,25002
USER_006298,0.02298969721097563,-0.01501030278902437,1,1,68,1,1,4,0,1,3,11,11070
USER_006299,0.03479842634849932,-0.003201573651500679,1,1,73,1,2,4,1,1,3,13,13079
USER_006300,0.03121310914826965,-0.00678689085173035,1,1,73,2,2,5,0,1,4,68,68030
USER_006301,0.03667600458422441,-0.001323995415775589,1,1,27,2,2,6,1,1,4,11,11086
USER_006302,0.018385275482126213,-0.019614724517873786,1,1,64,1,1,1,2,1,5,68,68013
USER_006303,0.054382244597015086,0.016382244597015087,0,0,59,2,1,4,2,1,3,63,63093
USER_006304,0.05691529441774643,0.018915294417746434,0,0,43,1,2,4,0,2,2,11,11038
USER_006305,0.010789862887887788,-0.02721013711211221,1,1,49,1,3,4,2,1,2,11,11085
USER_006306,0.054676867084998255,0.016676867084998256,0,0,59,2,2,3,0,1,5,11,11050
USER_006307,0.027842070552675607,-0.010157929447324392,1,1,44,2,2,6,2,1,2,8,8053
USER_006308,0.05285463305474179,0.014854633054741793,0,0,29,2,1,4,2,1,3,5,5030
USER_006309,0.038973302610003764,0.0009733026100037651,0,0,57,2,2,7,6,1,3,11,11081
USER_006310,0.04043163346121498,0.0024316334612149784,0,0,40,2,1,3,0,2,4,54,54047
USER_006311,0.03722353525868172,-0.0007764647413182821,1,1,31,1,1,5,0,1,4,63,63094
USER_006312,0.05818193806350229,0.02018193806350229,0,0,51,2,2,6,2,1,1,50,50034
USER_006313,0.021406179812124577,-0.016593820187875422,1,1,34,1,1,7,0,1,3,47,47056
USER_006314,0.049117605081025126,0.011117605081025127,0,0,23,2,1,2,2,1,3,8,8037
USER_006315,0.05651995247334326,0.01851995247334326,0,1,44,2,1,4,2,2,1,8,8094
USER_006316,0.05074510120810616,0.012745101208106159,0,0,25,2,2,4,2,1,3,47,47096
USER_006317,0.07487048371485126,0.036870483714851264,0,0,50,2,1,6,2,1,3,54,54036
USER_006318,0.03206579855912952,-0.005934201440870479,1,1,52,2,1,4,0,1,4,11,11098
USER_006319,0.05435957233890297,0.01635957233890297,0,0,64,2,1,3,0,1,5,11,11007
USER_006320,0.0384086404698787,0.00040864046987870023,0,0,34,2,1,6,1,1,2,25,25081
USER_006321,0.05850109114529004,0.020501091145290043,0,0,43,2,2,4,0,1,3,11,11049
USER_006322,0.03988466506417946,0.001884665064179461,0,0,74,1,1,5,1,1,5,8,8040
USER_006323,0.034181863272062955,-0.0038181367279370437,1,1,24,1,1,4,0,1,3,68,68091
USER_006324,0.05959108305807444,0.021591083058074438,0,0,63,1,2,4,2,1,2,11,11043
USER_006325,0.032626570914716053,-0.005373429085283946,1,1,41,2,2,5,0,1,2,8,8029
USER_006326,0.018809113616491662,-0.019190886383508337,1,1,42,2,1,6,0,1,3,73,73048
USER_006327,0.032247296752392574,-0.0057527032476074255,1,1,52,1,1,4,3,1,3,8,8037
USER_006328,0.04928549419882798,0.011285494198827982,0,0,43,2,1,5,0,1,3,54,54070
USER_006329,0.06088058127380637,0.02288058127380637,0,0,67,2,2,6,0,1,4,68,68056
USER_006330,0.04166694062944768,0.003666940629447682,0,0,71,2,1,4,1,1,3,13,13025
USER_006331,0.059772956008510375,0.021772956008510376,0,0,22,2,1,7,2,2,4,11,11079
USER_006332,0.019627376177836105,-0.018372623822163894,1,1,69,2,1,5,1,1,2,11,11053
USER_006333,0.03335104802773146,-0.004648951972268542,1,1,71,1,3,5,5,2,1,11,11087
USER_006334,0.03567137324268849,-0.0023286267573115124,1,1,64,2,2,7,0,1,4,19,19052
USER_006335,0.0382816085879122,0.0002816085879122007,0,0,55,2,3,4,1,2,4,8,8024
USER_006336,0.04126141582375296,0.0032614158237529584,0,0,52,2,2,5,1,2,2,11,11043
USER_006337,0.050363664360882895,0.012363664360882896,0,0,47,1,2,3,1,1,1,11,11097
USER_006338,0.033327897427442646,-0.004672102572557353,1,1,67,2,2,6,2,1,1,11,11085
USER_006339,0.042085430304296886,0.004085430304296887,0,0,42,2,1,5,1,1,2,11,11035
USER_006340,0.039323156645139225,0.0013231566451392257,0,0,41,2,2,4,5,1,3,76,76094
USER_006341,0.026111651441632754,-0.011888348558367245,1,1,47,2,2,6,4,1,3,68,68040
USER_006342,0.03829499966377847,0.0002949996637784738,0,0,37,2,2,4,2,1,4,68,68030
USER_006343,0.03784510705154323,-0.0001548929484567682,1,1,71,1,2,3,1,1,4,11,11090
USER_006344,0.03752379152495431,-0.0004762084750456891,1,1,20,2,3,4,1,1,4,25,25048
USER_006345,0.04047639184872176,0.002476391848721761,0,0,49,1,1,5,3,1,2,52,52095
USER_006346,0.041135103109200793,0.0031351031092007944,0,0,25,2,1,5,3,1,3,5,5087
USER_006347,0.03351557231339005,-0.004484427686609949,1,0,68,2,1,3,1,1,3,5,5034
USER_006348,0.05909072100956897,0.02109072100956897,0,0,67,2,1,5,0,1,3,11,11047
USER_006349,0.022457790561954752,-0.015542209438045247,1,1,64,2,3,5,0,2,1,11,11025
USER_006350,0.029185448372951558,-0.008814551627048441,1,1,40,2,3,8,2,1,3,11,11074
USER_006351,0.08169945436335334,0.04369945436335334,0,0,63,2,2,5,1,1,2,11,11061
USER_006352,0.024430129675161553,-0.013569870324838446,1,0,33,2,2,2,1,2,1,66,66012
USER_006353,0.019693679879353623,-0.018306320120646376,1,1,52,1,1,2,0,2,2,66,66071
USER_006354,0.05101715117501827,0.013017151175018268,0,0,42,2,2,4,1,1,4,63,63093
USER_006355,0.008843202193391892,-0.029156797806608105,1,1,32,1,3,3,1,1,4,11,11031
USER_006356,0.03647089135041342,-0.0015291086495865802,1,1,68,2,1,3,0,2,3,11,11034
USER_006357,0.07218737387614732,0.03418737387614732,0,0,25,2,1,9,1,1,4,68,68080
USER_006358,0.016825961167698994,-0.021174038832301005,1,1,51,2,1,2,0,2,3,68,68083
USER_006359,0.010270532713919303,-0.027729467286080695,1,1,42,2,2,4,2,1,2,11,11013
USER_006360,0.01751228197063453,-0.02048771802936547,1,1,66,1,1,5,1,2,3,25,25025
USER_006361,0.053475393525204785,0.015475393525204786,0,0,61,2,1,4,2,1,2,54,54032
USER_006362,0.05687165079978719,0.01887165079978719,0,0,36,1,1,7,1,1,4,73,73025
USER_006363,0.032311168045322365,-0.005688831954677634,1,1,60,2,2,5,2,1,3,8,8074
USER_006364,0.050248186060016034,0.012248186060016035,0,0,67,1,3,2,1,2,5,25,25047
USER_006365,0.06085382991267985,0.022853829912679847,0,0,30,2,2,3,0,1,3,73,73052
USER_006366,0.06681019621644738,0.028810196216447377,0,1,63,2,1,6,1,2,4,11,11082
USER_006367,0.03630497078230228,-0.0016950292176977216,1,1,29,2,1,6,5,2,4,8,8058
USER_006368,0.0054779242349502,-0.0325220757650498,1,1,32,1,1,5,4,2,2,8,8023
USER_006369,0.0276868161638547,-0.010313183836145299,1,1,40,1,1,6,0,1,5,8,8034
USER_006370,0.033597937075971133,-0.0044020629240288656,1,1,70,2,1,5,1,1,3,8,8048
USER_006371,0.03611591805132414,-0.0018840819486758559,1,1,57,2,1,7,1,1,2,11,11002
USER_006372,0.037182108984869205,-0.0008178910151307936,1,1,19,2,1,3,0,1,1,52,52028
USER_006373,0.05678341896896004,0.01878341896896004,0,0,57,1,1,4,2,1,4,5,5059
USER_006374,0.05911642640031372,0.02111642640031372,0,0,40,2,1,3,3,1,3,11,11008
USER_006375,0.03742489519112825,-0.0005751048088717473,1,1,22,2,1,2,0,1,3,25,25037
USER_006376,0.05647727314077728,0.01847727314077728,0,0,51,1,2,2,3,1,2,11,11005
USER_006377,0.04536492049946634,0.00736492049946634,0,0,27,2,2,4,2,1,3,8,8029
USER_006378,0.04096758959293858,0.00296758959293858,0,0,44,2,1,2,1,2,1,8,8018
USER_006379,0.05359816235664946,0.015598162356649459,0,0,72,1,2,2,0,1,5,76,76050
USER_006380,0.04108378072356874,0.003083780723568741,0,0,59,1,3,6,0,1,2,11,11059
USER_006381,0.07086716765646643,0.03286716765646643,0,0,21,2,1,4,2,2,2,52,52053
USER_006382,0.018423832498081615,-0.019576167501918384,1,1,21,2,2,3,2,1,2,52,52019
USER_006383,0.03227243651361973,-0.005727563486380267,1,1,25,1,1,3,0,1,4,47,47053
USER_006384,0.038102216545690744,0.00010221654569074479,0,0,23,1,1,5,2,1,1,63,63083
USER_006385,0.04659179035686986,0.008591790356869862,0,0,42,2,1,6,0,1,3,11,11067
USER_006386,0.05901940730654633,0.021019407306546334,0,0,44,2,1,7,1,2,4,25,25049
USER_006387,0.03963402149145765,0.0016340214914576517,0,0,64,2,2,11,0,1,4,11,11006
USER_006388,0.018666555257406896,-0.019333444742593103,1,1,67,1,1,3,2,1,3,11,11091
USER_006389,0.05263770844682506,0.014637708446825062,0,0,70,1,2,3,0,1,3,76,76008
USER_006390,0.051324381492129464,0.013324381492129465,0,0,71,2,2,6,2,1,4,50,50010
USER_006391,0.010872120109308912,-0.027127879890691087,1,0,57,1,3,6,0,1,2,11,11037
USER_006392,0.03994293799493801,0.0019429379949380127,0,0,37,2,2,4,0,1,2,73,73009
USER_006393,0.016147872539795532,-0.021852127460204467,1,1,44,1,1,2,0,2,2,19,19083
USER_006394,0.030030233537469062,-0.007969766462530937,1,1,24,2,2,5,0,1,4,11,11049
USER_006395,0.026457866095558006,-0.011542133904441993,1,1,40,2,1,4,0,2,4,13,13097
USER_006396,0.05213897047362979,0.014138970473629789,0,0,37,2,3,3,1,1,2,25,25061
USER_006397,0.04175245261258276,0.0037524526125827587,0,0,66,2,2,4,1,2,4,11,11099
USER_006398,0.02071613498865959,-0.01728386501134041,1,1,68,2,1,6,4,1,3,11,11095
USER_006399,0.053200989444360136,0.015200989444360137,0,0,51,2,2,6,0,1,3,11,11080
USER_006400,0.018492912641073785,-0.019507087358926214,1,1,46,2,1,6,2,2,5,25,25062
USER_006401,0.04495170685706416,0.006951706857064158,0,0,61,1,1,4,1,2,2,11,11014
USER_006402,0.02778983996062666,-0.01021016003937334,1,1,68,2,2,8,0,2,4,68,68084
USER_006403,0.034514843762042204,-0.0034851562379577955,1,1,22,1,1,5,2,1,4,73,73034
USER_006404,0.047564061220575764,0.009564061220575765,0,0,44,2,2,8,4,1,5,11,11060
USER_006405,0.04782174098589294,0.00982174098589294,0,0,29,2,1,5,1,2,4,11,11055
USER_006406,0.060054536103339405,0.022054536103339406,0,0,34,2,2,4,0,2,3,63,63048
USER_006407,0.0387661945049282,0.0007661945049282012,0,0,54,2,3,3,1,1,4,8,8008
USER_006408,0.04459676294445011,0.006596762944450114,0,0,51,1,2,3,1,1,1,68,68005
USER_006409,0.03343394016393513,-0.004566059836064867,1,1,47,2,2,6,2,1,1,13,13071
USER_006410,0.042729848239341964,0.004729848239341965,0,0,53,2,3,5,2,2,3,11,11065
USER_006411,0.046592290720127674,0.008592290720127675,0,0,23,2,1,3,1,1,4,68,68016
USER_006412,0.038525352288184364,0.000525352288184365,0,0,49,2,1,6,0,1,1,50,50026
USER_006413,0.012943742738612558,-0.02505625726138744,1,1,49,2,1,6,2,1,4,5,5073
USER_006414,0.044972063444963434,0.006972063444963435,0,0,26,2,1,4,1,1,4,76,76029
USER_006415,0.04546842216033185,0.007468422160331854,0,1,39,2,3,8,0,1,2,76,76027
USER_006416,0.02979739785478074,-0.00820260214521926,1,1,27,2,1,6,0,1,3,68,68042
USER_006417,0.02073419445891229,-0.017265805541087708,1,0,46,2,1,3,0,1,3,68,68088
USER_006418,0.06213818725755948,0.02413818725755948,0,0,28,1,1,2,5,1,3,8,8046
USER_006419,0.047371682663416036,0.009371682663416037,0,0,45,2,1,4,2,1,1,8,8074
USER_006420,0.03656378453617436,-0.0014362154638256422,1,1,19,2,1,7,1,1,2,8,8007
USER_006421,0.02294450675278769,-0.01505549324721231,1,1,73,2,1,3,3,2,5,11,11092
USER_006422,0.02767277757367981,-0.010327222426320188,1,0,38,2,1,2,2,1,3,11,11020
USER_006423,0.05953885595179347,0.021538855951793473,0,0,74,2,3,5,2,2,4,11,11044
USER_006424,0.04206492911302069,0.004064929113020692,0,0,48,1,1,5,2,1,3,50,50098
USER_006425,0.031741193994989404,-0.006258806005010595,1,1,58,2,1,6,0,1,4,11,11093
USER_006426,0.04764533846836984,0.00964533846836984,0,1,69,2,2,5,2,1,4,25,25054
USER_006427,0.027784027188305145,-0.010215972811694854,1,1,34,2,1,5,2,1,1,52,52041
USER_006428,0.06251264545420568,0.02451264545420568,0,0,44,2,2,3,1,1,3,11,11002
USER_006429,0.060292008023450874,0.022292008023450875,0,0,47,2,2,7,0,1,5,76,76066
USER_006430,0.03300138893195835,-0.004998611068041649,1,1,58,2,3,3,3,1,4,68,68060
USER_006431,0.030569946294537097,-0.007430053705462902,1,1,74,2,2,7,1,1,4,54,54017
USER_006432,0.0007280020196158189,-0.03727199798038418,1,1,25,2,1,2,1,1,3,76,76094
USER_006433,0.017776288426729483,-0.020223711573270516,1,1,54,2,1,6,1,2,2,8,8074
USER_006434,0.01990795337563366,-0.01809204662436634,1,1,22,2,1,3,2,1,2,8,8032
USER_006435,0.04202785511481079,0.00402785511481079,0,0,43,2,1,4,2,2,2,11,11051
USER_006436,0.035106494433379605,-0.002893505566620394,1,1,23,1,1,2,0,1,5,11,11061
USER_006437,0.01981996768877138,-0.018180032311228618,1,1,33,2,1,5,0,1,5,52,52071
USER_006438,0.03578253936303164,-0.0022174606369683575,1,1,18,1,2,8,1,2,4,76,76022
USER_006439,0.04758005721471023,0.009580057214710232,0,0,26,2,1,4,0,1,3,73,73081
USER_006440,0.04791759024873381,0.009917590248733808,0,0,38,2,1,6,1,1,3,50,50015
USER_006441,0.011504945787116784,-0.026495054212883215,1,1,24,2,1,8,0,1,4,11,11038
USER_006442,0.03807604779274254,7.604779274254098e-05,0,0,60,1,2,4,3,1,1,25,25058
USER_006443,0.019249888345425847,-0.01875011165457415,1,1,32,1,2,5,0,1,3,63,63060
USER_006444,0.053525930457104104,0.015525930457104105,0,1,41,2,1,6,1,1,3,66,66079
USER_006445,0.051762196245302476,0.013762196245302477,0,0,22,2,2,4,1,1,1,76,76091
USER_006446,0.026529591605133122,-0.011470408394866877,1,1,68,2,1,4,1,2,1,8,8046
USER_006447,0.028509321963994003,-0.009490678036005996,1,1,55,1,1,5,4,1,2,73,73001
USER_006448,0.03308099424252539,-0.004919005757474608,1,1,72,2,1,4,1,1,3,11,11043
USER_006449,0.006208099079029914,-0.03179190092097008,1,1,46,2,1,9,1,1,4,50,50030
USER_006450,0.04503952260160865,0.007039522601608651,0,0,63,2,3,7,0,1,3,52,52045
USER_006451,0.03590733180489804,-0.0020926681951019613,1,1,69,1,1,6,0,1,4,11,11009
USER_006452,0.05455262623851789,0.016552626238517894,0,0,74,1,2,6,3,1,2,11,11055
USER_006453,0.023523861730561712,-0.014476138269438287,1,1,63,2,2,3,1,1,3,11,11024
USER_006454,0.030713155776251028,-0.007286844223748971,1,1,28,2,2,7,1,1,4,11,11041
USER_006455,0.01740212112941327,-0.020597878870586728,1,1,21,1,1,4,1,1,4,66,66008
USER_006456,0.024935641547586204,-0.013064358452413796,1,0,27,2,1,3,4,1,5,11,11011
USER_006457,0.022270270058976725,-0.015729729941023275,1,1,51,1,1,4,1,1,1,54,54029
USER_006458,0.05493960518269668,0.01693960518269668,0,0,74,2,1,6,1,1,4,11,11026
USER_006459,0.029526072268729116,-0.008473927731270883,1,0,21,1,2,9,0,2,5,13,13071
USER_006460,0.0418626352711692,0.0038626352711692014,0,0,69,1,1,5,1,1,5,11,11040
USER_006461,0.034288548942072936,-0.0037114510579270635,1,0,27,2,2,7,1,1,3,73,73010
USER_006462,0.020958021009807808,-0.01704197899019219,1,1,50,1,1,4,2,2,3,66,66091
USER_006463,0.03747549365242536,-0.0005245063475746367,1,1,63,1,1,5,1,1,3,5,5068
USER_006464,0.04898654997795392,0.010986549977953924,0,0,35,2,2,4,0,1,3,11,11035
USER_006465,0.021883609111849715,-0.016116390888150284,1,1,29,1,2,5,2,1,3,11,11054
USER_006466,0.05213669186097068,0.014136691860970683,0,0,68,2,1,4,0,2,2,25,25024
USER_006467,0.027254186177834556,-0.010745813822165443,1,1,40,1,3,4,0,1,4,11,11060
USER_006468,0.03275524110890739,-0.0052447588910926116,1,1,61,2,1,5,2,2,3,25,25058
USER_006469,0.04796024684515072,0.00996024684515072,0,0,42,2,2,5,0,1,5,11,11026
USER_006470,0.03004845764170768,-0.007951542358292318,1,1,54,1,1,1,3,2,2,13,13059
USER_006471,0.04056362289003799,0.0025636228900379893,0,0,21,2,1,8,1,2,3,13,13027
USER_006472,0.03527963756817861,-0.002720362431821388,1,1,30,2,3,4,0,1,1,66,66059
USER_006473,0.04194052010055728,0.003940520100557281,0,0,35,1,2,3,0,1,2,47,47030
USER_006474,0.004288913417147544,-0.033711086582852455,1,1,46,2,1,4,4,1,4,11,11032
USER_006475,0.012554772771878758,-0.02544522722812124,1,1,61,2,2,4,1,1,3,66,66059
USER_006476,0.04923950509070257,0.011239505090702574,0,0,47,1,1,1,2,2,5,11,11026
USER_006477,0.05555772108473576,0.01755772108473576,0,0,65,2,2,4,3,1,3,11,11093
USER_006478,0.026342699447027183,-0.011657300552972816,1,1,72,1,2,5,2,1,3,8,8042
USER_006479,0.03633957471743299,-0.0016604252825670116,1,1,55,2,1,4,2,2,5,52,52084
USER_006480,0.044420788793534526,0.0064207887935345265,0,0,45,1,3,6,1,1,1,11,11024
USER_006481,0.05039826402488056,0.012398264024880562,0,0,24,2,1,2,0,2,3,13,13034
USER_006482,0.009584840924937272,-0.02841515907506273,1,1,41,1,1,7,0,1,5,73,73001
USER_006483,0.026709396295324345,-0.011290603704675654,1,1,58,1,1,1,1,2,2,19,19081
USER_006484,0.035011309302251874,-0.0029886906977481253,1,1,27,2,3,3,1,1,1,11,11096
USER_006485,0.050547102958540736,0.012547102958540737,0,0,54,1,2,4,3,2,2,54,54050
USER_006486,0.07747645725582242,0.03947645725582242,0,0,44,2,1,2,1,1,3,63,63022
USER_006487,0.03657991409785423,-0.0014200859021457693,1,1,38,1,1,4,4,2,2,76,76087
USER_006488,0.01889533806844017,-0.019104661931559828,1,1,53,1,1,1,0,2,3,8,8025
USER_006489,0.046034021158019474,0.008034021158019475,0,1,60,2,1,4,2,1,4,11,11095
USER_006490,0.05981493684311065,0.02181493684311065,0,0,68,1,1,6,3,1,2,11,11081
USER_006491,0.04162021181469251,0.003620211814692513,0,0,46,2,1,6,1,1,3,25,25086
USER_006492,0.02640027182268561,-0.011599728177314389,1,1,24,2,1,10,1,1,3,73,73079
USER_006493,0.054369909122200286,0.016369909122200287,0,0,30,2,1,7,0,2,3,25,25029
USER_006494,0.049953184277476526,0.011953184277476527,0,0,62,1,2,3,1,1,4,11,11081
USER_006495,0.024608787337065636,-0.013391212662934363,1,1,70,2,1,4,0,1,3,13,13071
USER_006496,0.04572138426301513,0.007721384263015128,0,0,40,2,2,3,0,1,1,63,63064
USER_006497,0.05495898351488309,0.01695898351488309,0,1,67,1,1,4,0,2,3,25,25051
USER_006498,0.057728350638383406,0.019728350638383407,0,0,74,2,1,4,2,1,1,11,11026
USER_006499,0.03900326537035816,0.001003265370358164,0,1,42,2,2,6,1,1,4,54,54089
USER_006500,0.034628808307310216,-0.003371191692689783,1,1,58,1,1,4,1,1,4,54,54049
USER_006501,0.05840910733121894,0.020409107331218944,0,0,62,2,2,4,0,1,3,76,76036
USER_006502,0.02184759245528672,-0.01615240754471328,1,1,30,2,1,4,0,1,3,68,68070
USER_006503,0.04657868936381508,0.008578689363815083,0,0,54,1,1,4,1,1,3,68,68039
USER_006504,0.019449600589533562,-0.018550399410466437,1,0,47,1,3,2,1,1,4,73,73041
USER_006505,0.05598064408389404,0.01798064408389404,0,0,43,2,2,3,3,1,5,50,50004
USER_006506,0.03612931726583258,-0.0018706827341674198,1,1,29,1,2,4,0,2,4,25,25014
USER_006507,0.05902874853471204,0.02102874853471204,0,0,74,1,1,7,2,1,3,5,5086
USER_006508,0.04737119134533291,0.009371191345332909,0,0,18,2,1,12,0,1,2,13,13086
USER_006509,0.021651696549071054,-0.016348303450928945,1,1,35,1,2,6,1,1,2,25,25046
USER_006510,0.06136941598115865,0.023369415981158652,0,0,38,2,1,4,0,1,3,73,73025
USER_006511,0.06326867899641594,0.025268678996415946,0,0,70,1,1,3,2,1,1,25,25053
USER_006512,0.05323429738898824,0.015234297388988238,0,0,71,1,2,3,1,1,3,47,47031
USER_006513,0.028576182024456703,-0.009423817975543296,1,1,41,1,2,7,1,1,2,50,50005
USER_006514,0.03540979068463887,-0.002590209315361129,1,1,34,2,2,4,0,2,2,73,73041
USER_006515,0.04218140826108639,0.004181408261086393,0,0,59,2,2,3,0,1,3,13,13063
USER_006516,0.029444344010028503,-0.008555655989971496,1,1,26,2,3,9,1,2,3,73,73028
USER_006517,0.06538519858694807,0.027385198586948066,0,0,69,2,1,5,3,2,3,25,25073
USER_006518,0.04216489707589055,0.0041648970758905515,0,0,57,1,1,6,4,1,2,8,8045
USER_006519,0.0,-0.038,1,1,45,1,2,6,1,1,3,13,13048
USER_006520,0.045090337191343303,0.007090337191343304,0,0,32,2,1,2,0,2,2,8,8089
USER_006521,0.034777639047740304,-0.003222360952259695,1,1,30,1,1,3,0,1,5,11,11063
USER_006522,0.038876101658223285,0.0008761016582232856,0,1,45,1,2,6,2,1,4,11,11031
USER_006523,0.03447070951321451,-0.0035292904867854913,1,1,70,1,2,4,0,2,2,76,76064
USER_006524,0.05210569624910032,0.014105696249100318,0,0,34,2,2,3,1,1,3,25,25066
USER_006525,0.05679531667830072,0.01879531667830072,0,1,26,2,1,2,0,1,2,76,76078
USER_006526,0.044245797433879804,0.0062457974338798045,0,0,73,2,3,3,3,2,1,11,11060
USER_006527,0.034910332192927614,-0.0030896678070723854,1,1,38,2,2,3,0,1,2,52,52009
USER_006528,0.03937994192786245,0.0013799419278624492,0,0,47,2,2,4,2,1,2,25,25094
USER_006529,0.04029399424866442,0.002293994248664423,0,0,28,2,1,4,1,1,4,13,13085
USER_006530,0.027963549402027447,-0.010036450597972552,1,1,47,1,1,2,1,1,5,73,73092
USER_006531,0.048683929728568526,0.010683929728568527,0,0,53,1,1,3,2,2,2,25,25098
USER_006532,0.04690063485790699,0.008900634857906993,0,0,73,2,2,4,1,1,5,13,13042
USER_006533,0.0631066185966501,0.025106618596650095,0,0,42,1,2,8,1,1,4,11,11035
USER_006534,0.05883024670432713,0.020830246704327128,0,0,24,1,2,9,0,2,4,63,63074
USER_006535,0.029714876236148047,-0.008285123763851952,1,1,37,1,1,4,2,1,1,47,47077
USER_006536,0.05230447561763447,0.014304475617634468,0,0,72,1,2,2,0,1,2,11,11098
USER_006537,0.025735699253582926,-0.012264300746417073,1,1,71,1,2,5,0,1,3,66,66026
USER_006538,0.050438981514112746,0.012438981514112747,0,0,52,2,2,7,3,2,4,73,73082
USER_006539,0.03225078701859838,-0.005749212981401616,1,1,27,1,3,4,2,1,2,52,52073
USER_006540,0.024651201649366235,-0.013348798350633764,1,1,52,1,2,4,1,2,3,19,19090
USER_006541,0.044200680140461066,0.0062006801404610665,0,0,18,2,1,5,5,1,3,66,66002
USER_006542,0.0,-0.038,1,1,31,2,2,2,0,1,2,25,25048
USER_006543,0.013735366383921583,-0.024264633616078418,1,1,62,2,1,8,3,1,3,5,5048
USER_006544,0.03733762174338575,-0.0006623782566142489,1,1,22,2,1,6,1,1,3,50,50074
USER_006545,0.04123662649952264,0.003236626499522638,0,0,57,1,2,3,0,1,2,63,63069
USER_006546,0.034460218447627165,-0.0035397815523728338,1,1,61,2,1,6,0,1,2,11,11092
USER_006547,0.01630845551923602,-0.021691544480763977,1,1,55,2,1,4,1,1,1,11,11080
USER_006548,0.02773162236792242,-0.01026837763207758,1,1,73,2,2,3,1,2,3,11,11095
USER_006549,0.04586813990856091,0.00786813990856091,0,0,72,2,3,6,0,2,4,52,52024
USER_006550,0.04872672655942544,0.010726726559425442,0,0,51,2,3,3,1,1,3,11,11050
USER_006551,0.03975665323606088,0.001756653236060883,0,0,41,2,2,4,2,2,3,54,54053
USER_006552,0.057352506715554835,0.019352506715554836,0,0,21,2,3,5,2,1,5,8,8074
USER_006553,0.045960955351888516,0.007960955351888517,0,0,44,2,2,3,1,1,5,25,25058
USER_006554,0.028788165190626817,-0.009211834809373182,1,0,22,2,1,9,0,2,3,63,63045
USER_006555,0.03579246919882574,-0.002207530801174258,1,1,60,2,1,4,2,1,3,52,52024
USER_006556,0.01895700764188218,-0.01904299235811782,1,1,30,1,1,7,1,1,3,50,50037
USER_006557,0.03837791514412875,0.0003779151441287501,0,0,57,2,1,3,1,1,2,54,54026
USER_006558,0.05668150928832008,0.018681509288320082,0,0,38,2,2,8,1,1,2,8,8020
USER_006559,0.05027935127066452,0.01227935127066452,0,0,54,1,1,3,0,1,3,25,25013
USER_006560,0.06103013988878683,0.023030139888786834,0,0,49,2,2,7,4,1,5,66,66086
USER_006561,0.035456721343015106,-0.002543278656984893,1,1,55,2,2,4,3,1,3,19,19021
USER_006562,0.06019149691771387,0.022191496917713868,0,0,48,2,1,1,1,1,3,11,11094
USER_006563,0.037100436603280454,-0.0008995633967195452,1,1,49,2,1,5,2,1,4,8,8068
USER_006564,0.06207377623854841,0.02407377623854841,0,0,32,2,2,2,1,2,3,68,68008
USER_006565,0.039672148788368146,0.0016721487883681468,0,0,72,2,2,1,2,1,3,73,73086
USER_006566,0.05060847060706415,0.012608470607064153,0,0,74,1,1,4,4,2,3,50,50057
USER_006567,0.062126685464647835,0.024126685464647836,0,0,65,1,3,5,1,1,4,5,5077
USER_006568,0.037098585571281914,-0.000901414428718085,1,1,47,2,1,5,1,2,4,5,5033
USER_006569,0.04327583481316261,0.005275834813162614,0,0,60,2,1,3,0,1,2,11,11078
USER_006570,0.05933295137809454,0.021332951378094538,0,0,24,2,2,2,1,2,1,5,5090
USER_006571,0.03800495254104905,4.9525410490483535e-06,0,0,55,1,1,8,0,2,5,25,25075
USER_006572,0.020186615762407586,-0.017813384237592413,1,1,48,1,2,3,3,1,2,11,11071
USER_006573,0.07214510581877365,0.03414510581877365,0,0,61,2,2,4,1,1,3,11,11075
USER_006574,0.03295353303494295,-0.005046466965057048,1,1,43,2,2,4,2,1,3,13,13003
USER_006575,0.04238134076406314,0.0043813407640631435,0,1,53,2,1,3,0,2,1,11,11082
USER_006576,0.05734010004176691,0.01934010004176691,0,0,63,2,2,3,1,1,4,25,25068
USER_006577,0.030872591444031972,-0.007127408555968027,1,1,60,1,1,6,1,1,2,8,8010
USER_006578,0.02488198130166805,-0.01311801869833195,1,1,43,1,1,4,2,1,4,11,11095
USER_006579,0.0438060594516225,0.005806059451622499,0,0,61,2,1,5,0,1,2,8,8012
USER_006580,0.013103854031314158,-0.02489614596868584,1,1,19,1,1,5,3,1,2,68,68052
USER_006581,0.0356814088469812,-0.002318591153018801,1,1,60,1,2,3,1,2,2,11,11034
USER_006582,0.04367557996473109,0.005675579964731094,0,0,62,1,1,8,1,1,4,63,63021
USER_006583,0.035950721547622536,-0.0020492784523774635,1,1,60,1,1,5,1,1,2,8,8016
USER_006584,0.016848235852213792,-0.021151764147786207,1,1,26,1,2,5,0,1,3,63,63028
USER_006585,0.06391266934306018,0.025912669343060184,0,0,70,2,2,2,2,1,3,25,25062
USER_006586,0.04155307230923763,0.003553072309237633,0,0,65,2,2,6,1,1,2,63,63029
USER_006587,0.061467281766426116,0.023467281766426117,0,0,22,1,2,3,0,1,1,25,25037
USER_006588,0.03609945624729333,-0.0019005437527066724,1,1,44,2,1,5,1,1,4,11,11070
USER_006589,0.026799820274638543,-0.011200179725361456,1,1,29,1,1,6,0,1,2,8,8059
USER_006590,0.0440377138038274,0.006037713803827401,0,0,52,1,1,8,1,1,5,11,11027
USER_006591,0.036763193105076704,-0.0012368068949232952,1,1,46,2,2,2,1,2,3,19,19084
USER_006592,0.022333578130129633,-0.015666421869870367,1,0,33,2,2,5,3,1,2,25,25022
USER_006593,0.06204676388181243,0.024046763881812434,0,0,36,2,1,6,3,1,1,25,25002
USER_006594,0.03066594665659006,-0.0073340533434099395,1,1,66,1,2,7,1,1,3,47,47018
USER_006595,0.012396004228066481,-0.025603995771933518,1,1,60,1,1,3,1,1,3,8,8085
USER_006596,0.05992249080935999,0.02192249080935999,0,0,70,2,2,3,1,1,3,68,68006
USER_006597,0.03243552976281065,-0.0055644702371893465,1,1,68,1,2,3,0,2,4,68,68023
USER_006598,0.030882641610765635,-0.007117358389234364,1,1,44,2,1,4,0,1,4,50,50098
USER_006599,0.013519186194550392,-0.024480813805449607,1,1,35,1,2,4,1,1,4,66,66014
USER_006600,0.06611412229895486,0.02811412229895486,0,0,58,2,2,5,0,1,2,11,11059
USER_006601,0.02065779119185469,-0.01734220880814531,1,1,30,2,1,5,3,2,3,25,25068
USER_006602,0.04087674221058475,0.0028767422105847526,0,0,47,2,1,2,2,2,5,11,11080
USER_006603,0.053689304838106605,0.015689304838106606,0,0,43,2,1,5,1,1,1,25,25021
USER_006604,0.04632575399504645,0.008325753995046453,0,0,23,1,1,2,2,1,3,76,76083
USER_006605,0.03910518532011713,0.0011051853201171288,0,0,20,2,1,5,1,1,2,11,11093
USER_006606,0.014475012125688759,-0.02352498787431124,1,1,40,2,1,5,2,2,4,11,11025
USER_006607,0.02785412746349074,-0.010145872536509257,1,1,29,1,1,6,2,2,2,66,66040
USER_006608,0.042817005070637834,0.004817005070637835,0,0,58,1,1,5,0,1,4,13,13083
USER_006609,0.028192388950195057,-0.009807611049804942,1,1,58,1,2,6,2,1,4,11,11062
USER_006610,0.04305039189998151,0.005050391899981514,0,0,32,1,1,4,0,1,4,11,11077
USER_006611,0.05022615113222713,0.01222615113222713,0,0,18,2,1,3,1,2,3,25,25022
USER_006612,0.054437543287001525,0.016437543287001526,0,0,67,2,1,2,1,1,4,25,25028
USER_006613,0.02160730963280975,-0.01639269036719025,1,1,64,2,1,3,1,1,3,73,73009
USER_006614,0.07294969082468432,0.03494969082468432,0,0,25,2,2,6,1,1,2,25,25017
USER_006615,0.05151219016831196,0.013512190168311962,0,0,48,2,1,5,1,1,2,25,25034
USER_006616,0.03997428769496404,0.001974287694964043,0,0,28,2,3,4,2,1,2,25,25005
USER_006617,0.05634304874614961,0.018343048746149608,0,0,34,1,1,4,1,2,3,68,68007
USER_006618,0.0754811165799996,0.037481116579999606,0,0,44,1,2,4,0,1,3,8,8031
USER_006619,0.01841919848414696,-0.01958080151585304,1,1,48,1,3,5,2,1,2,19,19093
USER_006620,0.036621060362629694,-0.001378939637370305,1,1,44,2,1,4,1,2,5,68,68071
USER_006621,0.004323525101900076,-0.033676474898099926,1,1,31,2,2,3,2,1,1,5,5072
USER_006622,0.04288977298972037,0.004889772989720369,0,0,68,2,1,4,0,1,3,63,63050
USER_006623,0.045480913628877115,0.007480913628877116,0,0,40,2,1,5,1,1,1,11,11034
USER_006624,0.03941256826835861,0.001412568268358609,0,0,73,2,2,6,0,1,2,63,63081
USER_006625,0.03018199643502535,-0.007818003564974647,1,0,22,2,1,4,2,1,3,47,47004
USER_006626,0.009257282257175124,-0.028742717742824875,1,1,47,1,2,4,0,1,3,13,13046
USER_006627,0.04560300525117653,0.007603005251176534,0,0,51,1,1,3,2,2,3,66,66024
USER_006628,0.06183151725872987,0.023831517258729874,0,0,64,2,2,7,1,1,3,11,11058
USER_006629,0.03113472316399852,-0.00686527683600148,1,1,36,2,3,5,2,1,3,13,13031
USER_006630,0.046600898935347176,0.008600898935347177,0,0,74,1,2,5,2,1,2,8,8012
USER_006631,0.016477835298699242,-0.021522164701300757,1,1,48,1,1,6,0,1,2,11,11057
USER_006632,0.04685819595538771,0.008858195955387713,0,0,33,1,1,5,2,2,1,25,25088
USER_006633,0.03409926553383014,-0.0039007344661698556,1,1,62,2,3,2,0,1,1,11,11052
USER_006634,0.028563730740956285,-0.009436269259043714,1,1,44,2,2,4,2,1,3,11,11059
USER_006635,0.028594545381758044,-0.009405454618241955,1,1,43,2,1,3,0,1,3,19,19073
USER_006636,0.03409582626950485,-0.0039041737304951474,1,1,56,2,1,4,3,1,4,11,11005
USER_006637,0.045736499735388035,0.007736499735388036,0,0,46,2,1,5,1,1,1,68,68097
USER_006638,0.020317551982067236,-0.017682448017932763,1,1,66,2,1,4,1,1,2,68,68033
USER_006639,0.034043270026482206,-0.003956729973517793,1,1,68,1,1,2,1,1,3,73,73055
USER_006640,0.03937792333001278,0.0013779233300127841,0,0,74,2,1,5,2,1,2,76,76045
USER_006641,0.023514411632022114,-0.014485588367977885,1,1,56,2,1,3,2,1,4,11,11085
USER_006642,0.06694997802512526,0.028949978025125257,0,0,61,2,3,4,0,1,4,25,25069
USER_006643,0.027197567799079878,-0.010802432200920122,1,1,62,2,2,3,4,2,5,11,11007
USER_006644,0.029958446295497643,-0.008041553704502356,1,1,46,1,1,2,2,1,2,11,11092
USER_006645,0.02532538075266253,-0.012674619247337468,1,0,62,2,1,3,3,1,2,11,11072
USER_006646,0.06697720130707176,0.028977201307071758,0,0,63,2,2,8,1,1,2,11,11036
USER_006647,0.04829357842899222,0.010293578428992221,0,0,64,1,1,4,1,1,3,19,19014
USER_006648,0.02595111990634537,-0.01204888009365463,1,1,48,2,1,3,1,1,2,11,11004
USER_006649,0.05659347338289953,0.01859347338289953,0,0,19,1,2,8,1,1,4,8,8024
USER_006650,0.043010480414333176,0.005010480414333177,0,0,23,1,1,6,2,1,1,13,13036
USER_006651,0.04385880131667253,0.005858801316672532,0,0,26,2,1,4,2,2,4,25,25061
USER_006652,0.03483284186871321,-0.0031671581312867902,1,1,32,2,2,3,1,1,3,66,66008
USER_006653,0.0287587601956454,-0.009241239804354599,1,1,37,1,1,4,2,2,4,25,25098
USER_006654,0.045066491485819024,0.007066491485819025,0,0,65,2,1,4,2,1,2,54,54033
USER_006655,0.03182369155006615,-0.0061763084499338525,1,1,19,1,1,6,0,2,3,68,68062
USER_006656,0.06725133444362658,0.029251334443626577,0,0,20,1,1,2,3,1,2,52,52023
USER_006657,0.020960633421353438,-0.01703936657864656,1,1,72,1,2,6,2,1,2,11,11016
USER_006658,0.06304235159282418,0.025042351592824176,0,0,69,1,2,9,3,1,3,50,50084
USER_006659,0.03833021726803299,0.00033021726803299234,0,0,72,1,2,6,1,1,3,76,76018
USER_006660,0.04448628601031659,0.006486286010316589,0,0,70,2,2,7,1,2,3,66,66041
USER_006661,0.05249736649944152,0.01449736649944152,0,0,47,2,1,7,0,1,4,25,25020
USER_006662,0.030546260574933457,-0.007453739425066542,1,1,25,2,1,6,0,1,3,68,68078
USER_006663,0.052963725770479544,0.014963725770479545,0,0,57,2,1,3,3,1,2,8,8081
USER_006664,0.0,-0.038,1,1,38,2,1,5,0,2,3,63,63007
USER_006665,0.029200157001670914,-0.008799842998329085,1,1,56,2,1,3,2,1,4,50,50081
USER_006666,0.02613905788988402,-0.011860942110115978,1,1,60,2,2,5,1,2,4,11,11001
USER_006667,0.021197409814423578,-0.01680259018557642,1,1,71,2,1,5,1,1,2,66,66041
USER_006668,0.03677567742881573,-0.0012243225711842665,1,1,30,2,1,6,1,2,2,73,73093
USER_006669,0.04578624952272542,0.0077862495227254205,0,0,57,1,2,2,0,2,2,63,63041
USER_006670,0.05053989997748959,0.01253989997748959,0,0,58,1,1,2,0,1,3,54,54083
USER_006671,0.043613151358006114,0.005613151358006115,0,0,65,1,3,3,0,1,4,63,63097
USER_006672,0.030014598026596794,-0.007985401973403205,1,0,54,2,1,4,3,2,4,8,8080
USER_006673,0.04553524656737751,0.0075352465673775085,0,0,72,2,1,3,0,1,5,68,68068
USER_006674,0.04186428542276276,0.0038642854227627643,0,0,49,2,2,5,2,1,1,50,50035
USER_006675,0.05404084251904024,0.01604084251904024,0,1,31,1,2,2,2,1,3,11,11005
USER_006676,0.05165405054397275,0.01365405054397275,0,0,18,2,1,2,2,1,2,8,8016
USER_006677,0.040457146208809434,0.0024571462088094354,0,0,44,2,1,5,1,1,1,63,63043
USER_006678,0.026541204907581148,-0.011458795092418851,1,1,41,2,1,1,1,1,5,50,50028
USER_006679,0.030205747662518788,-0.007794252337481211,1,1,68,2,1,6,0,1,3,52,52002
USER_006680,0.0317531596054295,-0.006246840394570498,1,1,66,2,2,3,2,1,3,19,19098
USER_006681,0.03527100499125616,-0.002728995008743837,1,1,39,1,1,3,0,2,3,68,68014
USER_006682,0.0440207564138463,0.0060207564138463,0,1,31,1,1,4,1,2,4,73,73028
USER_006683,0.05072761585192088,0.012727615851920879,0,0,62,1,2,7,0,2,5,25,25087
USER_006684,0.03923321960476934,0.0012332196047693395,0,0,25,1,3,8,1,1,4,66,66053
USER_006685,0.04024187181850709,0.002241871818507088,0,1,44,2,1,4,1,1,4,66,66064
USER_006686,0.04214959457500007,0.004149594575000068,0,0,20,2,1,2,2,1,1,52,52064
USER_006687,0.032261420303014904,-0.005738579696985095,1,1,50,1,1,6,0,2,2,13,13039
USER_006688,0.026119116135355662,-0.011880883864644337,1,1,68,2,2,2,3,2,3,13,13045
USER_006689,0.013668431540339353,-0.024331568459660648,1,1,64,1,1,5,1,2,4,11,11053
USER_006690,0.029572759628846916,-0.008427240371153083,1,1,38,1,1,6,1,1,3,5,5081
USER_006691,0.047097181799016806,0.009097181799016807,0,0,49,1,1,5,0,2,3,11,11081
USER_006692,0.02945632842940649,-0.00854367157059351,1,1,57,2,1,5,2,1,3,50,50014
USER_006693,0.036432894438610905,-0.0015671055613890941,1,1,58,2,1,4,0,1,1,13,13039
USER_006694,0.04699646931118476,0.008996469311184759,0,0,62,2,1,4,0,1,2,50,50026
USER_006695,0.04781034244634003,0.009810342446340034,0,0,61,1,2,2,2,1,1,66,66096
USER_006696,0.023807007217509415,-0.014192992782490584,1,1,58,2,1,8,1,1,4,25,25056
USER_006697,0.05495589034680462,0.01695589034680462,0,0,49,2,2,4,0,1,4,13,13030
USER_006698,0.05691025134033228,0.01891025134033228,0,0,69,2,1,6,0,1,1,5,5056
USER_006699,0.023052252141721602,-0.014947747858278397,1,1,41,2,1,7,3,1,1,13,13044
USER_006700,0.027642446955382687,-0.010357553044617312,1,1,28,2,1,2,1,1,3,47,47055
USER_006701,0.057866360247192876,0.019866360247192877,0,0,54,1,1,8,1,1,4,68,68036
USER_006702,0.037797197181170486,-0.00020280281882951307,1,1,68,2,1,1,2,1,1,11,11013
USER_006703,0.006703330788222239,-0.03129666921177776,1,1,38,2,1,4,0,1,1,11,11042
USER_006704,0.019004777429009707,-0.018995222570990292,1,1,35,2,1,6,1,1,2,13,13077
USER_006705,0.036259455622412784,-0.001740544377587215,1,0,28,1,1,5,3,2,4,66,66090
USER_006706,0.022554360245730973,-0.015445639754269026,1,1,44,1,2,8,0,1,3,54,54094
USER_006707,0.03379864344045338,-0.004201356559546621,1,1,60,2,2,3,1,2,2,8,8034
USER_006708,0.04048594320525368,0.0024859432052536795,0,0,55,1,1,6,1,1,2,11,11053
USER_006709,0.06193381906052093,0.02393381906052093,0,0,18,2,2,4,2,2,4,73,73002
USER_006710,0.03564319125658316,-0.002356808743416837,1,1,71,2,2,6,0,1,4,54,54026
USER_006711,0.056088126993591385,0.018088126993591386,0,0,46,2,2,5,2,2,4,68,68028
USER_006712,0.061431402430551556,0.023431402430551557,0,1,38,1,1,8,2,2,1,50,50059
USER_006713,0.06151464504028114,0.02351464504028114,0,1,46,1,1,8,1,1,2,66,66045
USER_006714,0.04427131890078352,0.006271318900783522,0,0,26,2,1,7,2,1,4,63,63065
USER_006715,0.010550662782415388,-0.02744933721758461,1,0,24,2,1,6,1,1,4,63,63053
USER_006716,0.04691237298105798,0.00891237298105798,0,0,55,1,1,5,2,1,2,25,25053
USER_006717,0.05572599831720312,0.017725998317203118,0,0,48,2,1,2,0,1,3,47,47071
USER_006718,0.03878399341846874,0.0007839934184687425,0,0,44,2,1,6,3,1,5,52,52003
USER_006719,0.06616875805112873,0.028168758051128735,0,0,72,2,1,2,3,1,3,8,8095
USER_006720,0.05289750342201187,0.01489750342201187,0,0,59,2,2,8,1,1,4,73,73049
USER_006721,0.04852410065729176,0.010524100657291764,0,0,49,2,1,4,1,1,3,11,11067
USER_006722,0.05629571066808757,0.01829571066808757,0,0,22,2,1,5,1,1,2,11,11041
USER_006723,0.04500054776891317,0.007000547768913172,0,1,50,1,3,3,2,2,4,25,25015
USER_006724,0.0026078425090697,-0.0353921574909303,1,1,32,2,1,6,0,1,1,54,54035
USER_006725,0.032512915727944514,-0.0054870842720554855,1,1,74,2,2,8,1,1,4,50,50097
USER_006726,0.0579575204087178,0.019957520408717802,0,0,22,2,2,4,1,1,3,25,25082
USER_006727,0.027886129898525562,-0.010113870101474437,1,1,37,1,1,3,2,2,3,8,8063
USER_006728,0.03664791242144591,-0.0013520875785540884,1,1,55,2,1,6,2,2,3,76,76015
USER_006729,0.024327455291453932,-0.013672544708546067,1,1,54,1,1,4,3,1,4,5,5002
USER_006730,0.06675883892802655,0.028758838928026546,0,0,34,2,3,10,1,1,4,19,19079
USER_006731,0.06522238686127023,0.02722238686127023,0,0,67,1,3,5,1,1,3,68,68046
USER_006732,0.02674196657288906,-0.011258033427110938,1,1,21,2,1,3,1,2,3,5,5061
USER_006733,0.04220947000583626,0.004209470005836262,0,0,73,2,1,2,1,1,1,47,47080
USER_006734,0.029792589283539284,-0.008207410716460715,1,1,38,2,1,5,2,1,2,73,73024
USER_006735,0.04922416958547067,0.011224169585470671,0,0,72,2,1,5,0,2,1,11,11096
USER_006736,0.047645246158634934,0.009645246158634935,0,0,51,2,3,2,3,1,4,19,19044
USER_006737,0.052175583574198985,0.014175583574198986,0,0,57,2,3,6,0,2,2,73,73005
USER_006738,0.04497877671561831,0.006978776715618314,0,0,22,2,1,5,2,2,1,68,68056
USER_006739,0.08403109309582701,0.046031093095827015,0,0,21,2,1,5,1,1,4,8,8080
USER_006740,0.02458114352483892,-0.01341885647516108,1,0,74,2,1,5,1,1,4,25,25054
USER_006741,0.014340949683452288,-0.023659050316547713,1,1,39,1,1,4,1,1,2,73,73024
USER_006742,0.03410364698947808,-0.003896353010521922,1,1,31,2,3,3,1,1,1,54,54048
USER_006743,0.01648017601659599,-0.021519823983404008,1,0,21,2,2,6,2,1,3,25,25022
USER_006744,0.017613065949910113,-0.020386934050089886,1,1,25,2,1,3,2,1,3,5,5078
USER_006745,0.024980280187030496,-0.013019719812969503,1,1,20,2,1,2,2,1,5,25,25079
USER_006746,0.026167166418525588,-0.011832833581474411,1,1,63,1,3,4,1,2,5,73,73081
USER_006747,0.0256807284707491,-0.0123192715292509,1,1,46,1,2,4,1,1,2,25,25019
USER_006748,0.047773284256681176,0.009773284256681176,0,1,43,1,1,2,1,1,3,11,11014
USER_006749,0.03240716408371996,-0.005592835916280042,1,1,67,2,1,7,0,1,3,63,63022
USER_006750,0.0373072813769128,-0.0006927186230872018,1,1,72,1,1,4,2,1,4,13,13011
USER_006751,0.053413491617514026,0.015413491617514027,0,0,47,2,1,10,0,1,4,47,47042
USER_006752,0.028505162128278607,-0.009494837871721392,1,1,29,2,1,7,2,1,3,76,76034
USER_006753,0.03603181151942917,-0.001968188480570829,1,1,32,2,1,5,6,1,2,73,73053
USER_006754,0.04548639979139373,0.007486399791393733,0,0,69,1,2,5,2,2,3,25,25001
USER_006755,0.010876482990696682,-0.027123517009303315,1,1,69,1,2,2,0,1,1,11,11086
USER_006756,0.004226417365741266,-0.03377358263425873,1,1,58,2,1,4,2,2,1,5,5014
USER_006757,0.04519175993196584,0.007191759931965844,0,0,19,1,1,1,0,1,4,13,13058
USER_006758,0.04738021420850348,0.009380214208503483,0,0,18,2,2,8,2,2,5,11,11011
USER_006759,0.07096330202278615,0.032963302022786155,0,0,64,1,1,5,1,2,4,11,11050
USER_006760,0.04237142313800215,0.004371423138002151,0,0,72,2,2,6,5,1,3,54,54003
USER_006761,0.052296095758871425,0.014296095758871426,0,0,64,2,1,5,0,2,2,11,11012
USER_006762,0.037067910346210396,-0.0009320896537896028,1,1,45,2,1,7,0,2,3,76,76041
USER_006763,0.044458408323776295,0.006458408323776296,0,0,57,2,1,6,3,2,3,11,11070
USER_006764,0.06500885262624301,0.02700885262624301,0,0,52,2,2,8,2,1,3,68,68006
USER_006765,0.008140107728115468,-0.02985989227188453,1,1,51,2,1,2,1,2,3,11,11084
USER_006766,0.04620424386357521,0.008204243863575211,0,0,21,1,3,4,2,1,1,50,50015
USER_006767,0.07203380095116049,0.034033800951160494,0,0,35,1,2,2,2,2,3,25,25084
USER_006768,0.044230513288140136,0.006230513288140137,0,0,29,1,2,2,0,1,4,5,5011
USER_006769,0.06475859444849272,0.02675859444849272,0,0,67,2,3,4,0,2,4,63,63010
USER_006770,0.030561817757058365,-0.007438182242941634,1,1,38,2,1,6,3,1,2,11,11094
USER_006771,0.0395192875875443,0.001519287587544299,0,0,27,2,1,5,1,1,4,11,11047
USER_006772,0.040502870535828815,0.002502870535828816,0,0,38,2,1,9,1,1,3,25,25068
USER_006773,0.006736133809618441,-0.03126386619038156,1,1,57,2,1,5,1,2,5,5,5022
USER_006774,0.022477332582247,-0.015522667417753,1,1,42,2,1,4,3,1,1,54,54028
USER_006775,0.02354687380924021,-0.01445312619075979,1,1,67,1,3,5,1,1,4,11,11023
USER_006776,0.05233099117048791,0.01433099117048791,0,0,34,1,3,3,2,1,4,25,25033
USER_006777,0.05308229658526083,0.015082296585260828,0,0,68,2,2,7,0,2,3,11,11008
USER_006778,0.044860546640598,0.006860546640598,0,0,23,1,1,2,0,1,3,54,54080
USER_006779,0.052361543452835585,0.014361543452835586,0,0,31,2,2,2,1,1,2,5,5090
USER_006780,0.03753775880917339,-0.00046224119082660664,1,1,54,1,2,4,0,2,1,11,11076
USER_006781,0.05802897504309315,0.02002897504309315,0,0,57,2,1,3,0,2,4,25,25036
USER_006782,0.04013182663948108,0.0021318266394810825,0,0,57,2,1,8,2,1,1,11,11066
USER_006783,0.04086796071140135,0.0028679607114013503,0,0,35,2,1,4,1,1,5,5,5080
USER_006784,0.03601611050106383,-0.001983889498936166,1,1,47,2,1,1,0,2,3,68,68031
USER_006785,0.05026675716454642,0.012266757164546421,0,0,26,2,1,5,3,2,3,68,68029
USER_006786,0.0336820177508063,-0.004317982249193698,1,1,31,1,2,2,2,2,4,5,5078
USER_006787,0.05464647065797102,0.01664647065797102,0,0,63,2,1,6,1,1,3,63,63005
USER_006788,0.023017762889259902,-0.014982237110740097,1,1,69,1,3,7,1,1,3,11,11069
USER_006789,0.023516256179077093,-0.014483743820922906,1,1,63,1,2,5,2,1,5,5,5023
USER_006790,0.05031140132689756,0.012311401326897564,0,0,34,1,1,5,2,1,4,25,25037
USER_006791,0.03867183678125481,0.0006718367812548129,0,0,51,1,1,5,0,1,4,73,73073
USER_006792,0.033191628757703075,-0.004808371242296924,1,0,63,2,2,7,1,1,5,11,11038
USER_006793,0.053350865987131894,0.015350865987131895,0,0,39,2,1,2,1,1,1,11,11053
USER_006794,0.030891078788708733,-0.007108921211291266,1,1,70,1,1,3,0,2,4,73,73077
USER_006795,0.03699698118549445,-0.0010030188145055477,1,1,49,1,1,3,0,1,2,11,11036
USER_006796,0.06098841925106739,0.022988419251067392,0,0,29,1,3,3,0,1,4,5,5063
USER_006797,0.06308713518715975,0.02508713518715975,0,0,72,2,1,3,1,1,2,68,68070
USER_006798,0.06358597315405491,0.025585973154054913,0,0,74,2,1,6,0,1,4,5,5050
USER_006799,0.03576811334599133,-0.002231886654008669,1,1,33,2,1,4,0,2,2,11,11062
USER_006800,0.05846054357476705,0.02046054357476705,0,0,39,1,2,7,1,2,4,11,11062
USER_006801,0.025765707583469834,-0.012234292416530165,1,1,55,2,1,3,2,1,5,50,50029
USER_006802,0.02639645687916909,-0.011603543120830909,1,1,67,1,2,2,0,2,3,11,11024
USER_006803,0.004743162210634586,-0.03325683778936541,1,1,56,2,1,4,1,2,2,11,11036
USER_006804,0.06509302302847794,0.027093023028477943,0,0,19,1,2,9,2,1,3,54,54010
USER_006805,0.027040302263858826,-0.010959697736141173,1,1,62,2,2,9,1,1,2,25,25085
USER_006806,0.0381020113037941,0.00010201130379410006,0,0,72,1,1,5,1,2,3,52,52083
USER_006807,0.026345134871075742,-0.011654865128924257,1,1,25,2,2,5,3,2,3,11,11007
USER_006808,0.05042747872495211,0.012427478724952111,0,0,61,1,2,7,3,1,2,73,73038
USER_006809,0.034365495089239896,-0.003634504910760103,1,1,18,2,2,4,0,2,4,25,25049
USER_006810,0.020427746643505763,-0.017572253356494236,1,1,58,1,1,6,1,1,1,5,5005
USER_006811,0.04662493846279091,0.008624938462790908,0,0,57,1,2,3,2,1,4,11,11049
USER_006812,0.018494049627846575,-0.019505950372153424,1,1,58,1,1,7,1,2,2,54,54050
USER_006813,0.02743891412026763,-0.010561085879732368,1,1,22,2,2,6,1,1,2,11,11047
USER_006814,0.008396663280608788,-0.02960333671939121,1,0,62,1,1,4,0,1,4,19,19009
USER_006815,0.0186406283170359,-0.0193593716829641,1,1,63,2,2,5,1,1,4,11,11091
USER_006816,0.04267793754580717,0.00467793754580717,0,0,53,1,1,8,2,2,3,11,11003
USER_006817,0.010531959428456132,-0.027468040571543867,1,1,34,2,1,5,0,1,3,5,5008
USER_006818,0.017782814130674267,-0.02021718586932573,1,1,58,1,2,3,0,1,1,25,25058
USER_006819,0.03996446625800788,0.001964466258007884,0,0,47,2,1,5,2,1,4,25,25020
USER_006820,0.03184589655860421,-0.006154103441395789,1,1,69,2,1,3,1,2,3,8,8074
USER_006821,0.06988054953938963,0.03188054953938963,0,0,32,2,3,2,0,1,2,11,11016
USER_006822,0.06750844819036564,0.02950844819036564,0,0,37,1,1,6,0,2,1,19,19012
USER_006823,0.026981163058732698,-0.0110188369412673,1,1,53,2,1,6,1,1,2,76,76002
USER_006824,0.04835706427605223,0.010357064276052229,0,0,19,2,3,1,1,2,1,13,13054
USER_006825,0.05123923835319177,0.013239238353191768,0,0,62,1,1,6,2,1,2,11,11067
USER_006826,0.031037817129633955,-0.006962182870366044,1,1,21,1,1,3,2,1,3,25,25025
USER_006827,0.017566876952526945,-0.020433123047473054,1,1,67,2,2,4,0,1,3,50,50009
USER_006828,0.03981552326037913,0.0018155232603791344,0,0,41,1,3,4,1,1,5,25,25046
USER_006829,0.03740731487778834,-0.00059268512221166,1,0,65,1,2,4,2,1,3,19,19031
USER_006830,0.03346353254544071,-0.004536467454559288,1,1,72,2,2,4,0,2,1,25,25021
USER_006831,0.04663475302246728,0.00863475302246728,0,0,59,1,1,6,0,1,1,25,25071
USER_006832,0.02873905589491602,-0.00926094410508398,1,1,19,2,1,7,2,1,3,11,11043
USER_006833,0.022720036786312854,-0.015279963213687145,1,1,63,2,2,5,2,2,2,19,19084
USER_006834,0.041636244555247476,0.0036362445552474768,0,0,19,1,2,4,1,1,2,11,11037
USER_006835,0.04578955138853314,0.007789551388533142,0,0,67,1,2,3,0,2,3,19,19030
USER_006836,0.022350325841499204,-0.015649674158500795,1,1,18,1,2,6,2,1,2,68,68047
USER_006837,0.05392135916486622,0.01592135916486622,0,0,30,2,2,3,0,1,3,25,25034
USER_006838,0.013442782933358832,-0.024557217066641168,1,1,23,2,1,4,1,1,5,11,11004
USER_006839,0.03132829811926535,-0.006671701880734647,1,1,39,2,3,6,0,1,1,68,68093
USER_006840,0.03612987195703587,-0.001870128042964131,1,1,34,2,2,4,3,1,5,11,11006
USER_006841,0.030456644310221055,-0.007543355689778944,1,1,66,2,1,5,1,2,3,25,25040
USER_006842,0.031524092896732116,-0.006475907103267883,1,1,39,2,1,2,3,1,2,25,25019
USER_006843,0.0680661172346217,0.030066117234621707,0,0,60,2,2,2,0,2,3,73,73010
USER_006844,0.02723673866441652,-0.010763261335583477,1,0,23,1,2,4,1,1,3,11,11034
USER_006845,0.07661832583707871,0.038618325837078714,0,1,69,1,2,3,2,1,1,54,54016
USER_006846,0.046556901695965776,0.008556901695965777,0,0,20,2,2,6,0,1,4,50,50067
USER_006847,0.04138082705967988,0.003380827059679882,0,0,63,2,1,6,1,2,5,5,5086
USER_006848,0.04714360530081499,0.00914360530081499,0,0,74,1,3,3,0,2,4,54,54016
USER_006849,0.07794891623877928,0.03994891623877928,0,0,23,1,2,7,1,1,3,47,47031
USER_006850,0.02509610494102828,-0.012903895058971718,1,1,34,1,1,6,1,1,1,13,13081
USER_006851,0.02319373121595416,-0.01480626878404584,1,1,52,2,2,4,1,2,5,68,68023
USER_006852,0.028677007051421184,-0.009322992948578815,1,1,66,2,1,3,0,1,1,11,11038
USER_006853,0.04048214720446842,0.0024821472044684184,0,0,68,2,1,6,6,1,4,68,68091
USER_006854,0.014113433127811402,-0.023886566872188597,1,1,67,2,2,6,1,1,2,76,76069
USER_006855,0.04033508858977912,0.0023350885897791204,0,0,54,1,2,7,3,2,4,19,19025
USER_006856,0.06540320700120508,0.027403207001205084,0,0,64,1,2,7,0,2,5,19,19075
USER_006857,0.042271110859371665,0.004271110859371666,0,0,52,2,2,7,0,1,3,66,66073
USER_006858,0.03560971811537085,-0.0023902818846291488,1,1,40,1,1,5,1,1,2,25,25069
USER_006859,0.03072759326974559,-0.007272406730254408,1,1,25,1,1,3,3,1,5,13,13052
USER_006860,0.053477675568273465,0.015477675568273466,0,0,24,1,2,6,1,1,4,13,13088
USER_006861,0.02761250840142929,-0.010387491598570709,1,1,67,2,1,5,2,1,1,8,8080
USER_006862,0.0676959388089887,0.029695938808988707,0,0,27,1,1,2,2,2,2,25,25066
USER_006863,0.06900039621571535,0.031000396215715355,0,0,43,2,2,5,4,1,2,11,11066
USER_006864,0.043851261979926816,0.005851261979926817,0,0,72,2,1,4,0,1,5,54,54084
USER_006865,0.039827273678850326,0.0018272736788503274,0,0,27,1,3,2,1,1,2,66,66068
USER_006866,0.05545989712362339,0.01745989712362339,0,0,36,1,1,4,1,1,2,25,25034
USER_006867,0.05642197753340988,0.018421977533409878,0,0,40,2,2,6,0,1,5,11,11072
USER_006868,0.02791012403410877,-0.01008987596589123,1,1,48,2,2,3,1,1,3,47,47066
USER_006869,0.03210167300294947,-0.005898326997050528,1,1,50,2,1,4,1,1,2,5,5015
USER_006870,0.02016478847975057,-0.01783521152024943,1,1,19,1,2,2,1,2,4,25,25072
USER_006871,0.046135974075010855,0.008135974075010856,0,0,45,2,1,7,2,1,4,52,52088
USER_006872,0.04999941825185336,0.011999418251853362,0,0,49,1,1,3,0,1,4,11,11064
USER_006873,0.01975111543208091,-0.01824888456791909,1,1,50,2,2,2,0,2,2,66,66033
USER_006874,0.03317201642775761,-0.004827983572242386,1,0,26,2,2,2,1,1,2,50,50093
USER_006875,0.019791191236279756,-0.018208808763720243,1,1,46,2,2,4,2,1,4,19,19001
USER_006876,0.026518002846342432,-0.011481997153657567,1,1,32,2,3,3,2,1,4,5,5090
USER_006877,0.04826525590339449,0.010265255903394492,0,0,35,2,1,4,3,1,4,5,5048
USER_006878,0.02899776899982581,-0.00900223100017419,1,1,35,1,2,6,1,1,3,8,8068
USER_006879,0.03548761065951552,-0.0025123893404844777,1,1,71,2,2,3,0,1,4,47,47002
USER_006880,0.01559032408079027,-0.02240967591920973,1,1,24,2,2,5,0,2,3,47,47088
USER_006881,0.042804853145869966,0.004804853145869967,0,0,31,1,1,4,0,1,4,50,50005
USER_006882,0.03933590020233027,0.0013359002023302716,0,0,46,2,2,7,1,2,2,5,5070
USER_006883,0.02906561124950257,-0.00893438875049743,1,1,67,2,2,2,0,1,4,50,50057
USER_006884,0.037164785534762886,-0.0008352144652371135,1,1,69,2,1,4,0,1,2,11,11095
USER_006885,0.04270442320755167,0.0047044232075516695,0,0,36,1,1,6,2,1,3,47,47027
USER_006886,0.027776977766359838,-0.010223022233640161,1,1,22,1,1,4,2,1,2,66,66049
USER_006887,0.017856061839973313,-0.020143938160026686,1,1,58,2,2,4,0,1,2,5,5032
USER_006888,0.06708361649030223,0.02908361649030223,0,0,67,1,1,7,1,2,1,68,68095
USER_006889,0.030500909429345913,-0.007499090570654086,1,1,62,2,2,2,1,1,4,11,11017
USER_006890,0.03854859845219666,0.0005485984521966594,0,0,22,2,1,3,1,1,4,25,25036
USER_006891,0.055162596025304704,0.017162596025304705,0,0,73,1,1,2,0,2,4,63,63017
USER_006892,0.09293582781355726,0.05493582781355726,0,0,71,2,3,6,0,1,4,54,54062
USER_006893,0.021332703251667015,-0.016667296748332984,1,1,69,1,1,2,0,1,3,5,5015
USER_006894,0.04674740820589765,0.008747408205897651,0,0,32,2,2,10,1,1,4,19,19097
USER_006895,0.029386715720588406,-0.008613284279411593,1,1,43,1,1,7,1,1,1,66,66086
USER_006896,0.03191814543134934,-0.006081854568650659,1,1,41,2,1,7,1,1,4,11,11014
USER_006897,0.02919681968489815,-0.008803180315101848,1,1,36,2,1,5,0,1,5,73,73090
USER_006898,0.02311517548299123,-0.01488482451700877,1,1,37,1,2,8,0,1,5,19,19079
USER_006899,0.03938062957323008,0.0013806295732300827,0,0,60,2,1,5,0,2,2,66,66061
USER_006900,0.017882459694276466,-0.020117540305723533,1,1,26,2,2,4,0,2,3,68,68066
USER_006901,0.054202113497678055,0.016202113497678056,0,0,70,1,1,3,0,1,2,11,11028
USER_006902,0.04082504404050062,0.0028250440405006225,0,0,71,2,1,6,1,2,3,73,73076
USER_006903,0.046336524593521604,0.008336524593521605,0,0,45,2,2,3,1,1,2,63,63060
USER_006904,0.033007170820806654,-0.004992829179193345,1,1,33,2,1,1,0,1,3,13,13006
USER_006905,0.034491940986823774,-0.003508059013176225,1,1,28,1,3,5,2,1,1,68,68042
USER_006906,0.04431345857750992,0.006313458577509923,0,0,51,2,2,6,1,1,2,8,8004
USER_006907,0.02253924051391262,-0.01546075948608738,1,1,42,2,1,7,1,1,5,8,8076
USER_006908,0.03463014348379996,-0.0033698565162000385,1,0,57,2,1,4,2,1,4,66,66009
USER_006909,0.02710579729182319,-0.010894202708176808,1,1,72,1,1,2,2,1,2,11,11018
USER_006910,0.026641467841134785,-0.011358532158865214,1,0,74,2,1,4,0,1,1,68,68004
USER_006911,0.00835242639061538,-0.02964757360938462,1,1,38,2,1,6,1,1,4,8,8005
USER_006912,0.06008989884219999,0.022089898842199994,0,0,22,2,3,4,0,1,5,11,11092
USER_006913,0.029701918702693467,-0.008298081297306532,1,1,28,2,1,2,0,2,3,63,63063
USER_006914,0.05745064082745325,0.01945064082745325,0,0,60,1,1,5,1,2,3,68,68066
USER_006915,0.05603188482091438,0.018031884820914383,0,0,26,2,2,7,2,1,4,50,50088
USER_006916,0.020710004402252596,-0.017289995597747403,1,0,28,1,2,3,1,1,3,73,73068
USER_006917,0.023673831464907317,-0.014326168535092682,1,1,54,2,1,2,3,2,4,19,19040
USER_006918,0.07840754439033526,0.04040754439033526,0,1,58,2,1,7,0,1,4,66,66056
USER_006919,0.06626388912890716,0.028263889128907156,0,0,18,1,1,5,1,1,1,11,11092
USER_006920,0.03952722230007844,0.001527222300078443,0,0,43,1,1,5,1,1,3,76,76079
USER_006921,0.043860596596260244,0.005860596596260245,0,0,27,1,1,4,1,2,3,11,11054
USER_006922,0.03053730395579217,-0.00746269604420783,1,1,57,1,2,1,1,1,3,73,73068
USER_006923,0.0464852907130051,0.008485290713005099,0,1,36,2,1,7,1,1,3,11,11032
USER_006924,0.02924227148916293,-0.00875772851083707,1,1,33,1,2,4,0,1,4,8,8083
USER_006925,0.009514693535524232,-0.028485306464475765,1,1,62,2,1,6,1,1,2,11,11086
USER_006926,0.020176663202334237,-0.017823336797665762,1,1,73,2,2,7,1,1,3,5,5066
USER_006927,0.04031639121775881,0.002316391217758812,0,1,54,2,1,6,0,1,2,5,5072
USER_006928,0.023033991467461185,-0.014966008532538815,1,1,67,1,1,9,1,2,3,73,73036
USER_006929,0.038990838026296985,0.0009908380262969863,0,0,58,2,1,4,2,1,3,73,73058
USER_006930,0.02388008440850706,-0.014119915591492938,1,1,21,2,1,3,1,2,1,5,5072
USER_006931,0.028264691162470098,-0.009735308837529901,1,1,31,2,2,7,1,2,3,5,5024
USER_006932,0.05279747959619788,0.014797479596197878,0,0,47,1,2,7,0,1,2,19,19040
USER_006933,0.04371220821460157,0.005712208214601569,0,0,24,2,3,3,3,1,3,11,11097
USER_006934,0.039855033680299794,0.0018550336802997947,0,1,29,2,1,4,1,1,3,47,47069
USER_006935,0.05318445959605977,0.015184459596059768,0,0,41,1,3,7,0,1,3,73,73074
USER_006936,0.04720912890021021,0.009209128900210209,0,0,56,2,1,5,1,1,1,73,73076
USER_006937,0.06169844936877051,0.02369844936877051,0,0,60,2,1,4,2,1,3,54,54014
USER_006938,0.0331021110652729,-0.004897888934727097,1,1,39,2,1,5,0,1,3,50,50041
USER_006939,0.03355547532208737,-0.004444524677912627,1,0,64,2,1,6,3,1,4,25,25025
USER_006940,0.020483361004129823,-0.017516638995870176,1,1,47,1,1,5,1,2,1,13,13053
USER_006941,0.0335652892394137,-0.004434710760586297,1,1,56,1,3,3,1,2,5,76,76048
USER_006942,0.054471548414536684,0.016471548414536685,0,0,37,1,1,2,1,1,1,63,63099
USER_006943,0.05949981058393201,0.021499810583932008,0,0,43,2,1,12,2,1,1,68,68025
USER_006944,0.05440457752130002,0.01640457752130002,0,0,66,2,1,2,1,1,2,66,66044
USER_006945,0.013087122001758458,-0.02491287799824154,1,1,22,2,1,1,1,2,3,76,76086
USER_006946,0.05624717818991102,0.01824717818991102,0,0,57,2,2,4,0,1,1,63,63046
USER_006947,0.012422220650918941,-0.025577779349081058,1,1,59,1,1,2,0,1,1,25,25061
USER_006948,0.053471759861835215,0.015471759861835216,0,0,23,1,1,2,2,1,4,76,76068
USER_006949,0.034483232101434176,-0.003516767898565823,1,1,70,2,3,5,1,1,2,73,73019
USER_006950,0.05053799970900784,0.01253799970900784,0,0,51,2,1,6,0,1,5,8,8020
USER_006951,0.020013274781581512,-0.017986725218418487,1,1,22,2,1,1,1,2,3,8,8027
USER_006952,0.0575675144905922,0.0195675144905922,0,0,27,2,2,4,1,1,5,11,11023
USER_006953,0.018025378808426668,-0.01997462119157333,1,1,45,2,1,3,2,2,4,66,66039
USER_006954,0.029973176337202336,-0.008026823662797663,1,1,20,2,2,3,1,2,2,66,66047
USER_006955,0.025028580583464473,-0.012971419416535526,1,1,30,2,1,2,1,2,4,52,52077
USER_006956,0.013685727207662517,-0.02431427279233748,1,1,65,2,1,2,1,1,3,63,63044
USER_006957,0.04141791351382702,0.003417913513827024,0,0,64,2,1,5,3,2,3,68,68047
USER_006958,0.06709133676755442,0.029091336767554425,0,0,19,2,2,3,0,2,3,11,11079
USER_006959,0.08000357833480014,0.04200357833480014,0,0,52,2,1,7,0,1,1,11,11080
USER_006960,0.04145733680629372,0.0034573368062937176,0,0,69,1,3,9,0,1,5,25,25039
USER_006961,0.05675021912601284,0.018750219126012838,0,1,67,2,1,7,2,2,3,52,52062
USER_006962,0.04348141956892806,0.005481419568928059,0,0,69,1,2,2,0,1,4,54,54042
USER_006963,0.04748324792152319,0.009483247921523191,0,0,69,2,2,3,2,1,5,8,8048
USER_006964,0.03486777023309142,-0.0031322297669085786,1,1,64,2,1,4,1,1,3,25,25090
USER_006965,0.04292615388133903,0.004926153881339032,0,0,71,2,1,2,1,1,3,19,19058
USER_006966,0.048062180569096426,0.010062180569096427,0,0,45,1,2,3,1,2,4,8,8026
USER_006967,0.03132310406685503,-0.006676895933144966,1,1,54,2,1,4,0,1,2,19,19007
USER_006968,0.03883758550160518,0.0008375855016051828,0,0,40,2,2,5,1,1,2,76,76065
USER_006969,0.039123548215037676,0.0011235482150376772,0,0,60,2,1,2,0,1,1,8,8073
USER_006970,0.05239604975995787,0.014396049759957869,0,0,40,1,1,3,3,1,2,11,11072
USER_006971,0.02400951742558479,-0.013990482574415208,1,1,52,2,1,5,3,1,2,11,11087
USER_006972,0.039226866870885224,0.0012268668708852251,0,0,58,2,1,3,2,1,4,19,19055
USER_006973,0.06868008203579046,0.03068008203579046,0,0,56,2,1,7,0,1,3,25,25063
USER_006974,0.05746090228878906,0.019460902288789064,0,0,72,1,1,3,1,1,2,25,25079
USER_006975,0.060237685733330576,0.022237685733330577,0,0,49,2,3,3,1,2,4,66,66018
USER_006976,0.040366477602670515,0.0023664776026705164,0,0,19,1,1,4,1,1,3,63,63054
USER_006977,0.044814963455290346,0.006814963455290347,0,0,64,1,1,7,2,1,1,63,63061
USER_006978,0.05503354250054388,0.017033542500543883,0,0,61,1,2,4,3,1,1,25,25056
USER_006979,0.06340383294296396,0.025403832942963965,0,0,65,2,1,4,1,1,3,50,50083
USER_006980,0.010725956306756702,-0.027274043693243297,1,1,33,2,2,2,0,1,4,8,8026
USER_006981,0.020268380394252317,-0.01773161960574768,1,1,33,2,1,5,0,2,1,50,50076
USER_006982,0.05964166152103972,0.021641661521039718,0,0,68,2,3,4,1,1,4,11,11036
USER_006983,0.03584665966346795,-0.002153340336532049,1,1,20,2,1,7,1,1,1,50,50007
USER_006984,0.02992418816112884,-0.008075811838871159,1,1,45,1,1,5,1,1,4,76,76073
USER_006985,0.021187585195065944,-0.016812414804934055,1,1,46,1,2,6,2,1,1,25,25031
USER_006986,0.03167474947683836,-0.0063252505231616366,1,1,71,1,1,5,1,1,3,5,5022
USER_006987,0.01896446074864263,-0.01903553925135737,1,1,37,2,2,5,3,1,3,8,8063
USER_006988,0.07136641409098715,0.03336641409098715,0,0,53,2,1,6,0,2,4,5,5043
USER_006989,0.0396634592202914,0.0016634592202914023,0,0,50,2,1,4,0,1,2,47,47076
USER_006990,0.039130741873559235,0.0011307418735592364,0,0,39,2,1,4,1,1,2,5,5098
USER_006991,0.048821150127517476,0.010821150127517477,0,0,25,1,1,2,4,1,5,25,25040
USER_006992,0.05443517753899854,0.016435177538998542,0,0,73,1,1,6,1,1,2,8,8002
USER_006993,0.05418832234831959,0.016188322348319593,0,0,64,1,2,4,2,2,4,19,19053
USER_006994,0.056104329158613575,0.018104329158613576,0,0,41,1,2,3,1,2,3,52,52032
USER_006995,0.030537316738137157,-0.007462683261862842,1,1,70,1,3,7,1,2,2,73,73001
USER_006996,0.03553199792564708,-0.0024680020743529166,1,1,71,2,1,5,6,2,1,8,8089
USER_006997,0.051535474831634134,0.013535474831634135,0,0,54,2,1,5,1,1,2,54,54068
USER_006998,0.0320891640754057,-0.0059108359245943,1,1,37,2,1,7,3,1,4,25,25038
USER_006999,0.039923400519591624,0.0019234005195916254,0,0,29,2,2,4,1,1,4,68,68045
USER_007000,0.04598145646637221,0.00798145646637221,0,0,37,1,1,4,1,2,5,54,54004
USER_007001,0.05177777623465565,0.013777776234655648,0,0,37,2,1,5,0,1,1,11,11073
USER_007002,0.013334785564446984,-0.024665214435553015,1,1,21,2,1,5,1,1,3,66,66082
USER_007003,0.050721184748334175,0.012721184748334176,0,0,47,2,1,6,1,2,3,25,25041
USER_007004,0.03649413913222412,-0.0015058608677758767,1,1,48,2,2,3,0,2,2,11,11048
USER_007005,0.050611865662965716,0.012611865662965717,0,0,39,2,2,4,1,1,3,63,63011
USER_007006,0.05165397538532243,0.013653975385322432,0,0,32,2,3,8,1,1,3,13,13061
USER_007007,0.06411872591678736,0.026118725916787357,0,0,55,1,1,4,0,1,5,54,54070
USER_007008,0.06030180471431805,0.02230180471431805,0,0,54,2,1,4,2,1,1,11,11080
USER_007009,0.06019857493915444,0.02219857493915444,0,0,45,2,1,4,0,1,3,63,63008
USER_007010,0.06165505478749358,0.02365505478749358,0,0,28,2,1,6,0,1,1,76,76019
USER_007011,0.04437068477223919,0.006370684772239191,0,0,31,1,3,5,2,1,3,73,73005
USER_007012,0.040482776305552595,0.002482776305552596,0,0,28,2,1,7,3,1,4,11,11090
USER_007013,0.05309225624767502,0.015092256247675018,0,0,26,2,2,6,2,1,3,11,11089
USER_007014,0.05098121427149534,0.012981214271495338,0,0,41,1,3,2,2,1,3,11,11025
USER_007015,0.0353640064489261,-0.002635993551073898,1,1,27,2,1,3,0,1,2,8,8009
USER_007016,0.046072351132124024,0.008072351132124025,0,0,55,1,1,5,2,2,2,8,8099
USER_007017,0.03947355299823108,0.001473552998231084,0,0,60,1,1,6,2,2,3,25,25065
USER_007018,0.027191006373099163,-0.010808993626900836,1,1,58,2,1,4,0,2,2,76,76047
USER_007019,0.05935691112064525,0.02135691112064525,0,0,54,2,1,5,1,1,2,68,68066
USER_007020,0.04082798863795134,0.002827988637951341,0,0,59,1,1,4,0,1,1,11,11044
USER_007021,0.07073062386548276,0.03273062386548276,0,0,49,2,1,3,0,1,4,63,63042
USER_007022,0.015617615947002512,-0.022382384052997487,1,0,37,2,2,4,2,1,3,68,68025
USER_007023,0.03164831840734951,-0.006351681592650489,1,1,31,1,2,3,0,2,3,25,25012
USER_007024,0.04048958255036307,0.0024895825503630717,0,0,55,2,1,4,0,1,4,8,8029
USER_007025,0.05706071646443371,0.019060716464433712,0,0,21,1,1,3,1,1,1,50,50012
USER_007026,0.04599204058903278,0.00799204058903278,0,0,41,2,1,4,5,1,4,11,11077
USER_007027,0.04465709131271127,0.0066570913127112705,0,0,49,1,1,5,3,2,5,5,5075
USER_007028,0.023091043111687796,-0.014908956888312203,1,1,72,2,3,4,1,2,4,54,54071
USER_007029,0.02264587904155793,-0.015354120958442068,1,1,70,2,3,2,1,1,2,11,11039
USER_007030,0.04483756990434857,0.00683756990434857,0,0,27,2,1,3,2,1,2,50,50086
USER_007031,0.019538410092724626,-0.018461589907275373,1,1,71,2,1,2,2,1,2,25,25055
USER_007032,0.032021833745660075,-0.005978166254339924,1,1,60,2,1,5,1,2,3,13,13073
USER_007033,0.04751375993628786,0.009513759936287863,0,0,33,2,1,6,0,1,2,11,11039
USER_007034,0.025265135915848363,-0.012734864084151636,1,1,56,1,2,7,1,2,2,8,8096
USER_007035,0.0640803394354271,0.026080339435427098,0,0,49,2,2,2,2,1,2,5,5078
USER_007036,0.05835904516356835,0.020359045163568353,0,0,35,2,3,3,1,1,3,68,68052
USER_007037,0.016428700024925497,-0.021571299975074502,1,1,42,1,2,6,2,2,3,54,54029
USER_007038,0.026014431352270193,-0.011985568647729806,1,1,24,1,1,3,0,1,1,5,5099
USER_007039,0.005713341332575752,-0.03228665866742425,1,1,73,1,1,2,0,2,3,8,8042
USER_007040,0.028261129561778002,-0.009738870438221997,1,1,70,1,1,4,2,1,2,8,8012
USER_007041,0.05149582714858599,0.013495827148585993,0,0,64,2,2,7,1,1,5,11,11031
USER_007042,0.033791575865877145,-0.004208424134122854,1,1,68,2,1,6,0,1,4,50,50038
USER_007043,0.04691195865423951,0.008911958654239514,0,0,35,2,1,5,4,1,3,5,5035
USER_007044,0.017164985225773838,-0.02083501477422616,1,1,64,2,1,6,1,1,2,25,25061
USER_007045,0.05196962881872858,0.013969628818728583,0,0,35,1,1,4,1,1,1,50,50055
USER_007046,0.031673361581074755,-0.006326638418925244,1,1,20,1,1,8,1,1,3,8,8015
USER_007047,0.040182545234243576,0.002182545234243577,0,0,18,2,2,4,0,1,1,47,47016
USER_007048,0.03860688247910421,0.0006068824791042107,0,0,50,2,2,6,0,2,4,25,25019
USER_007049,0.020926772186615743,-0.017073227813384256,1,1,24,2,1,4,0,2,2,8,8058
USER_007050,0.022703735023903267,-0.015296264976096732,1,1,27,2,1,5,3,1,1,25,25080
USER_007051,0.05451691703505139,0.01651691703505139,0,0,61,2,2,5,1,1,5,11,11093
USER_007052,0.04598488236252543,0.007984882362525432,0,0,25,2,1,9,0,1,5,13,13029
USER_007053,0.0557507356233014,0.0177507356233014,0,0,71,2,2,2,3,1,3,25,25093
USER_007054,0.044869873532537775,0.006869873532537776,0,0,49,2,1,5,1,1,5,5,5030
USER_007055,0.04214485952213825,0.00414485952213825,0,0,40,1,2,5,0,1,5,54,54085
USER_007056,0.014109840719998504,-0.023890159280001495,1,1,34,2,2,5,1,2,3,50,50056
USER_007057,0.035944499548582455,-0.002055500451417544,1,1,31,1,2,4,1,2,1,11,11053
USER_007058,0.03958923519394384,0.0015892351939438415,0,0,34,2,1,7,1,1,3,11,11025
USER_007059,0.06929660797408861,0.03129660797408861,0,0,42,1,1,7,1,1,3,5,5072
USER_007060,0.05030434948148016,0.01230434948148016,0,0,38,2,1,2,1,2,4,11,11014
USER_007061,0.06304091772564292,0.025040917725642924,0,0,72,2,1,5,1,2,2,54,54018
USER_007062,0.04896306558842092,0.010963065588420924,0,0,23,1,1,6,1,1,5,25,25008
USER_007063,0.02933045159575781,-0.008669548404242187,1,1,37,2,1,5,0,1,4,47,47032
USER_007064,0.04175686324224777,0.0037568632422477696,0,0,66,2,1,6,2,1,2,19,19055
USER_007065,0.0435433546939635,0.005543354693963498,0,0,37,1,2,5,0,1,4,25,25098
USER_007066,0.025912666453439776,-0.012087333546560223,1,0,43,2,1,2,0,1,4,13,13015
USER_007067,0.034234189351106184,-0.003765810648893815,1,1,49,1,2,7,0,1,3,5,5018
USER_007068,0.03691349509484242,-0.001086504905157576,1,0,25,2,1,6,0,2,3,66,66012
USER_007069,0.06408429748847677,0.026084297488476772,0,0,62,2,1,6,3,1,2,73,73014
USER_007070,0.008788892119135328,-0.029211107880864673,1,1,65,2,1,3,4,1,4,63,63058
USER_007071,0.05808727631074065,0.02008727631074065,0,0,61,2,2,4,4,1,3,76,76083
USER_007072,0.02594807147560926,-0.012051928524390739,1,1,46,2,1,3,2,2,4,25,25019
USER_007073,0.01941881219095579,-0.01858118780904421,1,0,34,2,1,6,2,2,4,68,68038
USER_007074,0.05769913195057696,0.01969913195057696,0,0,35,1,1,5,2,1,3,25,25064
USER_007075,0.050978471038515716,0.012978471038515717,0,1,57,2,2,2,0,1,2,63,63047
USER_007076,0.058817780535717845,0.020817780535717846,0,1,35,2,1,5,1,1,1,11,11068
USER_007077,0.05201052921318365,0.014010529213183652,0,0,28,1,1,4,3,1,4,25,25028
USER_007078,0.07089767502606102,0.03289767502606102,0,0,62,2,1,5,1,2,4,47,47090
USER_007079,0.04838085755416728,0.010380857554167282,0,0,29,2,2,5,1,1,4,73,73021
USER_007080,0.037652839358152626,-0.000347160641847373,1,1,32,2,1,7,0,1,3,11,11036
USER_007081,0.04514389565982014,0.00714389565982014,0,0,43,1,2,4,2,2,2,76,76080
USER_007082,0.05865203692518945,0.02065203692518945,0,1,74,1,1,5,2,1,1,73,73002
USER_007083,0.028309370121098246,-0.009690629878901753,1,1,20,1,3,4,1,1,2,11,11017
USER_007084,0.03022167126202929,-0.00777832873797071,1,1,20,1,2,4,1,1,2,11,11065
USER_007085,0.03536559978103139,-0.002634400218968609,1,1,55,1,2,6,0,2,3,13,13027
USER_007086,0.008431258018520018,-0.029568741981479983,1,1,52,2,1,3,1,2,2,25,25042
USER_007087,0.0420711761262632,0.004071176126263204,0,0,26,2,1,4,0,1,2,25,25007
USER_007088,0.011708069440734615,-0.026291930559265382,1,1,60,2,2,4,1,1,2,76,76081
USER_007089,0.040795889693989285,0.0027958896939892855,0,0,57,2,2,7,2,1,4,11,11066
USER_007090,0.05297934634202875,0.01497934634202875,0,0,21,1,2,3,0,1,3,11,11065
USER_007091,0.032846853090342465,-0.005153146909657534,1,1,71,1,1,4,1,2,4,11,11044
USER_007092,0.06515673805280306,0.02715673805280306,0,0,73,2,1,3,1,1,3,8,8018
USER_007093,0.018092486508722683,-0.019907513491277316,1,1,37,2,1,3,5,1,4,66,66031
USER_007094,0.05786891022447749,0.01986891022447749,0,0,32,2,1,3,1,1,3,52,52079
USER_007095,0.05012705584610381,0.01212705584610381,0,0,46,2,1,11,2,1,4,25,25099
USER_007096,0.014259501275339672,-0.023740498724660327,1,1,22,1,1,2,1,1,4,11,11079
USER_007097,0.08066191448560799,0.04266191448560799,0,0,56,2,1,1,3,1,4,19,19054
USER_007098,0.03904382071744051,0.0010438207174405106,0,1,57,2,2,4,4,1,3,76,76042
USER_007099,0.026837739667665526,-0.011162260332334473,1,1,24,1,2,7,2,2,3,5,5075
USER_007100,0.018893692078239748,-0.01910630792176025,1,1,25,2,1,6,3,1,1,8,8081
USER_007101,0.03669972958510489,-0.0013002704148951105,1,0,49,1,2,5,0,1,2,11,11066
USER_007102,0.038088896914150606,8.889691415060741e-05,0,0,53,2,2,4,0,1,3,66,66091
USER_007103,0.04153968292809496,0.0035396829280949643,0,0,50,2,2,3,0,1,1,11,11010
USER_007104,0.0355330576566406,-0.0024669423433593962,1,1,71,2,1,7,3,1,4,76,76099
USER_007105,0.049498379651726404,0.011498379651726405,0,0,54,2,2,7,1,1,2,8,8008
USER_007106,0.03418555251005131,-0.0038144474899486913,1,1,49,2,2,4,1,1,2,52,52071
USER_007107,0.010975538241392937,-0.027024461758607062,1,1,60,2,2,4,1,1,5,11,11005
USER_007108,0.03775957756525538,-0.00024042243474461933,1,1,53,2,1,8,0,1,1,73,73073
USER_007109,0.004487835199400829,-0.03351216480059917,1,1,51,2,1,2,0,1,4,11,11010
USER_007110,0.045306559463370845,0.007306559463370846,0,0,66,1,3,4,1,1,1,73,73090
USER_007111,0.02531049654576047,-0.01268950345423953,1,1,42,2,3,8,3,1,2,11,11025
USER_007112,0.042450405323737006,0.004450405323737007,0,0,61,1,2,4,2,2,2,19,19008
USER_007113,0.05971112472286906,0.02171112472286906,0,0,49,1,3,6,0,1,3,11,11055
USER_007114,0.02576876957098,-0.01223123042902,1,1,19,1,1,6,2,2,2,8,8030
USER_007115,0.05591884387768177,0.01791884387768177,0,0,26,2,1,5,0,1,4,11,11051
USER_007116,0.0334991564997077,-0.004500843500292298,1,0,55,2,2,6,1,2,3,11,11030
USER_007117,0.06629792203098378,0.02829792203098378,0,0,46,2,1,3,1,1,3,19,19010
USER_007118,0.034522710802026804,-0.003477289197973195,1,1,55,2,1,7,1,1,3,11,11044
USER_007119,0.02739260521739963,-0.010607394782600369,1,1,35,1,2,4,1,1,1,25,25011
USER_007120,0.05030857675592933,0.012308576755929328,0,0,39,2,1,6,1,1,3,63,63046
USER_007121,0.03346315405564546,-0.004536845944354537,1,1,52,2,1,4,1,2,2,63,63045
USER_007122,0.027378257288064874,-0.010621742711935125,1,1,32,2,1,4,1,2,2,76,76039
USER_007123,0.032832402239443136,-0.0051675977605568635,1,1,24,2,2,9,1,1,4,8,8051
USER_007124,0.03933090201725498,0.001330902017254984,0,0,30,1,2,3,0,1,2,11,11066
USER_007125,0.06013270196867281,0.022132701968672813,0,0,59,2,2,6,0,1,4,11,11063
USER_007126,0.010988683818106346,-0.027011316181893653,1,0,53,2,3,4,1,1,4,25,25023
USER_007127,0.04034620988425631,0.002346209884256309,0,0,33,2,1,4,1,2,2,25,25005
USER_007128,0.04937355391981065,0.011373553919810653,0,0,58,1,1,2,2,1,2,66,66065
USER_007129,0.04290172862487694,0.004901728624876943,0,0,38,2,1,2,2,2,3,25,25032
USER_007130,0.059647977541503014,0.021647977541503015,0,0,45,2,1,6,1,1,5,54,54047
USER_007131,0.03888482005362214,0.0008848200536221429,0,0,27,2,1,8,1,1,2,25,25049
USER_007132,0.03723172836721083,-0.0007682716327891692,1,1,36,2,1,1,1,1,4,11,11094
USER_007133,0.04888494320520015,0.01088494320520015,0,0,34,2,1,2,1,1,4,76,76090
USER_007134,0.04148970722427024,0.003489707224270243,0,0,18,2,1,2,1,1,2,63,63009
USER_007135,0.034143868925792936,-0.003856131074207063,1,1,30,1,1,5,1,2,5,19,19055
USER_007136,0.0477421605937957,0.0097421605937957,0,0,53,1,1,4,0,1,1,25,25012
USER_007137,0.030212075601750328,-0.007787924398249671,1,1,64,1,1,5,3,1,2,19,19063
USER_007138,0.0308323427197101,-0.0071676572802899,1,1,59,1,1,5,1,1,3,5,5007
USER_007139,0.0320800896735158,-0.005919910326484201,1,1,37,2,1,3,2,1,1,8,8029
USER_007140,0.06029603740249611,0.02229603740249611,0,0,58,2,1,5,1,2,4,8,8043
USER_007141,0.0,-0.038,1,1,57,2,1,7,0,2,2,11,11008
USER_007142,0.045933982521444136,0.007933982521444137,0,0,69,2,1,8,1,1,5,68,68068
USER_007143,0.04051407721300333,0.0025140772130033337,0,0,23,2,1,4,0,1,5,25,25094
USER_007144,0.014786943111428197,-0.023213056888571802,1,1,40,2,2,5,1,1,4,11,11087
USER_007145,0.04464590168704003,0.006645901687040032,0,0,59,2,1,7,1,1,3,47,47064
USER_007146,0.04713627987747298,0.00913627987747298,0,0,41,2,1,4,3,1,3,11,11055
USER_007147,0.048844588470361,0.010844588470361002,0,0,69,1,1,5,1,1,4,11,11029
USER_007148,0.00022257905432576894,-0.03777742094567423,1,0,66,2,2,5,0,1,4,52,52048
USER_007149,0.060495841177816576,0.022495841177816576,0,0,22,2,3,6,1,1,4,11,11039
USER_007150,0.02893394942972739,-0.00906605057027261,1,1,49,2,1,6,1,1,4,52,52049
USER_007151,0.05029851620129764,0.01229851620129764,0,0,63,2,1,2,1,1,2,68,68012
USER_007152,0.05111610671023429,0.01311610671023429,0,0,34,2,1,5,0,1,4,8,8076
USER_007153,0.02684954371571061,-0.01115045628428939,1,1,28,2,1,3,0,1,2,11,11082
USER_007154,0.049906899285273254,0.011906899285273255,0,0,44,1,1,4,0,1,1,11,11085
USER_007155,0.034217601386314626,-0.0037823986136853727,1,1,21,2,3,4,0,1,3,8,8091
USER_007156,0.008929342309927637,-0.02907065769007236,1,1,40,2,2,4,1,2,3,25,25083
USER_007157,0.057516128882916684,0.019516128882916685,0,1,40,1,1,7,1,2,2,54,54068
USER_007158,0.028374325554756403,-0.009625674445243596,1,1,66,2,1,3,0,1,2,11,11055
USER_007159,0.027182598058929187,-0.010817401941070812,1,1,74,2,1,4,0,2,3,63,63050
USER_007160,0.03395401197944917,-0.004045988020550832,1,1,51,2,1,8,0,1,4,11,11020
USER_007161,0.044083550879910824,0.006083550879910825,0,0,38,2,2,6,2,1,4,25,25080
USER_007162,0.03914094383766847,0.0011409438376684677,0,0,39,2,1,6,2,2,3,13,13006
USER_007163,0.04822100387060756,0.010221003870607558,0,0,18,2,1,5,1,1,1,68,68086
USER_007164,0.019907659502070123,-0.018092340497929876,1,1,49,2,2,4,1,2,2,68,68051
USER_007165,0.02886420444353898,-0.009135795556461018,1,1,45,1,1,3,0,1,2,73,73088
USER_007166,0.038260043915177,0.00026004391517699815,0,0,35,2,1,4,1,1,4,11,11037
USER_007167,0.06846830938988058,0.030468309389880578,0,0,24,1,2,4,0,2,2,25,25032
USER_007168,0.03829281192379363,0.00029281192379362886,0,0,71,1,1,6,1,1,1,54,54097
USER_007169,0.05627833395492447,0.018278333954924474,0,0,55,2,1,7,0,1,3,25,25071
USER_007170,0.04057832753176477,0.0025783275317647694,0,0,23,2,3,4,6,1,1,63,63060
USER_007171,0.03274512043843648,-0.005254879561563522,1,1,31,2,2,3,0,1,1,25,25041
USER_007172,0.036299133638283396,-0.0017008663617166034,1,1,47,1,1,4,1,1,3,63,63093
USER_007173,0.037473704319566786,-0.0005262956804332128,1,1,72,2,1,4,0,1,4,11,11030
USER_007174,0.04905468608441108,0.011054686084411083,0,0,61,1,1,5,1,2,4,25,25019
USER_007175,0.06061916901364832,0.02261916901364832,0,0,63,2,1,4,3,1,4,13,13077
USER_007176,0.045395212715294814,0.007395212715294815,0,0,31,2,1,6,1,2,2,11,11022
USER_007177,0.05780616518112633,0.01980616518112633,0,0,61,1,2,4,0,2,3,73,73060
USER_007178,0.02552815393555472,-0.01247184606444528,1,1,58,2,1,2,0,2,2,11,11029
USER_007179,0.03378054236778954,-0.0042194576322104604,1,0,26,2,1,6,2,1,2,5,5042
USER_007180,0.029135461986885,-0.008864538013115,1,1,48,2,1,2,0,1,4,52,52054
USER_007181,0.04471666886312279,0.0067166688631227905,0,0,19,1,1,2,2,2,2,11,11050
USER_007182,0.034615624222308794,-0.003384375777691205,1,1,35,2,3,3,1,1,5,11,11018
USER_007183,0.05094659405551293,0.012946594055512933,0,0,22,2,1,1,1,1,4,73,73008
USER_007184,0.02603497432551338,-0.01196502567448662,1,1,43,2,1,4,4,1,4,76,76007
USER_007185,0.04064546459981922,0.0026454645998192222,0,0,40,2,1,6,1,1,4,8,8057
USER_007186,0.05030286866518384,0.01230286866518384,0,0,29,2,1,3,1,1,2,5,5037
USER_007187,0.009020458374390847,-0.028979541625609152,1,1,31,2,1,4,0,1,2,63,63034
USER_007188,0.07182446960995306,0.03382446960995306,0,0,30,2,2,7,3,1,2,76,76074
USER_007189,0.03575272172680186,-0.002247278273198136,1,1,52,2,2,3,1,1,3,11,11040
USER_007190,0.009624401294857407,-0.028375598705142592,1,1,64,2,1,2,4,1,2,76,76035
USER_007191,0.04237140847865179,0.004371408478651792,0,0,32,2,1,1,1,2,4,11,11005
USER_007192,0.04050165201959727,0.0025016520195972683,0,0,52,1,1,6,1,2,4,54,54090
USER_007193,0.03877158430641261,0.0007715843064126093,0,0,69,2,2,6,0,1,4,8,8071
USER_007194,0.054867866693899994,0.016867866693899995,0,0,36,2,1,5,3,1,5,11,11007
USER_007195,0.05121167457140584,0.013211674571405839,0,0,32,1,1,5,1,2,4,13,13012
USER_007196,0.04446814286535768,0.0064681428653576775,0,0,68,2,1,8,2,1,4,47,47040
USER_007197,0.04675233450919972,0.008752334509199718,0,0,25,2,1,4,3,1,1,73,73063
USER_007198,0.0384346232584287,0.0004346232584287041,0,0,40,2,1,6,1,1,4,68,68089
USER_007199,0.06663236273860072,0.028632362738600724,0,0,30,2,3,5,1,1,3,13,13042
USER_007200,0.017812059724633504,-0.020187940275366495,1,1,40,2,1,5,3,1,4,25,25048
USER_007201,0.04209477511323845,0.004094775113238448,0,0,48,2,3,6,3,1,2,52,52006
USER_007202,0.0409753694678317,0.0029753694678317025,0,0,47,1,2,8,1,2,3,5,5008
USER_007203,0.0521992060909689,0.014199206090968898,0,0,59,2,2,8,0,1,2,19,19009
USER_007204,0.027342191838626514,-0.010657808161373485,1,1,19,2,1,6,1,1,5,50,50001
USER_007205,0.01384491096405196,-0.02415508903594804,1,1,28,2,1,5,2,1,1,76,76056
USER_007206,0.0423523452414729,0.004352345241472898,0,0,42,2,2,4,1,2,5,66,66039
USER_007207,0.044218457383279064,0.006218457383279065,0,0,46,2,1,3,1,1,2,11,11073
USER_007208,0.06234399114171474,0.02434399114171474,0,0,39,1,3,6,0,2,2,54,54033
USER_007209,0.020944569305123707,-0.017055430694876292,1,1,36,1,1,3,1,1,4,11,11087
USER_007210,0.0573204065007508,0.0193204065007508,0,0,26,2,2,6,2,2,3,19,19071
USER_007211,0.07551121546040682,0.03751121546040682,0,0,58,1,2,3,1,1,2,52,52062
USER_007212,0.034333526687162844,-0.0036664733128371554,1,1,55,2,1,2,1,1,2,13,13014
USER_007213,0.02063586670760164,-0.01736413329239836,1,1,46,1,3,4,1,1,1,50,50017
USER_007214,0.03389538450439943,-0.0041046154956005665,1,1,27,2,1,2,2,1,4,73,73097
USER_007215,0.04021007451057071,0.00221007451057071,0,0,39,1,1,3,1,1,2,25,25051
USER_007216,0.04845681812510372,0.010456818125103719,0,0,41,2,2,5,2,1,3,66,66006
USER_007217,0.03112907905242929,-0.0068709209475707085,1,1,25,2,1,7,3,2,5,11,11015
USER_007218,0.06332797801221013,0.02532797801221013,0,0,64,2,1,4,1,1,4,76,76064
USER_007219,0.023282015274879074,-0.014717984725120925,1,1,23,2,1,5,2,1,3,50,50031
USER_007220,0.013911922717408001,-0.024088077282591998,1,1,24,2,1,5,1,2,4,54,54039
USER_007221,0.05660065636430976,0.018600656364309763,0,0,37,2,1,5,0,1,4,76,76048
USER_007222,0.005880684531907008,-0.03211931546809299,1,0,34,1,1,5,2,2,4,13,13005
USER_007223,0.03693805346690926,-0.0010619465330907393,1,1,53,2,1,5,3,1,4,19,19038
USER_007224,0.08676521693812073,0.04876521693812073,0,0,25,2,1,5,3,2,5,25,25029
USER_007225,0.03981934670560103,0.0018193467056010285,0,0,30,2,3,2,2,1,5,11,11008
USER_007226,0.02318848523955626,-0.01481151476044374,1,1,41,2,2,8,3,1,2,8,8040
USER_007227,0.03913903804319809,0.0011390380431980929,0,0,63,2,1,8,0,2,4,25,25031
USER_007228,0.039237988170707,0.0012379881707069995,0,0,67,1,2,4,1,1,4,8,8030
USER_007229,0.04240974910529675,0.004409749105296748,0,0,48,1,2,7,2,1,2,25,25097
USER_007230,0.04993394473239429,0.011933944732394293,0,0,40,2,1,5,0,1,5,8,8032
USER_007231,0.024413332474483913,-0.013586667525516086,1,1,34,2,2,8,2,1,1,66,66064
USER_007232,0.0653132208285519,0.0273132208285519,0,0,67,1,2,5,0,2,4,11,11097
USER_007233,0.04367671426558927,0.005676714265589272,0,0,63,1,2,7,2,1,3,52,52039
USER_007234,0.05090191069602706,0.012901910696027058,0,0,41,2,2,3,2,1,1,50,50091
USER_007235,0.030577759003665363,-0.007422240996334636,1,0,60,2,2,6,0,1,3,11,11001
USER_007236,0.059295732054933,0.021295732054933,0,0,27,1,1,6,2,1,2,25,25050
USER_007237,0.03614421386780403,-0.0018557861321959676,1,1,48,2,1,7,0,1,1,68,68020
USER_007238,0.04416328770240298,0.0061632877024029795,0,0,62,1,1,4,1,1,3,68,68042
USER_007239,0.026003408842193362,-0.011996591157806637,1,1,37,2,1,6,0,1,2,11,11055
USER_007240,0.025046025603968097,-0.012953974396031902,1,1,33,1,1,3,2,1,3,25,25095
USER_007241,0.05032307959679324,0.01232307959679324,0,1,31,1,1,5,0,1,5,25,25015
USER_007242,0.033345897546889214,-0.004654102453110785,1,1,20,2,1,5,1,2,2,68,68003
USER_007243,0.027192653687434346,-0.010807346312565653,1,1,47,2,1,3,0,2,2,8,8004
USER_007244,0.030352249869594543,-0.0076477501304054556,1,1,35,2,1,3,3,1,1,11,11018
USER_007245,0.05048429607576132,0.01248429607576132,0,0,23,1,2,5,2,1,2,11,11012
USER_007246,0.030564432081945838,-0.007435567918054161,1,1,37,2,1,3,1,1,4,54,54096
USER_007247,0.038235176025967536,0.00023517602596753728,0,0,52,1,1,3,3,1,5,11,11013
USER_007248,0.04022541625430646,0.0022254162543064587,0,0,36,2,1,7,4,1,2,19,19019
USER_007249,0.011239766709845517,-0.02676023329015448,1,1,43,1,2,2,1,2,4,73,73051
USER_007250,0.01793310391939723,-0.020066896080602768,1,1,52,1,2,6,1,1,5,76,76084
USER_007251,0.04504416833871344,0.007044168338713443,0,0,29,1,1,2,0,1,3,25,25035
USER_007252,0.028944559582709545,-0.009055440417290454,1,1,25,2,1,4,3,1,3,76,76058
USER_007253,0.055850873669206276,0.017850873669206277,0,0,74,2,2,3,0,2,3,11,11073
USER_007254,0.05450210656375817,0.016502106563758168,0,0,74,2,2,6,1,1,1,11,11090
USER_007255,0.05078752999533156,0.012787529995331559,0,0,54,2,1,3,1,1,3,63,63067
USER_007256,0.06729657680968897,0.029296576809688966,0,0,66,1,2,8,1,2,4,25,25004
USER_007257,0.038753660083852254,0.0007536600838522547,0,0,27,1,1,5,1,1,4,19,19077
USER_007258,0.049733228888557586,0.011733228888557587,0,0,38,1,1,5,2,1,1,76,76010
USER_007259,0.031233985351059534,-0.006766014648940465,1,0,66,1,2,6,2,1,3,11,11090
USER_007260,0.07678554869303085,0.03878554869303085,0,0,58,1,1,3,0,1,5,66,66074
USER_007261,0.06975450478654029,0.03175450478654029,0,1,62,1,2,3,1,1,5,8,8046
USER_007262,0.04017820651776688,0.00217820651776688,0,0,59,2,1,5,1,1,2,68,68030
USER_007263,0.04579879344857788,0.0077987934485778815,0,0,46,2,1,4,0,1,3,11,11061
USER_007264,0.060389463990472084,0.022389463990472085,0,0,48,2,1,4,2,2,4,11,11071
USER_007265,0.037792907427788396,-0.0002070925722116035,1,1,57,2,1,7,0,1,1,25,25026
USER_007266,0.03015063893800443,-0.007849361061995568,1,1,24,2,1,4,1,1,2,8,8086
USER_007267,0.05310984626510324,0.015109846265103241,0,0,51,2,1,7,1,1,3,8,8045
USER_007268,0.04117658869125505,0.0031765886912550542,0,0,51,2,1,7,0,2,4,68,68042
USER_007269,0.04274491674467891,0.004744916744678911,0,0,47,2,1,4,0,2,2,19,19050
USER_007270,0.02748592985398052,-0.010514070146019478,1,1,21,2,1,3,0,1,3,5,5097
USER_007271,0.014234917774549057,-0.023765082225450943,1,1,58,2,2,7,2,1,1,25,25070
USER_007272,0.043542136148186514,0.005542136148186515,0,0,47,2,2,5,0,2,2,25,25011
USER_007273,0.053574430622412995,0.015574430622412996,0,0,42,2,1,4,1,1,2,54,54042
USER_007274,0.036612898763859376,-0.0013871012361406226,1,1,31,2,1,2,0,1,4,73,73023
USER_007275,0.061546442793383005,0.023546442793383006,0,0,41,2,2,4,0,1,3,66,66057
USER_007276,0.029441255118766833,-0.008558744881233166,1,1,60,2,2,6,0,1,1,63,63045
USER_007277,0.024179433175511203,-0.013820566824488796,1,1,48,2,1,7,1,2,2,11,11057
USER_007278,0.038991545392058034,0.0009915453920580353,0,1,70,2,1,5,1,2,1,11,11041
USER_007279,0.03876111136973064,0.0007611113697306437,0,0,56,2,2,5,1,1,3,68,68027
USER_007280,0.05154953097002834,0.01354953097002834,0,0,45,2,1,5,1,1,3,8,8089
USER_007281,0.02837555763904023,-0.00962444236095977,1,1,42,2,1,6,1,1,3,8,8018
USER_007282,0.06052141355222347,0.022521413552223472,0,0,36,1,2,1,0,1,3,13,13051
USER_007283,0.0695037544376238,0.0315037544376238,0,0,21,2,1,3,0,1,4,19,19031
USER_007284,0.039412839595474876,0.0014128395954748768,0,0,51,2,1,4,0,2,3,25,25069
USER_007285,0.05874565630276478,0.02074565630276478,0,0,49,1,2,6,3,1,5,68,68064
USER_007286,0.0241525439406211,-0.013847456059378899,1,1,42,2,1,5,2,2,5,25,25032
USER_007287,0.05612832311772874,0.018128323117728738,0,0,72,2,2,6,2,1,2,8,8087
USER_007288,0.05570914612839194,0.017709146128391938,0,0,39,1,3,7,2,1,1,11,11030
USER_007289,0.05295155920284818,0.014951559202848179,0,0,70,1,1,3,1,1,3,66,66084
USER_007290,0.03976655366694559,0.001766553666945593,0,0,45,2,1,6,0,1,4,73,73009
USER_007291,0.0,-0.038,1,1,72,2,1,6,1,1,5,13,13063
USER_007292,0.03037409284521806,-0.0076259071547819385,1,1,68,1,2,5,1,1,3,13,13066
USER_007293,0.030611259734730972,-0.007388740265269027,1,1,70,2,1,4,0,2,2,76,76075
USER_007294,0.02532617592909284,-0.012673824070907159,1,1,35,2,1,4,3,1,3,54,54016
USER_007295,0.04183364506820599,0.003833645068205993,0,0,70,1,2,5,0,1,2,8,8007
USER_007296,0.03371554831718148,-0.004284451682818519,1,1,24,1,2,4,1,1,2,50,50050
USER_007297,0.027630819853524672,-0.010369180146475327,1,1,28,1,1,4,1,1,3,47,47027
USER_007298,0.024117997776282703,-0.013882002223717296,1,1,59,2,2,5,1,1,2,8,8044
USER_007299,0.02926730521772157,-0.008732694782278429,1,1,28,2,1,1,4,2,1,11,11063
USER_007300,0.056822488177748924,0.018822488177748925,0,0,72,1,2,2,2,1,3,11,11040
USER_007301,0.030084624180587587,-0.007915375819412412,1,1,26,2,3,5,1,2,2,11,11044
USER_007302,0.03227591940350091,-0.005724080596499086,1,1,52,2,1,5,0,1,4,11,11077
USER_007303,0.03314953577465131,-0.00485046422534869,1,1,73,2,2,4,1,1,4,25,25012
USER_007304,0.04508490270714129,0.007084902707141294,0,0,54,1,2,2,0,1,4,11,11084
USER_007305,0.04684374232792799,0.008843742327927992,0,0,40,1,2,2,1,2,1,47,47038
USER_007306,0.0,-0.038,1,1,50,2,3,3,1,1,1,47,47081
USER_007307,0.055324528207414125,0.017324528207414126,0,0,18,2,1,2,2,2,1,8,8035
USER_007308,0.06154552051365631,0.023545520513656312,0,1,37,2,1,3,3,1,3,68,68089
USER_007309,0.02424720193957496,-0.01375279806042504,1,1,22,2,1,2,4,1,2,19,19021
USER_007310,0.02541552632897748,-0.012584473671022518,1,1,46,1,3,4,0,2,4,5,5036
USER_007311,0.03324619918332593,-0.004753800816674071,1,1,43,1,1,4,3,1,3,11,11047
USER_007312,0.02865993970815093,-0.00934006029184907,1,1,68,2,2,2,0,1,2,66,66081
USER_007313,0.0433589031091991,0.005358903109199099,0,0,55,2,2,5,1,2,3,76,76007
USER_007314,0.010802120704617038,-0.027197879295382962,1,1,20,2,1,7,1,1,5,68,68052
USER_007315,0.023231085879448905,-0.014768914120551094,1,1,38,1,1,3,0,1,2,63,63079
USER_007316,0.06308795800262361,0.02508795800262361,0,0,30,2,1,3,0,1,1,73,73026
USER_007317,0.026076700489779735,-0.011923299510220264,1,1,48,2,1,4,1,1,2,25,25082
USER_007318,0.05865142417154388,0.020651424171543878,0,0,34,2,2,4,2,2,1,11,11043
USER_007319,0.04533007293385206,0.007330072933852058,0,0,52,2,1,8,1,1,3,54,54064
USER_007320,0.012860984281176126,-0.025139015718823873,1,0,40,1,3,4,4,1,4,8,8012
USER_007321,0.0495299379282431,0.011529937928243097,0,0,20,2,1,2,2,2,4,11,11092
USER_007322,0.038234990467107204,0.0002349904671072045,0,0,70,1,1,4,0,1,4,50,50092
USER_007323,0.03316799415625389,-0.004832005843746108,1,1,72,2,1,7,0,1,5,11,11062
USER_007324,0.04367435639758006,0.005674356397580058,0,0,62,2,2,3,1,1,4,52,52045
USER_007325,0.04711950228350188,0.009119502283501883,0,0,19,2,1,5,0,1,1,5,5024
USER_007326,0.05061387732961929,0.012613877329619293,0,0,20,1,2,2,2,1,4,8,8016
USER_007327,0.05767379271322003,0.019673792713220034,0,0,37,2,1,2,1,1,3,11,11024
USER_007328,0.046122038691675346,0.008122038691675347,0,0,65,2,1,7,1,1,2,68,68057
USER_007329,0.019365488668204575,-0.018634511331795424,1,1,70,2,1,2,0,1,5,11,11006
USER_007330,0.03289531813523214,-0.005104681864767861,1,1,61,1,1,5,1,2,3,13,13025
USER_007331,0.08414572502902933,0.046145725029029326,0,0,74,2,1,5,1,1,3,76,76092
USER_007332,0.050867365905725916,0.012867365905725917,0,0,26,1,1,4,1,1,3,11,11019
USER_007333,0.07553930951217246,0.03753930951217246,0,0,65,2,1,6,0,1,4,8,8027
USER_007334,0.06093151123298778,0.022931511232987783,0,0,21,2,1,2,1,1,3,25,25039
USER_007335,0.04362703107333623,0.0056270310733362305,0,0,42,1,1,5,0,1,4,8,8006
USER_007336,0.04452110604671676,0.006521106046716761,0,0,69,2,1,6,0,1,1,8,8018
USER_007337,0.039451299401847315,0.0014512994018473155,0,0,67,2,2,4,2,1,2,11,11065
USER_007338,0.013932930762302509,-0.02406706923769749,1,1,18,1,1,4,1,1,2,11,11055
USER_007339,0.040270708787023365,0.0022707087870233664,0,0,56,2,1,4,0,1,1,52,52039
USER_007340,0.05816011828813296,0.02016011828813296,0,0,69,1,2,3,1,1,2,47,47060
USER_007341,0.031005400077681947,-0.0069945999223180524,1,1,29,2,1,2,2,1,4,73,73075
USER_007342,0.04617929498592714,0.008179294985927142,0,0,57,1,1,6,3,1,2,73,73073
USER_007343,0.05277386568839796,0.01477386568839796,0,0,57,1,1,2,0,1,1,11,11066
USER_007344,0.02635479341031287,-0.01164520658968713,1,1,41,1,2,8,3,1,2,54,54072
USER_007345,0.033230457034845035,-0.0047695429651549645,1,1,71,1,1,4,1,2,4,76,76070
USER_007346,0.024731327642842617,-0.013268672357157382,1,1,26,2,1,5,0,1,2,47,47070
USER_007347,0.027667515899658893,-0.010332484100341106,1,1,63,2,1,2,2,1,5,68,68086
USER_007348,0.02068592074520408,-0.01731407925479592,1,1,37,2,1,6,4,1,2,73,73028
USER_007349,0.0264932730793296,-0.0115067269206704,1,1,22,1,3,3,1,1,4,11,11070
USER_007350,0.061291835211967585,0.023291835211967586,0,0,37,1,2,5,0,1,4,76,76068
USER_007351,0.026267844563645615,-0.011732155436354384,1,1,38,2,1,4,1,1,2,63,63025
USER_007352,0.04189688828591035,0.003896888285910352,0,0,19,2,1,5,2,2,3,13,13086
USER_007353,0.03245696869493566,-0.005543031305064339,1,1,38,2,1,4,3,1,3,11,11057
USER_007354,0.057682989055554086,0.019682989055554087,0,0,59,2,3,2,1,1,3,19,19018
USER_007355,0.05966743444905425,0.02166743444905425,0,0,41,2,1,4,0,2,1,68,68073
USER_007356,0.0529610497320842,0.014961049732084203,0,0,26,1,2,8,2,1,1,25,25015
USER_007357,0.04459201829654132,0.006592018296541324,0,0,56,1,1,6,1,1,3,11,11088
USER_007358,0.03653410694738653,-0.001465893052613472,1,1,72,2,2,6,2,1,3,63,63091
USER_007359,0.022121879437131255,-0.015878120562868744,1,1,47,1,1,3,3,2,3,19,19029
USER_007360,0.06915293321683295,0.031152933216832955,0,0,71,2,1,4,0,1,3,25,25035
USER_007361,0.0286049047337117,-0.0093950952662883,1,1,35,2,1,6,3,2,4,11,11095
USER_007362,0.04995469520549262,0.011954695205492624,0,0,61,2,3,4,1,1,2,11,11090
USER_007363,0.05589348358935096,0.01789348358935096,0,0,60,1,1,9,1,1,2,25,25088
USER_007364,0.03167079254642006,-0.006329207453579941,1,1,27,2,1,4,1,1,2,5,5037
USER_007365,0.05557018790973943,0.01757018790973943,0,0,62,2,2,3,0,2,1,19,19023
USER_007366,0.05146319805008283,0.01346319805008283,0,0,58,2,2,6,1,1,3,11,11044
USER_007367,0.06591945753072648,0.02791945753072648,0,0,65,1,2,3,1,2,3,47,47053
USER_007368,0.03295980300359933,-0.005040196996400667,1,1,38,2,1,7,0,1,3,73,73040
USER_007369,0.020712039740804277,-0.017287960259195722,1,1,39,2,3,6,0,2,1,73,73042
USER_007370,0.03241765366833233,-0.0055823463316676675,1,1,34,1,2,3,2,1,2,25,25056
USER_007371,0.04313280313801498,0.00513280313801498,0,0,22,1,2,6,1,1,1,25,25086
USER_007372,0.04087319090627585,0.0028731909062758507,0,0,23,1,3,5,2,1,4,8,8084
USER_007373,0.03409843155588174,-0.003901568444118257,1,1,27,2,1,2,1,1,4,11,11097
USER_007374,0.011362038115341358,-0.02663796188465864,1,0,60,2,1,5,1,2,1,25,25030
USER_007375,0.047057244941936596,0.009057244941936597,0,0,19,1,1,5,1,1,2,25,25085
USER_007376,0.069585167186233,0.031585167186233006,0,0,24,1,2,3,1,1,3,19,19048
USER_007377,0.04696376857184505,0.008963768571845054,0,0,63,2,1,1,1,2,3,25,25045
USER_007378,0.049137032785802705,0.011137032785802706,0,0,21,1,1,4,1,1,3,68,68081
USER_007379,0.04858667959232653,0.01058667959232653,0,0,54,2,2,3,2,2,3,54,54043
USER_007380,0.045955700048236,0.007955700048236002,0,0,36,2,1,3,3,1,5,11,11062
USER_007381,0.053974989503021424,0.015974989503021425,0,1,70,2,2,6,0,2,3,25,25012
USER_007382,0.04593060521778499,0.007930605217784992,0,0,45,1,2,7,1,1,2,11,11093
USER_007383,0.035309842455200864,-0.002690157544799135,1,1,37,1,1,2,0,1,3,5,5007
USER_007384,0.02806016634986869,-0.009939833650131309,1,1,47,2,3,8,2,1,3,76,76090
USER_007385,0.036265395170789874,-0.0017346048292101249,1,1,59,1,1,6,3,1,3,8,8043
USER_007386,0.04471194244675999,0.006711942446759989,0,0,55,2,1,3,1,1,4,11,11009
USER_007387,0.0352587555831554,-0.0027412444168445974,1,1,19,2,3,8,0,1,4,76,76070
USER_007388,0.044715080246971455,0.0067150802469714554,0,0,20,1,2,2,2,2,3,63,63090
USER_007389,0.046587252005506265,0.008587252005506266,0,0,64,2,1,2,0,1,3,25,25052
USER_007390,0.052497691469052726,0.014497691469052727,0,0,59,1,1,6,0,2,3,8,8083
USER_007391,0.05924192453258471,0.021241924532584708,0,0,66,2,3,5,0,1,5,76,76061
USER_007392,0.04117011127718286,0.0031701112771828632,0,0,56,2,1,4,1,1,3,5,5068
USER_007393,0.02038335152278509,-0.01761664847721491,1,1,42,1,1,3,1,1,4,73,73096
USER_007394,0.03482343854771215,-0.0031765614522878474,1,1,19,2,2,3,0,1,2,5,5051
USER_007395,0.04066093851109899,0.002660938511098991,0,1,56,2,1,2,2,2,4,25,25015
USER_007396,0.012463468657343643,-0.025536531342656356,1,1,32,2,1,3,2,1,4,11,11003
USER_007397,0.06082996780153723,0.022829967801537232,0,0,20,2,1,5,1,2,5,19,19066
USER_007398,0.042135668687656995,0.004135668687656996,0,0,22,2,3,3,2,2,2,76,76042
USER_007399,0.04572029251870428,0.007720292518704278,0,0,71,2,1,5,1,1,3,25,25078
USER_007400,0.060482896937893986,0.022482896937893987,0,0,57,1,1,3,0,1,3,73,73050
USER_007401,0.0305478575478648,-0.007452142452135199,1,1,53,2,2,7,1,2,4,11,11019
USER_007402,0.048610628963260454,0.010610628963260454,0,0,67,2,1,3,0,2,2,11,11045
USER_007403,0.03835203815347096,0.00035203815347096407,0,0,68,2,1,5,0,1,3,25,25075
USER_007404,0.03723869699476121,-0.0007613030052387865,1,1,57,2,1,4,0,1,5,5,5097
USER_007405,0.028417114182934314,-0.009582885817065685,1,1,72,1,2,3,0,1,2,8,8021
USER_007406,0.0649840482052979,0.026984048205297907,0,0,55,2,1,7,1,1,2,76,76056
USER_007407,0.034367499398866436,-0.0036325006011335634,1,1,54,1,1,2,1,1,3,8,8085
USER_007408,0.05049196370343553,0.012491963703435534,0,0,44,2,1,3,1,2,3,63,63056
USER_007409,0.011874889187920956,-0.026125110812079043,1,1,22,2,1,3,0,1,3,54,54083
USER_007410,0.057699827945346796,0.019699827945346797,0,0,34,1,3,6,0,1,3,63,63050
USER_007411,0.05578316733935588,0.01778316733935588,0,0,55,2,1,5,4,2,3,25,25093
USER_007412,0.04146151165445955,0.0034615116544595495,0,0,62,1,2,8,2,1,4,25,25038
USER_007413,0.036595863007931134,-0.0014041369920688648,1,1,58,1,2,2,1,1,3,25,25008
USER_007414,0.0460000000842035,0.008000000084203499,0,0,73,2,2,1,2,1,1,5,5040
USER_007415,0.07433185991320433,0.03633185991320433,0,0,29,2,1,9,2,2,5,54,54032
USER_007416,0.013551449516447725,-0.024448550483552274,1,0,59,1,1,2,0,1,5,11,11055
USER_007417,0.05173041081361191,0.013730410813611912,0,0,48,1,3,7,3,1,2,63,63044
USER_007418,0.026325740467691462,-0.011674259532308537,1,1,50,1,1,5,0,2,2,73,73034
USER_007419,0.03970122405550403,0.001701224055504033,0,0,60,2,2,4,2,1,2,11,11021
USER_007420,0.036281798213820056,-0.0017182017861799431,1,1,46,1,1,4,0,1,4,11,11020
USER_007421,0.03357522613303367,-0.004424773866966332,1,1,55,2,1,3,1,2,5,13,13027
USER_007422,0.03984302306420906,0.0018430230642090609,0,0,20,2,1,4,0,1,1,63,63050
USER_007423,0.022987432820833143,-0.015012567179166856,1,1,55,2,1,7,0,1,5,11,11056
USER_007424,0.055437706541919506,0.017437706541919507,0,0,58,2,3,8,1,2,1,25,25023
USER_007425,0.013087847332020995,-0.024912152667979005,1,1,71,2,2,4,2,1,5,50,50063
USER_007426,0.04809646769242513,0.010096467692425129,0,0,57,1,3,7,1,1,3,11,11058
USER_007427,0.03510196221198143,-0.002898037788018566,1,0,47,1,2,4,1,1,2,5,5080
USER_007428,0.022436126592888198,-0.015563873407111802,1,1,64,2,1,3,1,1,4,13,13077
USER_007429,0.04303575055898043,0.00503575055898043,0,0,39,2,1,5,4,1,4,11,11085
USER_007430,0.016645733699402834,-0.021354266300597165,1,0,55,2,2,4,0,2,5,66,66007
USER_007431,0.04059570732579452,0.002595707325794519,0,0,49,2,1,4,2,1,2,63,63089
USER_007432,0.018656846382826685,-0.019343153617173314,1,1,72,2,2,7,1,1,2,63,63080
USER_007433,0.046919081264767466,0.008919081264767467,0,0,60,1,2,9,2,1,5,52,52085
USER_007434,0.026134639995544367,-0.011865360004455632,1,1,27,1,2,4,1,1,4,11,11029
USER_007435,0.03323508974456036,-0.004764910255439639,1,1,49,2,2,5,0,1,4,63,63049
USER_007436,0.04440924081914743,0.006409240819147434,0,0,60,2,2,4,2,2,3,50,50036
USER_007437,0.028411868322366463,-0.009588131677633536,1,1,21,2,1,2,0,1,3,68,68030
USER_007438,0.03913054000497546,0.0011305400049754638,0,0,46,2,1,7,1,1,2,13,13085
USER_007439,0.017292542481327198,-0.0207074575186728,1,0,62,2,1,4,1,1,1,66,66034
USER_007440,0.049463134053942336,0.011463134053942337,0,0,25,2,1,7,0,1,3,13,13053
USER_007441,0.06647370708326157,0.028473707083261572,0,0,37,1,3,3,3,1,4,5,5049
USER_007442,0.08188313301864941,0.04388313301864941,0,0,64,1,1,2,1,1,3,68,68028
USER_007443,0.041367522199996586,0.0033675221999965865,0,0,24,2,2,6,3,1,1,50,50084
USER_007444,0.0518230621119578,0.013823062111957801,0,0,18,2,1,8,0,2,1,11,11003
USER_007445,0.013290614906387664,-0.024709385093612334,1,1,42,1,1,2,1,1,4,50,50024
USER_007446,0.06254101489458382,0.024541014894583817,0,0,43,2,1,7,1,1,4,11,11078
USER_007447,0.05164342757086159,0.013643427570861594,0,0,26,2,2,6,0,1,3,11,11020
USER_007448,0.032740998325731505,-0.0052590016742684945,1,1,40,1,2,5,1,1,5,73,73008
USER_007449,0.05855771200433514,0.020557712004335142,0,0,57,1,1,3,1,1,3,11,11018
USER_007450,0.036182858850319875,-0.0018171411496801237,1,1,19,2,2,6,3,1,3,11,11049
USER_007451,0.03312962225478165,-0.0048703777452183475,1,1,43,2,1,5,2,1,5,50,50017
USER_007452,0.04713002388141237,0.009130023881412368,0,0,31,2,2,6,0,1,1,54,54064
USER_007453,0.024049682502545223,-0.013950317497454776,1,0,61,1,2,4,5,1,3,19,19004
USER_007454,0.05532437146599922,0.017324371465999223,0,0,48,2,2,6,0,2,4,11,11023
USER_007455,0.02416015282109735,-0.013839847178902649,1,1,43,1,1,3,1,2,4,11,11050
USER_007456,0.024249178152652207,-0.013750821847347793,1,1,72,2,1,6,0,1,2,47,47076
USER_007457,0.026354653173874986,-0.011645346826125013,1,1,66,1,2,4,0,1,4,5,5034
USER_007458,0.05139250056274183,0.013392500562741834,0,1,36,2,1,8,1,1,2,13,13050
USER_007459,0.030748369577204386,-0.007251630422795613,1,1,55,2,2,3,2,1,4,66,66001
USER_007460,0.019780063234492468,-0.01821993676550753,1,1,70,2,1,3,2,1,3,73,73035
USER_007461,0.03091480000096303,-0.007085199999036968,1,1,22,2,2,7,2,1,4,11,11094
USER_007462,0.0395193644397927,0.0015193644397926975,0,0,74,2,1,6,0,1,3,63,63021
USER_007463,0.02228541274503422,-0.01571458725496578,1,1,23,2,1,3,0,1,3,11,11035
USER_007464,0.02272478336448485,-0.015275216635515149,1,1,52,1,3,3,1,2,3,11,11087
USER_007465,0.07166944501149376,0.033669445011493764,0,0,33,1,1,4,2,1,4,13,13079
USER_007466,0.027091518942791697,-0.010908481057208302,1,0,48,2,1,7,2,1,4,11,11023
USER_007467,0.0351543644684049,-0.0028456355315951004,1,1,35,2,1,6,0,1,5,11,11059
USER_007468,0.03449144498801071,-0.003508555011989288,1,1,31,2,2,3,1,1,3,19,19065
USER_007469,0.033679647883443374,-0.004320352116556625,1,0,42,2,1,5,2,2,2,54,54031
USER_007470,0.04932020109953653,0.011320201099536534,0,0,32,1,2,3,0,2,3,50,50027
USER_007471,0.054222144257080745,0.016222144257080746,0,0,43,1,2,7,0,1,2,11,11087
USER_007472,0.03541068352702612,-0.0025893164729738766,1,1,53,1,1,5,4,1,4,8,8084
USER_007473,0.02145282570111477,-0.01654717429888523,1,0,28,2,1,7,1,2,4,11,11032
USER_007474,0.05911660341773355,0.021116603417733554,0,0,54,2,1,8,1,1,2,11,11096
USER_007475,0.03856988363204976,0.00056988363204976,0,0,58,1,2,4,1,1,1,13,13084
USER_007476,0.06595482722285753,0.027954827222857533,0,0,54,1,1,4,2,1,3,68,68028
USER_007477,0.00631621153652256,-0.03168378846347744,1,0,24,1,1,3,1,1,5,5,5022
USER_007478,0.04293104831924981,0.0049310483192498075,0,0,35,1,2,9,0,2,1,50,50005
USER_007479,0.06877909500814312,0.030779095008143124,0,1,67,2,1,7,0,1,4,8,8003
USER_007480,0.03470103796842763,-0.0032989620315723722,1,1,37,1,1,4,1,1,5,63,63097
USER_007481,0.03661759864998046,-0.0013824013500195395,1,1,73,1,3,5,0,1,4,73,73081
USER_007482,0.044432675373855084,0.006432675373855085,0,0,19,2,2,3,3,1,3,5,5062
USER_007483,0.03161806271672564,-0.0063819372832743596,1,1,43,1,1,7,0,2,4,68,68051
USER_007484,0.035318921019209006,-0.0026810789807909935,1,1,40,2,3,5,0,1,2,50,50099
USER_007485,0.03493277358712896,-0.003067226412871042,1,1,49,2,3,1,0,1,4,25,25075
USER_007486,0.030588688983604402,-0.007411311016395597,1,1,30,2,1,3,4,2,5,25,25073
USER_007487,0.058432848253008395,0.020432848253008395,0,0,30,1,1,3,0,1,4,73,73048
USER_007488,0.046916170484446525,0.008916170484446526,0,0,34,2,2,1,4,1,1,11,11067
USER_007489,0.04375942348154953,0.005759423481549529,0,0,42,2,3,5,1,1,2,5,5091
USER_007490,0.05212856510335175,0.014128565103351753,0,0,39,1,2,8,1,1,5,68,68023
USER_007491,0.036034662501948,-0.001965337498052,1,1,44,1,1,1,0,1,3,25,25059
USER_007492,0.028386942724706495,-0.009613057275293505,1,1,34,1,1,2,3,1,2,11,11007
USER_007493,0.03096063543078164,-0.007039364569218359,1,1,43,2,1,4,0,1,4,54,54051
USER_007494,0.04002674561656913,0.0020267456165691325,0,0,55,1,1,2,2,1,2,73,73011
USER_007495,0.02411182437440647,-0.013888175625593528,1,1,31,1,1,7,1,1,2,5,5058
USER_007496,0.03249608475119987,-0.005503915248800131,1,1,70,1,2,7,0,2,4,50,50041
USER_007497,0.03225825037192848,-0.005741749628071516,1,1,31,2,1,4,0,1,1,11,11047
USER_007498,0.0718683434474352,0.0338683434474352,0,0,29,1,1,3,0,2,2,8,8099
USER_007499,0.0,-0.038,1,1,22,2,3,6,0,1,2,11,11057
USER_007500,0.0373057041789155,-0.0006942958210844966,1,1,54,2,1,4,1,1,2,73,73042
USER_007501,0.06588540689222155,0.027885406892221555,0,0,21,2,1,5,1,1,4,11,11083
USER_007502,0.04182766696198681,0.00382766696198681,0,0,72,2,1,4,1,1,3,47,47074
USER_007503,0.05130126210131639,0.013301262101316394,0,0,46,2,1,7,2,1,1,11,11028
USER_007504,0.04149739472649652,0.0034973947264965236,0,0,42,2,2,7,1,1,2,11,11046
USER_007505,0.029989999281752795,-0.008010000718247205,1,1,62,2,2,7,0,1,4,25,25073
USER_007506,0.0063712609823663065,-0.03162873901763369,1,1,21,2,1,7,1,1,2,73,73069
USER_007507,0.04308183530554455,0.005081835305544548,0,0,67,2,2,2,2,1,3,11,11092
USER_007508,0.028365900930964135,-0.009634099069035864,1,1,33,2,1,10,0,1,3,19,19083
USER_007509,0.027994968907520446,-0.010005031092479553,1,1,67,1,1,4,0,2,2,68,68015
USER_007510,0.032515191160313324,-0.005484808839686675,1,1,19,1,1,3,2,2,5,19,19048
USER_007511,0.0661729210993524,0.028172921099352398,0,0,40,2,3,9,1,2,2,66,66061
USER_007512,0.0760725631338096,0.0380725631338096,0,0,21,1,1,3,3,1,3,5,5050
USER_007513,0.043258119062926016,0.005258119062926017,0,0,37,1,1,5,1,1,3,11,11046
USER_007514,0.033028491641324084,-0.004971508358675915,1,1,34,1,2,4,1,1,1,52,52053
USER_007515,0.022341603738231842,-0.015658396261768157,1,1,69,2,1,4,0,2,4,63,63027
USER_007516,0.04702810242319104,0.009028102423191041,0,0,23,1,2,1,0,2,3,63,63065
USER_007517,0.06674358400097716,0.02874358400097716,0,0,35,2,1,3,2,2,4,25,25054
USER_007518,0.03628989419462265,-0.0017101058053773516,1,1,37,2,1,4,1,1,1,11,11028
USER_007519,0.004315059388701638,-0.03368494061129836,1,1,56,2,2,4,1,1,3,11,11004
USER_007520,0.05005074507723286,0.01205074507723286,0,0,62,2,1,1,3,1,4,11,11013
USER_007521,0.054780995671750744,0.016780995671750745,0,0,58,2,3,7,1,1,4,19,19060
USER_007522,0.016212315394212286,-0.021787684605787713,1,1,51,2,1,4,1,1,2,25,25059
USER_007523,0.04264726275494429,0.004647262754944294,0,0,57,1,1,6,0,1,1,5,5079
USER_007524,0.046768390242041484,0.008768390242041485,0,0,63,2,1,5,0,2,3,11,11063
USER_007525,0.03890339046986592,0.0009033904698659209,0,1,71,1,3,5,2,1,1,68,68044
USER_007526,0.028138436213719697,-0.009861563786280302,1,1,41,2,1,7,1,2,5,13,13012
USER_007527,0.055239058353453344,0.017239058353453345,0,0,35,1,3,2,1,1,2,25,25045
USER_007528,0.03394930381046976,-0.004050696189530238,1,1,47,2,2,5,1,1,4,19,19012
USER_007529,0.01772220755950102,-0.02027779244049898,1,0,18,2,2,4,0,1,3,11,11032
USER_007530,0.009257882714954788,-0.02874211728504521,1,1,40,2,3,1,1,2,3,8,8053
USER_007531,0.05891274279998965,0.02091274279998965,0,0,46,2,1,5,2,1,5,11,11089
USER_007532,0.04924995964706677,0.011249959647066772,0,0,58,2,2,3,3,2,4,50,50082
USER_007533,0.04131960320693753,0.003319603206937534,0,0,58,2,1,5,3,1,3,68,68064
USER_007534,0.03339588044723795,-0.004604119552762048,1,1,49,2,2,6,0,2,3,11,11031
USER_007535,0.0320650237869531,-0.005934976213046901,1,1,19,2,1,3,3,2,2,11,11076
USER_007536,0.02386395027337583,-0.014136049726624168,1,1,65,1,2,4,0,1,1,11,11018
USER_007537,0.03352816533160173,-0.004471834668398268,1,1,53,2,2,3,0,2,2,63,63006
USER_007538,0.008198691773197386,-0.029801308226802613,1,1,62,1,2,8,3,1,2,13,13003
USER_007539,0.028959045197972287,-0.009040954802027712,1,1,34,2,1,4,3,2,2,25,25013
USER_007540,0.03533593725473359,-0.002664062745266406,1,1,60,2,2,5,2,1,3,52,52061
USER_007541,0.049148200707856284,0.011148200707856284,0,0,72,2,1,3,1,1,2,73,73070
USER_007542,0.03940110304939955,0.0014011030493995477,0,0,19,2,3,6,1,1,4,8,8012
USER_007543,0.05192384670813339,0.013923846708133389,0,0,21,2,1,5,1,1,2,73,73007
USER_007544,0.06023702657670144,0.022237026576701444,0,0,61,2,2,2,0,1,4,25,25085
USER_007545,0.055872551407361526,0.017872551407361527,0,0,51,2,1,2,2,1,3,8,8054
USER_007546,0.04705764771067835,0.009057647710678352,0,0,18,2,2,8,1,1,3,25,25004
USER_007547,0.040177940187711765,0.002177940187711766,0,0,40,2,1,7,0,1,2,19,19096
USER_007548,0.025288179873796612,-0.012711820126203387,1,1,23,2,2,8,1,1,2,11,11012
USER_007549,0.051099160770689746,0.013099160770689747,0,0,33,1,1,9,1,2,4,11,11061
USER_007550,0.06519621073332293,0.027196210733322936,0,0,19,1,3,5,3,1,3,11,11071
USER_007551,0.04513159059475627,0.007131590594756272,0,0,63,2,1,6,0,1,2,19,19043
USER_007552,0.06875888722639184,0.03075888722639184,0,0,69,2,3,5,0,1,5,66,66030
USER_007553,0.017116424379083745,-0.020883575620916254,1,1,29,2,1,5,2,1,2,19,19051
USER_007554,0.02268754922830688,-0.015312450771693117,1,0,44,2,1,3,1,1,3,68,68019
USER_007555,0.052828022616223935,0.014828022616223936,0,0,36,1,2,4,1,1,2,13,13097
USER_007556,0.04396435315229877,0.0059643531522987694,0,0,45,2,2,3,2,1,2,11,11029
USER_007557,0.059706732648577114,0.021706732648577115,0,0,52,2,2,5,2,2,3,13,13045
USER_007558,0.03976792538909891,0.0017679253890989094,0,0,68,2,1,5,0,1,1,5,5076
USER_007559,0.02698036866207502,-0.011019631337924978,1,1,60,2,3,3,1,2,4,25,25021
USER_007560,0.036796101366924364,-0.0012038986330756354,1,1,21,1,2,4,1,1,4,5,5067
USER_007561,0.01700974043614399,-0.020990259563856008,1,1,66,2,1,5,1,1,2,66,66023
USER_007562,0.023071139903544483,-0.014928860096455516,1,1,66,2,1,7,0,2,4,25,25078
USER_007563,0.05458665996877015,0.01658665996877015,0,0,24,2,1,7,2,1,4,66,66063
USER_007564,0.05309181121704415,0.01509181121704415,0,0,54,2,1,4,1,1,4,52,52061
USER_007565,0.045445064272091155,0.007445064272091156,0,1,68,1,1,7,2,1,1,13,13061
USER_007566,0.014183837185592957,-0.023816162814407044,1,1,42,2,2,2,0,1,3,11,11087
USER_007567,0.034623946367306674,-0.003376053632693325,1,1,70,1,1,6,2,1,1,13,13076
USER_007568,0.02162500167009924,-0.016374998329900758,1,1,68,1,2,5,0,1,1,68,68018
USER_007569,0.05764799880681648,0.01964799880681648,0,0,58,2,1,5,0,1,2,5,5045
USER_007570,0.03124416799656098,-0.00675583200343902,1,1,34,1,1,7,0,1,5,68,68026
USER_007571,0.02371378433827676,-0.01428621566172324,1,1,58,2,1,4,0,1,3,63,63097
USER_007572,0.04044694247682137,0.0024469424768213677,0,0,31,2,2,4,1,1,4,11,11017
USER_007573,0.030397683147480824,-0.007602316852519175,1,1,54,1,1,6,3,1,4,25,25019
USER_007574,0.0622561586530556,0.024256158653055603,0,0,71,2,1,3,1,1,2,11,11017
USER_007575,0.02897783653698714,-0.00902216346301286,1,1,19,1,1,3,2,1,4,73,73073
USER_007576,0.019011576111630533,-0.018988423888369466,1,1,41,1,1,3,1,1,3,11,11012
USER_007577,0.007706297263637267,-0.030293702736362733,1,1,32,1,3,7,0,1,1,25,25041
USER_007578,0.03953820246379877,0.0015382024637987726,0,0,65,1,3,5,1,1,4,47,47007
USER_007579,0.03157104829213111,-0.006428951707868891,1,1,68,2,1,6,3,1,3,68,68066
USER_007580,0.0185664309023241,-0.0194335690976759,1,0,50,2,1,3,2,1,3,68,68003
USER_007581,0.05783839691883678,0.01983839691883678,0,0,72,2,2,4,1,1,3,25,25053
USER_007582,0.05000867721143863,0.012008677211438633,0,0,29,1,1,5,3,1,5,76,76036
USER_007583,0.039576731815941554,0.0015767318159415553,0,0,36,1,2,5,2,1,4,54,54073
USER_007584,0.060464893662562996,0.022464893662562997,0,0,69,2,1,3,1,1,2,11,11054
USER_007585,0.0499380405009792,0.0119380405009792,0,0,64,1,1,4,1,1,4,8,8092
USER_007586,0.027657161477223517,-0.010342838522776482,1,1,22,2,1,1,2,1,4,8,8040
USER_007587,0.02441169754013851,-0.01358830245986149,1,1,18,1,2,4,1,1,3,19,19069
USER_007588,0.05226972316680792,0.01426972316680792,0,0,60,2,1,9,2,1,5,8,8023
USER_007589,0.045945504347010266,0.007945504347010267,0,1,26,1,1,6,3,1,3,11,11006
USER_007590,0.04254621651955993,0.0045462165195599286,0,0,56,2,1,4,1,1,3,11,11041
USER_007591,0.02730253295696639,-0.01069746704303361,1,1,51,1,1,3,0,2,4,25,25092
USER_007592,0.04911921350508631,0.011119213505086309,0,0,46,2,1,4,5,1,4,66,66035
USER_007593,0.028667516752990764,-0.009332483247009235,1,1,66,2,1,5,1,1,3,8,8033
USER_007594,0.03847020018109483,0.0004702001810948306,0,1,65,1,3,3,1,1,4,11,11022
USER_007595,0.0617041621958047,0.0237041621958047,0,0,65,1,1,5,0,1,4,11,11004
USER_007596,0.030087486462847816,-0.007912513537152183,1,1,63,2,1,4,4,1,4,11,11091
USER_007597,0.016405161143907086,-0.021594838856092913,1,1,19,2,3,4,0,1,4,66,66036
USER_007598,0.024211792121948347,-0.013788207878051652,1,1,36,2,2,7,1,1,3,73,73059
USER_007599,0.05491448240031435,0.016914482400314353,0,0,45,2,2,3,2,1,2,50,50037
USER_007600,0.04382096706070314,0.00582096706070314,0,0,52,1,2,3,2,1,2,68,68084
USER_007601,0.0380668393196687,6.683931966870033e-05,0,0,57,2,2,6,0,1,2,19,19058
USER_007602,0.03236359292032646,-0.005636407079673542,1,1,70,1,1,4,3,2,2,11,11032
USER_007603,0.04728039861329785,0.009280398613297852,0,0,74,2,2,3,1,1,4,19,19099
USER_007604,0.02726342723514665,-0.01073657276485335,1,1,68,2,1,9,1,1,4,8,8015
USER_007605,0.04458498352963894,0.0065849835296389395,0,0,65,1,1,2,3,1,2,76,76097
USER_007606,0.029031181467805648,-0.008968818532194351,1,1,39,2,1,4,1,2,2,73,73060
USER_007607,0.02653510922087419,-0.011464890779125807,1,0,21,2,2,4,1,1,5,11,11020
USER_007608,0.030437688477624826,-0.007562311522375173,1,1,25,2,2,4,2,2,2,68,68023
USER_007609,0.034368888302740576,-0.003631111697259423,1,1,18,2,2,7,2,2,2,11,11098
USER_007610,0.039267552460994455,0.001267552460994456,0,0,53,2,1,2,2,1,3,13,13022
USER_007611,0.04353183692666671,0.005531836926666714,0,0,24,1,1,2,0,1,4,11,11008
USER_007612,0.0,-0.038,1,1,42,2,2,6,0,1,3,52,52009
USER_007613,0.02788524163379853,-0.01011475836620147,1,1,46,2,2,2,4,1,4,8,8067
USER_007614,0.034126450339659414,-0.0038735496603405847,1,1,18,1,1,5,0,2,3,50,50043
USER_007615,0.06257593057912494,0.024575930579124945,0,0,73,2,1,6,0,2,5,63,63090
USER_007616,0.02379996087426802,-0.014200039125731978,1,0,35,1,2,4,1,1,2,25,25019
USER_007617,0.04244194927149869,0.004441949271498692,0,0,21,1,1,5,0,1,1,47,47013
USER_007618,0.06242545464603756,0.024425454646037563,0,0,37,1,1,2,0,1,3,52,52094
USER_007619,0.020305472050790908,-0.01769452794920909,1,1,63,1,2,7,4,2,2,68,68039
USER_007620,0.045909628387966035,0.007909628387966036,0,0,25,1,1,6,1,1,3,76,76028
USER_007621,0.027965922490982197,-0.010034077509017802,1,1,44,2,1,3,3,1,2,73,73087
USER_007622,0.032430493865661485,-0.005569506134338514,1,1,67,2,3,3,1,1,4,11,11035
USER_007623,0.027953337490700284,-0.010046662509299715,1,1,56,2,2,4,2,1,4,8,8056
USER_007624,0.02902214037376171,-0.008977859626238288,1,1,52,1,1,5,2,2,3,68,68059
USER_007625,0.08082868221859739,0.04282868221859739,0,0,42,2,1,4,2,2,3,54,54099
USER_007626,0.05266683808107499,0.014666838081074988,0,0,70,2,1,4,0,1,4,11,11025
USER_007627,0.056526067926793135,0.018526067926793136,0,0,31,2,1,5,1,1,1,11,11064
USER_007628,0.04737990230254744,0.009379902302547441,0,0,61,1,2,7,1,2,4,11,11093
USER_007629,0.01590614817397063,-0.022093851826029368,1,0,64,1,1,7,0,1,3,25,25082
USER_007630,0.04592436955484961,0.007924369554849611,0,0,57,1,2,5,3,1,3,76,76045
USER_007631,0.0560939442176102,0.0180939442176102,0,0,48,2,3,3,0,2,5,11,11034
USER_007632,0.02719900788941333,-0.01080099211058667,1,1,22,1,1,5,1,1,4,11,11044
USER_007633,0.0544799000074169,0.0164799000074169,0,0,34,2,1,6,1,1,5,11,11075
USER_007634,0.050565043147811184,0.012565043147811185,0,0,74,2,2,3,1,1,3,52,52053
USER_007635,0.06778060067220505,0.029780600672205053,0,1,27,2,2,6,2,1,3,11,11098
USER_007636,0.03373325481229572,-0.004266745187704278,1,1,60,2,1,9,0,1,2,73,73007
USER_007637,0.0235358352658641,-0.0144641647341359,1,1,72,2,1,4,0,1,4,19,19015
USER_007638,0.034575578359411815,-0.0034244216405881836,1,1,33,2,2,5,0,1,2,11,11043
USER_007639,0.06153356489745435,0.023533564897454354,0,0,65,2,1,8,2,2,2,8,8084
USER_007640,0.012573911787370558,-0.02542608821262944,1,1,21,2,1,6,1,2,4,25,25038
USER_007641,0.008974364268534518,-0.02902563573146548,1,1,72,2,1,2,1,1,3,68,68078
USER_007642,0.0413409291839742,0.0033409291839742034,0,0,22,2,3,8,1,1,2,47,47074
USER_007643,0.03336116060838766,-0.0046388393916123385,1,1,59,2,1,5,1,1,3,25,25041
USER_007644,0.04011591839763527,0.0021159183976352733,0,0,63,2,1,5,1,1,2,50,50028
USER_007645,0.05417967656853798,0.016179676568537978,0,0,58,2,1,3,1,2,3,73,73016
USER_007646,0.03171145980821721,-0.006288540191782786,1,1,67,1,3,3,3,1,4,68,68023
USER_007647,0.011904912536040693,-0.026095087463959304,1,1,37,1,1,4,0,2,3,54,54053
USER_007648,0.07066722335799916,0.03266722335799916,0,0,23,2,2,4,3,1,2,68,68095
USER_007649,0.02504157568841836,-0.012958424311581639,1,1,28,2,1,3,0,2,4,47,47095
USER_007650,0.024114443169818537,-0.013885556830181462,1,1,70,2,2,3,1,1,5,25,25024
USER_007651,0.056555800205838946,0.018555800205838947,0,0,34,2,2,5,3,2,3,5,5052
USER_007652,0.03423266318437723,-0.003767336815622767,1,1,58,1,1,5,0,1,5,25,25051
USER_007653,0.03904915221947784,0.0010491522194778433,0,0,74,1,1,4,1,1,1,5,5001
USER_007654,0.04724185186090477,0.009241851860904773,0,0,20,1,1,2,1,2,5,66,66070
USER_007655,0.056253746546649934,0.018253746546649935,0,0,33,2,1,4,0,1,3,5,5008
USER_007656,0.03499808960227342,-0.0030019103977265774,1,1,69,1,2,6,1,2,5,5,5030
USER_007657,0.0627992800887145,0.024799280088714494,0,0,53,1,1,3,1,1,2,5,5096
USER_007658,0.007963002268977918,-0.03003699773102208,1,1,43,1,2,4,1,2,3,13,13081
USER_007659,0.05139680855429616,0.01339680855429616,0,0,41,2,1,5,0,1,5,50,50038
USER_007660,0.02740708662973514,-0.01059291337026486,1,1,71,1,1,5,3,1,3,73,73072
USER_007661,0.06058406974911987,0.02258406974911987,0,0,64,2,1,2,1,1,4,19,19090
USER_007662,0.04213066718245818,0.004130667182458178,0,0,51,2,1,5,3,1,2,66,66089
USER_007663,0.02990642001985898,-0.00809357998014102,1,1,37,2,1,2,1,1,4,25,25040
USER_007664,0.04994261639532449,0.011942616395324492,0,0,34,2,1,4,1,1,2,11,11099
USER_007665,0.053397825208108776,0.015397825208108777,0,0,68,2,1,2,0,2,2,68,68062
USER_007666,0.049628411842879576,0.011628411842879577,0,0,37,2,2,5,2,2,3,63,63021
USER_007667,0.024554556405504094,-0.013445443594495905,1,1,33,2,2,5,1,1,2,47,47005
USER_007668,0.03273974314566873,-0.00526025685433127,1,0,73,1,2,2,1,1,4,73,73065
USER_007669,0.039938907443178476,0.0019389074431784767,0,0,68,2,3,8,3,1,4,63,63059
USER_007670,0.039381105210249095,0.0013811052102490964,0,0,70,2,3,5,3,1,3,11,11074
USER_007671,0.05124618213157522,0.013246182131575218,0,0,66,1,1,7,0,1,1,11,11003
USER_007672,0.009776481512400879,-0.02822351848759912,1,1,21,1,1,8,1,2,3,13,13097
USER_007673,0.04501490581830255,0.0070149058183025526,0,0,35,1,1,5,1,2,1,11,11087
USER_007674,0.0356502796834504,-0.0023497203165495986,1,1,53,1,1,3,0,1,4,11,11093
USER_007675,0.027422490754240716,-0.010577509245759283,1,0,70,2,3,5,2,2,2,11,11099
USER_007676,0.028862698333456005,-0.009137301666543994,1,1,52,1,1,3,2,1,5,73,73062
USER_007677,0.036781935032230546,-0.0012180649677694527,1,1,47,1,2,7,1,1,2,11,11094
USER_007678,0.0,-0.038,1,1,71,2,1,6,2,1,3,68,68006
USER_007679,0.029480656438126755,-0.008519343561873245,1,1,35,2,3,3,0,1,1,11,11033
USER_007680,0.026862777630305604,-0.011137222369694395,1,1,38,1,2,6,1,1,5,8,8097
USER_007681,0.04799174813983936,0.009991748139839364,0,0,69,1,1,7,1,1,3,63,63096
USER_007682,0.027917099762342194,-0.010082900237657805,1,1,49,2,1,6,0,1,2,50,50063
USER_007683,0.036773292997442655,-0.0012267070025573437,1,1,22,2,2,6,2,1,4,68,68034
USER_007684,0.06313414941491953,0.02513414941491953,0,0,58,2,3,4,0,1,2,68,68058
USER_007685,0.05491527279723135,0.016915272797231352,0,0,71,2,2,6,3,1,1,66,66028
USER_007686,0.05353407099915179,0.015534070999151793,0,0,40,2,2,4,0,1,4,68,68006
USER_007687,0.032501913543837226,-0.0054980864561627735,1,1,47,2,1,4,0,2,2,11,11072
USER_007688,0.048145484189344785,0.010145484189344786,0,0,44,2,1,4,0,1,5,11,11097
USER_007689,0.036491532993196095,-0.0015084670068039041,1,1,73,2,3,6,3,1,2,19,19012
USER_007690,0.03705860183984593,-0.0009413981601540666,1,1,32,2,1,7,4,1,2,73,73036
USER_007691,0.046145280156198246,0.008145280156198247,0,0,58,2,1,5,4,1,3,63,63005
USER_007692,0.031045096173686018,-0.006954903826313981,1,1,31,2,1,5,1,2,5,47,47092
USER_007693,0.06239504656664805,0.02439504656664805,0,0,38,2,2,4,1,1,2,11,11094
USER_007694,0.03759804790603094,-0.0004019520939690588,1,0,73,2,2,2,1,1,3,63,63066
USER_007695,0.04927540849389497,0.011275408493894974,0,0,51,2,1,3,1,1,1,11,11033
USER_007696,0.06183400718885947,0.023834007188859474,0,0,43,1,1,4,0,1,1,25,25067
USER_007697,0.05547480661862762,0.017474806618627624,0,0,42,2,1,4,0,1,4,54,54096
USER_007698,0.018866213459642133,-0.019133786540357866,1,1,67,2,2,1,2,2,2,5,5010
USER_007699,0.04667343842514826,0.008673438425148262,0,0,62,2,3,3,3,1,4,25,25015
USER_007700,0.0527607909169097,0.014760790916909704,0,0,48,1,1,6,1,1,2,76,76070
USER_007701,0.053377945332411234,0.015377945332411234,0,0,70,1,1,4,1,1,2,13,13092
USER_007702,0.023300577488280533,-0.014699422511719466,1,1,65,2,2,4,1,1,3,66,66047
USER_007703,0.030144471444740143,-0.007855528555259856,1,0,23,2,1,2,1,2,1,54,54022
USER_007704,0.054918373536124325,0.016918373536124326,0,0,65,1,1,8,1,1,2,8,8038
USER_007705,0.028573594439760316,-0.009426405560239683,1,0,21,2,1,5,2,1,2,5,5090
USER_007706,0.03550455915003529,-0.0024954408499647113,1,1,41,2,2,5,0,2,2,63,63017
USER_007707,0.06363813714252954,0.025638137142529542,0,0,59,1,1,4,0,2,3,11,11024
USER_007708,0.03928301124422815,0.0012830112442281522,0,0,48,1,3,4,2,2,4,11,11062
USER_007709,0.029098387932492354,-0.008901612067507645,1,1,36,2,1,4,0,2,4,25,25075
USER_007710,0.026835739647056427,-0.011164260352943572,1,1,28,2,1,3,1,2,2,25,25084
USER_007711,0.044990789943777816,0.006990789943777817,0,0,46,1,1,5,1,1,3,11,11047
USER_007712,0.020002779872841873,-0.017997220127158126,1,1,22,2,2,1,1,1,1,8,8074
USER_007713,0.03628996054155373,-0.0017100394584462705,1,1,35,2,2,5,0,1,3,52,52048
USER_007714,0.04499845802485033,0.006998458024850329,0,0,20,1,1,2,0,1,3,68,68087
USER_007715,0.05948724730821501,0.02148724730821501,0,0,57,2,1,4,2,2,3,76,76062
USER_007716,0.050013221205549935,0.012013221205549936,0,0,28,2,1,1,1,1,4,25,25084
USER_007717,0.02928902323026732,-0.008710976769732679,1,0,38,2,1,4,2,1,4,25,25051
USER_007718,0.05767628976345581,0.019676289763455812,0,0,47,1,2,7,0,1,1,63,63059
USER_007719,0.03550727443678784,-0.0024927255632121587,1,1,36,2,2,5,1,1,1,11,11031
USER_007720,0.021464454669258868,-0.01653554533074113,1,1,70,1,1,4,1,2,4,63,63050
USER_007721,0.03741937961101791,-0.0005806203889820866,1,1,42,2,3,2,0,1,3,11,11056
USER_007722,0.06157253801718553,0.023572538017185528,0,0,52,2,2,5,1,1,2,47,47033
USER_007723,0.04247860075097388,0.0044786007509738796,0,0,29,1,1,3,0,1,4,76,76002
USER_007724,0.0401878279649468,0.0021878279649467994,0,0,64,2,1,4,0,1,3,13,13062
USER_007725,0.0645581746705428,0.0265581746705428,0,0,43,1,1,5,1,1,3,13,13098
USER_007726,0.018529677294183592,-0.019470322705816407,1,1,72,2,1,4,2,2,4,66,66005
USER_007727,0.020716013289208416,-0.017283986710791583,1,0,73,2,1,4,2,1,4,25,25098
USER_007728,0.01576230293549752,-0.02223769706450248,1,1,65,2,2,3,1,2,2,68,68073
USER_007729,0.045589722797200825,0.007589722797200826,0,0,22,1,1,7,1,2,5,11,11081
USER_007730,0.04249739690672687,0.004497396906726868,0,0,36,2,1,6,1,1,3,63,63089
USER_007731,0.06314104550919664,0.025141045509196637,0,0,44,2,2,4,1,1,3,73,73014
USER_007732,0.04365212615705155,0.005652126157051553,0,0,55,1,2,5,2,2,4,25,25058
USER_007733,0.03393764260781046,-0.00406235739218954,1,1,46,1,3,3,0,1,3,50,50025
USER_007734,0.04002692309317161,0.0020269230931716092,0,0,29,2,3,4,1,2,2,25,25032
USER_007735,0.041765611276914374,0.0037656112769143754,0,0,36,2,1,4,1,1,5,47,47053
USER_007736,0.014923580900077496,-0.0230764190999225,1,1,26,2,1,3,0,1,4,50,50091
USER_007737,0.0806549746650234,0.0426549746650234,0,0,35,1,2,3,4,1,2,11,11010
USER_007738,0.047798065271528675,0.009798065271528676,0,0,46,2,3,5,1,1,3,11,11021
USER_007739,0.043150124620338834,0.005150124620338835,0,0,20,1,1,4,1,1,2,11,11080
USER_007740,0.04922745976417871,0.011227459764178709,0,0,40,1,1,1,0,1,3,11,11055
USER_007741,0.05064116470879908,0.012641164708799078,0,0,47,2,1,8,1,1,2,68,68008
USER_007742,0.03789169771746353,-0.000108302282536471,1,1,63,1,2,4,1,2,4,11,11096
USER_007743,0.030531382956389495,-0.007468617043610504,1,1,41,1,2,3,0,1,4,25,25097
USER_007744,0.04899176029482556,0.010991760294825563,0,0,70,2,2,5,0,1,2,8,8034
USER_007745,0.04578566260797179,0.00778566260797179,0,1,54,1,1,5,0,1,3,25,25088
USER_007746,0.02785164851365888,-0.01014835148634112,1,1,54,2,1,1,1,2,3,25,25051
USER_007747,0.06128553417050896,0.023285534170508958,0,0,21,2,1,9,1,2,4,25,25079
USER_007748,0.04440028054484475,0.006400280544844754,0,0,74,1,1,4,1,2,3,25,25089
USER_007749,0.05094729043401446,0.012947290434014463,0,0,71,2,3,5,0,1,1,8,8091
USER_007750,0.06087881331519879,0.02287881331519879,0,0,45,2,1,6,3,1,2,76,76025
USER_007751,0.04032833231747252,0.002328332317472523,0,0,33,2,1,7,1,1,3,73,73056
USER_007752,0.04475428010476173,0.0067542801047617285,0,0,30,1,2,3,1,1,3,11,11018
USER_007753,0.05215040857759175,0.014150408577591748,0,0,25,2,1,5,1,1,5,50,50020
USER_007754,0.02912708374299922,-0.00887291625700078,1,0,73,2,3,1,0,1,3,52,52092
USER_007755,0.04081077494269002,0.0028107749426900183,0,0,70,2,1,3,0,1,4,8,8014
USER_007756,0.04188322879976723,0.003883228799767234,0,0,65,2,2,6,1,1,1,8,8052
USER_007757,0.025659121724749087,-0.012340878275250912,1,1,42,2,2,3,0,1,3,25,25038
USER_007758,0.07476455183010818,0.036764551830108176,0,0,19,2,1,2,2,1,3,68,68011
USER_007759,0.018890598347613963,-0.019109401652386036,1,1,47,2,1,4,3,1,5,5,5028
USER_007760,0.020528441444692635,-0.017471558555307364,1,1,57,2,1,6,2,1,2,11,11079
USER_007761,0.05971339863555369,0.021713398635553688,0,0,20,2,1,5,1,1,3,68,68030
USER_007762,0.050698993761948134,0.012698993761948135,0,1,40,1,1,2,1,1,4,11,11005
USER_007763,0.024610527737788334,-0.013389472262211665,1,1,46,2,3,4,1,1,4,11,11068
USER_007764,0.04910933522652539,0.011109335226525394,0,0,58,2,1,7,0,2,5,11,11071
USER_007765,0.062017756674959644,0.024017756674959645,0,0,47,1,1,5,2,1,5,73,73039
USER_007766,0.039546054136045214,0.0015460541360452149,0,0,28,1,1,5,0,1,3,11,11040
USER_007767,0.07898234350111873,0.04098234350111873,0,0,38,2,2,5,3,1,4,13,13035
USER_007768,0.014139072836979471,-0.023860927163020528,1,1,44,2,3,5,1,1,1,11,11003
USER_007769,0.05040735180788653,0.012407351807886532,0,0,41,2,1,2,2,2,4,11,11092
USER_007770,0.057497925043315044,0.019497925043315045,0,0,69,2,1,2,0,1,2,13,13037
USER_007771,0.0533701585240787,0.015370158524078699,0,0,48,2,1,5,0,2,3,11,11068
USER_007772,0.036934664100315276,-0.0010653358996847231,1,1,47,2,1,3,2,1,4,47,47058
USER_007773,0.03564337776983276,-0.002356622230167242,1,1,18,1,1,5,1,2,2,11,11011
USER_007774,0.04666217756630886,0.008662177566308861,0,0,18,2,1,2,3,1,4,47,47004
USER_007775,0.052236317299781045,0.014236317299781046,0,0,71,1,2,3,0,1,2,50,50068
USER_007776,0.04903710154423545,0.011037101544235449,0,0,25,2,1,4,0,1,2,68,68044
USER_007777,0.05560086836190084,0.01760086836190084,0,0,65,2,3,3,2,1,4,25,25090
USER_007778,0.024716950643998974,-0.013283049356001025,1,1,59,1,1,3,2,1,4,68,68090
USER_007779,0.03658343531314548,-0.0014165646868545198,1,1,51,2,2,3,1,1,4,54,54050
USER_007780,0.025899761018143688,-0.01210023898185631,1,1,33,2,3,3,2,1,5,11,11073
USER_007781,0.034208308358707876,-0.0037916916412921234,1,1,44,2,3,3,1,2,2,8,8077
USER_007782,0.05522831337721458,0.01722831337721458,0,0,21,2,2,7,1,1,4,68,68052
USER_007783,0.041619758810878434,0.0036197588108784345,0,0,36,2,1,5,0,1,5,8,8079
USER_007784,0.07910288744724654,0.04110288744724654,0,0,46,2,1,4,1,1,1,11,11027
USER_007785,0.04290109550784575,0.004901095507845753,0,0,58,2,2,2,0,1,2,52,52009
USER_007786,0.04089537820869604,0.0028953782086960436,0,0,20,1,2,2,0,1,5,50,50018
USER_007787,0.04159274379160324,0.0035927437916032437,0,0,28,2,1,9,1,2,2,68,68096
USER_007788,0.03043286960710096,-0.007567130392899038,1,1,25,2,3,3,1,2,5,11,11010
USER_007789,0.0391324508143361,0.0011324508143360987,0,0,56,2,2,3,5,1,3,11,11038
USER_007790,0.05691682040667469,0.018916820406674688,0,0,50,2,1,5,1,2,3,11,11036
USER_007791,0.041709560021916586,0.0037095600219165872,0,0,25,1,1,5,2,1,2,76,76038
USER_007792,0.02809810405174793,-0.009901895948252068,1,1,42,2,1,3,3,1,2,8,8041
USER_007793,0.026123730692820472,-0.011876269307179527,1,1,41,2,1,5,1,1,4,11,11010
USER_007794,0.03324697162501235,-0.0047530283749876515,1,1,43,2,2,2,1,1,4,8,8007
USER_007795,0.041107951516163206,0.003107951516163207,0,0,43,2,1,6,1,1,2,66,66079
USER_007796,0.05790379803214393,0.019903798032143934,0,0,34,1,1,5,0,1,2,11,11011
USER_007797,0.01989267037950345,-0.01810732962049655,1,1,44,1,2,5,2,2,5,8,8064
USER_007798,0.035202605831668655,-0.0027973941683313436,1,0,46,1,2,8,1,1,4,25,25043
USER_007799,0.04216465029152618,0.004164650291526184,0,0,60,2,1,6,1,1,2,50,50010
USER_007800,0.012494413485558476,-0.02550558651444152,1,1,56,2,1,4,3,1,3,68,68005
USER_007801,0.027496025755503906,-0.010503974244496093,1,1,26,1,3,4,0,1,5,5,5083
USER_007802,0.029801671903957206,-0.008198328096042793,1,1,31,1,1,5,0,1,3,63,63032
USER_007803,0.028060444392242527,-0.009939555607757472,1,1,22,2,1,5,1,1,1,11,11077
USER_007804,0.04287834317532471,0.004878343175324713,0,0,67,2,2,5,2,1,3,63,63041
USER_007805,0.03759160585747304,-0.0004083941425269619,1,1,47,2,1,4,2,1,2,11,11072
USER_007806,0.03167070846098446,-0.006329291539015541,1,0,73,2,1,3,2,2,3,11,11051
USER_007807,0.046419439398289526,0.008419439398289527,0,0,74,1,1,6,1,1,4,8,8011
USER_007808,0.06584612076469375,0.027846120764693748,0,0,72,2,1,2,1,1,3,11,11002
USER_007809,0.06458884775112628,0.026588847751126278,0,0,45,1,2,2,0,1,2,11,11046
USER_007810,0.011158423419064957,-0.026841576580935042,1,0,62,1,1,1,1,1,4,8,8076
USER_007811,0.04865608275752709,0.010656082757527094,0,0,54,1,1,4,2,1,2,11,11062
USER_007812,0.03732965064904242,-0.0006703493509575761,1,1,25,2,2,9,3,2,1,5,5017
USER_007813,0.042327330142980346,0.004327330142980347,0,0,32,1,2,2,2,1,2,68,68010
USER_007814,0.03402575449686177,-0.003974245503138227,1,1,71,2,2,6,2,1,4,19,19012
USER_007815,0.04176382944830803,0.003763829448308033,0,0,45,2,1,1,1,1,5,19,19043
USER_007816,0.042271110941080284,0.004271110941080285,0,0,53,2,1,4,2,2,4,50,50050
USER_007817,0.03131572363976615,-0.006684276360233846,1,1,50,2,1,5,0,1,2,11,11037
USER_007818,0.02655448678262229,-0.01144551321737771,1,1,23,1,1,6,0,1,3,68,68036
USER_007819,0.033269564760707734,-0.004730435239292265,1,1,73,2,1,5,1,2,3,8,8045
USER_007820,0.04351388896685148,0.005513888966851482,0,0,68,1,2,4,0,2,1,13,13046
USER_007821,0.04898494512526396,0.010984945125263962,0,0,29,2,2,5,1,1,5,63,63081
USER_007822,0.0528002346601022,0.014800234660102198,0,0,24,2,1,5,0,1,3,13,13036
USER_007823,0.03258714965399631,-0.005412850346003688,1,1,62,2,1,5,0,1,3,11,11042
USER_007824,0.044257668509541055,0.006257668509541056,0,0,45,2,1,7,0,1,1,47,47096
USER_007825,0.054437538879299474,0.016437538879299475,0,0,24,1,1,5,1,1,2,68,68021
USER_007826,0.05748392342716192,0.019483923427161924,0,0,58,1,1,8,1,2,2,52,52088
USER_007827,0.03911750718802717,0.001117507188027174,0,0,18,2,1,5,1,1,2,11,11085
USER_007828,0.03668602412590582,-0.001313975874094181,1,0,70,2,2,3,3,2,2,50,50005
USER_007829,0.042866863507545885,0.004866863507545886,0,0,41,1,1,3,2,1,2,76,76043
USER_007830,0.022754387906538914,-0.015245612093461085,1,1,62,1,1,2,0,1,4,25,25096
USER_007831,0.03709585733446738,-0.0009041426655326187,1,1,36,2,3,4,0,2,1,11,11048
USER_007832,0.051168795977096955,0.013168795977096956,0,0,70,2,1,3,1,2,3,47,47054
USER_007833,0.04962920694165552,0.01162920694165552,0,0,49,2,3,4,1,1,2,8,8015
USER_007834,0.035945985934541666,-0.002054014065458333,1,1,47,2,1,8,1,1,4,63,63031
USER_007835,0.0432657730163075,0.005265773016307498,0,0,18,2,1,7,0,1,5,11,11019
USER_007836,0.027630244895639686,-0.010369755104360313,1,1,49,1,1,3,1,1,3,8,8064
USER_007837,0.050552382223375374,0.012552382223375375,0,0,74,1,2,5,0,1,3,54,54074
USER_007838,0.03883267845795291,0.0008326784579529081,0,0,37,1,1,5,0,1,1,11,11073
USER_007839,0.03586072822455793,-0.00213927177544207,1,1,38,2,1,5,0,1,3,11,11011
USER_007840,0.0345741424585992,-0.0034258575414007966,1,0,36,2,1,4,1,1,3,11,11024
USER_007841,0.039056591996502125,0.0010565919965021264,0,0,47,2,1,3,2,2,5,11,11068
USER_007842,0.03328183532602062,-0.004718164673979376,1,1,67,2,1,6,0,1,1,19,19062
USER_007843,0.04987214554003845,0.011872145540038452,0,0,45,1,2,6,0,2,2,66,66097
USER_007844,0.03407074677975729,-0.003929253220242707,1,1,49,2,1,3,1,1,3,73,73048
USER_007845,0.06389446144041072,0.025894461440410722,0,0,47,2,1,4,0,1,3,5,5050
USER_007846,0.06197815755222071,0.023978157552220714,0,0,40,1,1,4,1,1,3,11,11095
USER_007847,0.02662684765218243,-0.011373152347817567,1,1,44,2,1,6,0,1,5,25,25024
USER_007848,0.041045564041439206,0.003045564041439207,0,0,54,2,2,3,1,1,3,13,13066
USER_007849,0.03024015067995708,-0.0077598493200429185,1,1,43,2,1,5,1,1,4,68,68006
USER_007850,0.03510028655217083,-0.002899713447829168,1,0,20,1,1,4,3,1,3,8,8033
USER_007851,0.07003641201467195,0.03203641201467195,0,0,48,1,3,4,1,1,3,63,63056
USER_007852,0.03538642874326301,-0.002613571256736988,1,1,19,1,1,3,1,1,4,47,47051
USER_007853,0.04540339055616143,0.007403390556161432,0,0,71,1,2,3,1,2,1,19,19067
USER_007854,0.04811981941012418,0.01011981941012418,0,0,27,2,1,3,3,1,3,47,47036
USER_007855,0.02499055941275139,-0.013009440587248608,1,0,55,2,1,4,0,1,4,76,76033
USER_007856,0.027173567883861927,-0.010826432116138072,1,1,36,2,1,4,1,1,2,8,8004
USER_007857,0.021909664428878216,-0.016090335571121783,1,1,48,1,1,4,2,1,1,11,11038
USER_007858,0.026710438991533345,-0.011289561008466655,1,1,46,1,2,4,0,2,2,25,25088
USER_007859,0.0,-0.038,1,1,42,2,3,4,1,1,4,50,50007
USER_007860,0.04816873601190442,0.01016873601190442,0,0,49,2,1,5,0,1,2,8,8041
USER_007861,0.07081290761884104,0.03281290761884104,0,0,34,1,1,7,0,1,2,11,11070
USER_007862,0.0422173110855479,0.0042173110855479035,0,0,68,2,1,3,1,2,3,8,8072
USER_007863,0.01875596710989089,-0.01924403289010911,1,1,62,1,1,4,4,2,2,25,25011
USER_007864,0.030358354256500783,-0.007641645743499216,1,1,66,2,2,2,1,2,5,68,68005
USER_007865,0.03311684732462505,-0.004883152675374952,1,1,40,1,1,3,0,1,3,73,73076
USER_007866,0.024736228341799366,-0.013263771658200633,1,1,35,2,1,5,0,1,2,11,11031
USER_007867,0.05290273957592735,0.014902739575927353,0,1,28,1,1,3,0,1,2,11,11084
USER_007868,0.05215390066563001,0.014153900665630013,0,0,69,2,1,4,1,2,2,5,5015
USER_007869,0.022668223092735106,-0.015331776907264894,1,0,37,1,1,7,1,1,3,13,13065
USER_007870,0.050876215666712625,0.012876215666712626,0,0,30,2,1,2,2,1,2,5,5053
USER_007871,0.06290218995365898,0.024902189953658983,0,0,41,2,2,7,1,1,5,68,68034
USER_007872,0.06853837307844339,0.03053837307844339,0,0,60,2,1,4,1,2,5,25,25087
USER_007873,0.08297818034628944,0.04497818034628944,0,0,37,1,1,2,0,1,4,76,76090
USER_007874,0.02647011025835204,-0.01152988974164796,1,0,68,2,1,6,2,1,5,11,11082
USER_007875,0.08236330639592805,0.04436330639592805,0,0,59,1,2,1,0,1,3,25,25006
USER_007876,0.03468690417236818,-0.0033130958276318193,1,1,45,1,1,6,1,2,4,66,66059
USER_007877,0.031113018169292288,-0.006886981830707711,1,0,52,2,1,5,1,2,4,11,11039
USER_007878,0.04490608562316768,0.006906085623167683,0,0,38,1,2,7,1,1,2,13,13087
USER_007879,0.031269079988604814,-0.006730920011395185,1,1,23,2,1,4,0,2,4,68,68088
USER_007880,0.04598566210969789,0.007985662109697894,0,0,24,2,3,4,1,2,3,52,52070
USER_007881,0.020198842183940476,-0.017801157816059524,1,1,46,2,3,4,3,1,4,50,50044
USER_007882,0.03641871096904849,-0.0015812890309515118,1,1,70,1,2,4,0,1,3,25,25018
USER_007883,0.059283733515425194,0.021283733515425195,0,0,40,1,2,10,0,1,4,25,25084
USER_007884,0.03914408062853266,0.0011440806285326621,0,0,69,2,2,5,2,1,3,25,25050
USER_007885,0.042123936801098244,0.004123936801098245,0,0,22,1,1,4,2,1,2,8,8044
USER_007886,0.04712887907075967,0.009128879070759668,0,0,39,2,1,7,2,1,3,11,11058
USER_007887,0.057559924439764903,0.019559924439764904,0,0,26,1,2,5,0,1,5,25,25017
USER_007888,0.015171629317158507,-0.022828370682841492,1,0,49,2,2,3,2,1,3,76,76055
USER_007889,0.04876786077756152,0.01076786077756152,0,0,71,2,2,3,2,2,4,11,11049
USER_007890,0.035977912911373554,-0.0020220870886264453,1,1,27,2,3,5,3,1,3,11,11036
USER_007891,0.04249956842967758,0.004499568429677581,0,0,63,1,1,4,1,1,3,5,5049
USER_007892,0.05589925254643564,0.017899252546435644,0,0,60,1,2,7,0,1,2,19,19056
USER_007893,0.022087200228822337,-0.01591279977117766,1,1,66,2,2,2,6,1,5,11,11045
USER_007894,0.024810333378353658,-0.013189666621646341,1,1,45,1,2,6,1,1,5,50,50060
USER_007895,0.010968550604292908,-0.02703144939570709,1,1,28,1,1,5,1,1,4,25,25003
USER_007896,0.03176261587354336,-0.006237384126456642,1,1,24,1,2,7,2,1,4,25,25046
USER_007897,0.05995648516568225,0.02195648516568225,0,0,47,2,1,3,2,1,3,19,19090
USER_007898,0.03819119217289796,0.0001911921728979596,0,0,60,2,1,2,1,1,3,54,54060
USER_007899,0.019898126565178215,-0.018101873434821784,1,1,62,2,1,5,1,2,1,47,47033
USER_007900,0.032714818831374295,-0.005285181168625704,1,1,68,1,3,3,1,1,1,63,63081
USER_007901,0.017682074447640656,-0.020317925552359343,1,0,55,1,2,4,1,1,2,54,54026
USER_007902,0.023122208474032575,-0.014877791525967424,1,1,51,2,1,5,2,1,3,8,8013
USER_007903,0.0458322836539557,0.007832283653955698,0,0,63,1,1,6,2,2,4,76,76087
USER_007904,0.022391900105409566,-0.015608099894590433,1,1,45,1,2,5,2,1,3,11,11030
USER_007905,0.05668951457804953,0.01868951457804953,0,1,49,2,3,5,1,1,4,63,63068
USER_007906,0.03893319563754496,0.000933195637544959,0,0,33,1,1,3,1,1,4,66,66072
USER_007907,0.04128392055916788,0.0032839205591678813,0,0,56,2,3,6,0,1,2,25,25095
USER_007908,0.035824405485881596,-0.0021755945141184035,1,1,18,2,1,4,1,1,5,8,8060
USER_007909,0.051592717578155846,0.013592717578155847,0,0,51,2,3,3,0,1,2,11,11008
USER_007910,0.05174739831665516,0.013747398316655161,0,0,58,2,2,7,0,1,3,73,73068
USER_007911,0.045025815278682574,0.007025815278682575,0,0,74,2,1,3,2,1,2,25,25089
USER_007912,0.04847183658861472,0.010471836588614718,0,0,40,2,1,6,2,2,4,11,11079
USER_007913,0.036818654951193616,-0.0011813450488063829,1,1,67,2,1,5,1,1,1,66,66034
USER_007914,0.04813304510363573,0.010133045103635732,0,0,70,2,1,6,1,2,3,11,11058
USER_007915,0.0349318333678929,-0.0030681666321071,1,1,37,2,2,5,0,1,5,25,25033
USER_007916,0.04003347433243603,0.0020334743324360305,0,0,35,2,1,8,4,1,3,25,25040
USER_007917,0.03588034375950554,-0.002119656240494462,1,1,35,1,3,3,1,1,4,5,5050
USER_007918,0.033141721910212064,-0.004858278089787935,1,0,59,2,2,5,1,1,2,25,25050
USER_007919,0.02966332303417315,-0.00833667696582685,1,1,57,2,3,7,1,1,3,25,25091
USER_007920,0.047015351557883285,0.009015351557883286,0,0,38,2,2,5,1,2,2,52,52082
USER_007921,0.05965908869220195,0.02165908869220195,0,0,25,2,1,4,1,1,4,66,66053
USER_007922,0.05756652957504339,0.019566529575043394,0,0,51,2,1,4,0,1,1,68,68091
USER_007923,0.02115151996081847,-0.01684848003918153,1,0,67,1,1,5,2,1,4,11,11015
USER_007924,0.0593380457711031,0.021338045771103098,0,0,28,2,2,5,1,1,4,11,11004
USER_007925,0.035227622475731066,-0.0027723775242689333,1,1,60,2,2,3,0,1,4,68,68070
USER_007926,0.04901099522718388,0.011010995227183878,0,0,68,1,1,4,0,1,3,8,8028
USER_007927,0.026406770019291835,-0.011593229980708164,1,1,60,2,1,5,2,2,5,52,52041
USER_007928,0.04212969870811008,0.004129698708110079,0,0,27,1,2,5,1,1,3,47,47078
USER_007929,0.044705847743453604,0.006705847743453605,0,0,25,2,1,4,0,2,3,52,52005
USER_007930,0.01773092812120521,-0.02026907187879479,1,1,64,1,1,4,0,1,2,76,76070
USER_007931,0.04912400749516284,0.01112400749516284,0,0,25,2,1,5,1,2,4,11,11015
USER_007932,0.06018902511757473,0.02218902511757473,0,0,36,1,2,5,5,2,4,54,54033
USER_007933,0.03738028081477558,-0.0006197191852244169,1,1,18,1,2,6,3,1,2,68,68069
USER_007934,0.06040252196242019,0.022402521962420194,0,0,72,2,1,6,3,1,2,68,68038
USER_007935,0.037154597598213886,-0.0008454024017861134,1,1,69,1,3,4,2,1,2,25,25016
USER_007936,0.05274376796569926,0.014743767965699262,0,0,20,2,2,3,0,1,2,66,66065
USER_007937,0.006721450510733509,-0.03127854948926649,1,1,70,2,2,1,0,1,3,25,25071
USER_007938,0.07628166668970195,0.03828166668970195,0,0,61,2,1,5,0,2,2,11,11068
USER_007939,0.062431873678644355,0.024431873678644356,0,0,49,2,1,4,2,1,4,11,11022
USER_007940,0.035730617436194816,-0.0022693825638051834,1,1,65,1,1,2,0,1,4,11,11048
USER_007941,0.010418664600342731,-0.027581335399657268,1,1,71,1,1,5,2,1,3,8,8094
USER_007942,0.04432042552458234,0.00632042552458234,0,0,33,1,1,5,0,2,3,11,11077
USER_007943,0.01834111679389365,-0.01965888320610635,1,1,47,2,1,2,1,2,2,11,11091
USER_007944,0.04667280306336232,0.008672803063362322,0,0,66,1,3,5,1,1,4,47,47094
USER_007945,0.046173485787464226,0.008173485787464227,0,0,45,2,1,3,0,2,3,68,68053
USER_007946,0.02587895246496963,-0.01212104753503037,1,0,45,2,1,10,2,1,5,50,50046
USER_007947,0.056814505354215665,0.018814505354215666,0,0,33,2,1,7,2,2,1,68,68076
USER_007948,0.052083620542092604,0.014083620542092605,0,0,58,1,2,5,0,1,3,11,11004
USER_007949,0.05463735005932845,0.016637350059328454,0,0,71,1,1,4,1,1,3,5,5011
USER_007950,0.04013286555503343,0.0021328655550334336,0,1,68,1,1,3,0,2,3,8,8017
USER_007951,0.018767138996294404,-0.019232861003705595,1,1,50,2,1,4,3,1,4,73,73009
USER_007952,0.05466808408316706,0.016668084083167063,0,0,42,1,1,4,0,2,3,11,11015
USER_007953,0.03594442901296313,-0.0020555709870368685,1,1,35,2,1,2,0,2,1,11,11005
USER_007954,0.019153297852109966,-0.018846702147890033,1,1,43,2,1,5,2,2,5,8,8071
USER_007955,0.06028059048961489,0.022280590489614893,0,0,23,2,1,2,2,1,4,76,76074
USER_007956,0.07149111280753764,0.033491112807537644,0,0,55,1,1,3,1,1,1,73,73055
USER_007957,0.039381278065311956,0.001381278065311957,0,0,61,2,2,1,1,1,5,25,25031
USER_007958,0.07238681731904938,0.03438681731904938,0,0,20,2,1,5,0,1,3,19,19068
USER_007959,0.041369720929170246,0.0033697209291702473,0,0,60,2,1,8,1,1,3,11,11077
USER_007960,0.034293161437504736,-0.0037068385624952627,1,1,23,1,1,3,0,1,2,68,68042
USER_007961,0.030543123187217837,-0.007456876812782162,1,1,31,2,1,4,0,2,4,19,19032
USER_007962,0.06455623611989114,0.026556236119891143,0,0,35,1,2,6,1,1,2,68,68002
USER_007963,0.028297841779183423,-0.009702158220816576,1,1,33,2,1,8,1,1,4,25,25097
USER_007964,0.05102903964962481,0.013029039649624811,0,0,41,2,3,7,2,1,3,5,5045
USER_007965,0.031612542474111875,-0.006387457525888124,1,1,30,2,1,4,2,1,4,8,8007
USER_007966,0.033095398561384555,-0.004904601438615444,1,1,18,1,1,6,2,1,3,73,73018
USER_007967,0.0554537454095435,0.017453745409543503,0,0,55,1,2,3,1,1,2,25,25002
USER_007968,0.034299447305659696,-0.0037005526943403033,1,1,31,2,3,2,1,2,2,68,68037
USER_007969,0.0339280693086956,-0.004071930691304397,1,1,34,2,1,4,1,1,3,5,5037
USER_007970,0.056992070457622106,0.018992070457622107,0,0,74,2,1,8,0,1,3,73,73012
USER_007971,0.06396095939832434,0.025960959398324344,0,0,30,1,1,3,1,1,3,25,25007
USER_007972,0.0496703470492635,0.0116703470492635,0,0,30,2,1,5,0,2,4,11,11012
USER_007973,0.03017845336564076,-0.007821546634359237,1,1,26,2,3,5,2,1,2,5,5078
USER_007974,0.03234087251053631,-0.005659127489463692,1,1,23,2,1,6,2,1,4,66,66024
USER_007975,0.041198728956100564,0.0031987289561005647,0,0,23,2,1,4,2,1,4,25,25097
USER_007976,0.04481395092888486,0.006813950928884864,0,0,74,2,2,3,0,2,5,19,19052
USER_007977,0.025182011347903422,-0.012817988652096577,1,1,47,1,1,7,2,2,3,50,50074
USER_007978,0.05084556909369796,0.01284556909369796,0,0,54,1,1,6,0,2,2,11,11046
USER_007979,0.041282699944593985,0.0032826999445939864,0,0,74,2,1,8,0,1,2,73,73070
USER_007980,0.014264375220428057,-0.023735624779571942,1,1,70,2,1,2,2,2,1,11,11028
USER_007981,0.026066102763089044,-0.011933897236910955,1,1,63,2,3,5,0,1,5,76,76065
USER_007982,0.03243806989522505,-0.005561930104774952,1,1,31,1,1,2,2,2,3,52,52038
USER_007983,0.03890713466738417,0.0009071346673841726,0,0,21,1,2,4,1,1,1,68,68040
USER_007984,0.06833918193255994,0.030339181932559946,0,0,51,2,1,2,0,1,5,63,63003
USER_007985,0.04357256959209443,0.0055725695920944285,0,0,19,2,2,2,2,2,5,11,11093
USER_007986,0.027388421651520625,-0.010611578348479374,1,1,34,1,1,8,1,1,5,66,66050
USER_007987,0.04330946206460745,0.005309462064607452,0,0,59,2,3,5,4,1,1,8,8036
USER_007988,0.03471868378819179,-0.0032813162118082093,1,0,31,1,2,3,1,1,2,8,8050
USER_007989,0.04487137359300313,0.006871373593003133,0,0,68,2,1,4,1,1,2,25,25070
USER_007990,0.04870851530553423,0.010708515305534232,0,0,34,2,1,6,1,1,2,76,76062
USER_007991,0.05813845970835907,0.02013845970835907,0,0,71,2,3,6,1,1,4,52,52004
USER_007992,0.03963570256494961,0.0016357025649496107,0,0,47,1,2,8,2,1,2,11,11079
USER_007993,0.0645844079139975,0.0265844079139975,0,0,60,2,1,5,2,1,2,68,68056
USER_007994,0.053620339938042876,0.015620339938042876,0,0,46,2,2,6,0,1,4,52,52027
USER_007995,0.029388406827817185,-0.008611593172182814,1,1,24,1,1,8,2,1,4,73,73076
USER_007996,0.07314783498622696,0.03514783498622696,0,0,26,2,2,1,1,1,4,54,54026
USER_007997,0.044904917699051465,0.006904917699051466,0,0,63,2,2,2,2,1,4,8,8027
USER_007998,0.027473132440416468,-0.010526867559583531,1,1,40,2,1,3,0,1,3,19,19048
USER_007999,0.06479369576845632,0.026793695768456326,0,0,53,2,1,8,1,1,1,11,11080
USER_008000,0.07116666377797667,0.033166663777976675,0,0,31,2,1,3,1,1,2,11,11078
USER_008001,0.03950462104420659,0.0015046210442065944,0,0,37,1,3,8,3,1,4,11,11056
USER_008002,0.032445246094366054,-0.005554753905633945,1,1,73,2,1,6,0,2,2,73,73032
USER_008003,0.03741437563819507,-0.0005856243618049262,1,1,69,2,2,2,1,1,5,11,11045
USER_008004,0.0507209759127655,0.012720975912765498,0,0,34,2,1,2,1,1,5,11,11020
USER_008005,0.05916784982545771,0.02116784982545771,0,0,49,2,1,2,0,1,4,73,73055
USER_008006,0.048557309962953606,0.010557309962953607,0,0,42,1,2,9,0,1,4,8,8013
USER_008007,0.04152584812707655,0.0035258481270765488,0,0,68,2,1,4,1,2,3,11,11035
USER_008008,0.062470176554566416,0.024470176554566417,0,0,47,1,1,5,0,1,1,63,63039
USER_008009,0.03530745290422717,-0.0026925470957728306,1,1,66,2,1,3,1,2,4,19,19051
USER_008010,0.05546379007550361,0.01746379007550361,0,0,74,1,1,2,0,1,2,5,5059
USER_008011,0.03567905802473082,-0.002320941975269178,1,1,44,1,1,4,2,1,4,25,25075
USER_008012,0.0464653443701634,0.0084653443701634,0,0,44,2,1,2,0,2,5,19,19005
USER_008013,0.03829656152814323,0.0002965615281432313,0,0,63,2,2,6,3,2,3,63,63009
USER_008014,0.03916221726020784,0.0011622172602078415,0,0,48,2,2,4,1,1,2,11,11006
USER_008015,0.03433920223806685,-0.003660797761933149,1,0,62,1,1,6,1,1,4,8,8041
USER_008016,0.06017281046771042,0.02217281046771042,0,0,43,2,1,6,1,1,2,11,11094
USER_008017,0.029006109428371975,-0.008993890571628024,1,1,31,2,2,5,1,2,1,76,76093
USER_008018,0.028896516211769377,-0.009103483788230622,1,1,65,1,3,10,2,1,1,11,11023
USER_008019,0.07181490348767663,0.033814903487676636,0,0,38,2,1,8,2,1,2,54,54026
USER_008020,0.05466771346981497,0.016667713469814972,0,0,45,1,1,1,1,1,3,11,11022
USER_008021,0.0042232945196044565,-0.03377670548039554,1,1,32,2,1,3,1,1,3,11,11085
USER_008022,0.03152111891184395,-0.006478881088156051,1,0,47,2,1,6,0,2,3,54,54070
USER_008023,0.01282015993656919,-0.02517984006343081,1,1,42,2,1,10,0,1,2,68,68023
USER_008024,0.025739639598771173,-0.012260360401228826,1,1,68,1,1,2,0,1,3,76,76086
USER_008025,0.0,-0.038,1,1,71,2,1,4,0,1,3,11,11018
USER_008026,0.03794515633459086,-5.484366540913638e-05,1,1,28,2,2,3,0,1,5,19,19063
USER_008027,0.02287087271258033,-0.01512912728741967,1,1,61,2,1,7,0,1,3,47,47046
USER_008028,0.040898578851946574,0.0028985788519465747,0,0,28,2,1,5,2,1,3,66,66039
USER_008029,0.01562318111676213,-0.02237681888323787,1,0,45,1,1,6,1,1,4,73,73018
USER_008030,0.0412436777975806,0.003243677797580599,0,0,72,2,1,2,1,1,3,66,66094
USER_008031,0.033776255828195094,-0.004223744171804905,1,1,22,2,2,2,0,1,2,8,8033
USER_008032,0.06252929447782894,0.024529294477828943,0,0,45,1,1,1,1,2,4,11,11070
USER_008033,0.061170352926184376,0.023170352926184377,0,0,25,1,1,4,2,1,3,25,25083
USER_008034,0.05178018404515425,0.01378018404515425,0,0,43,2,2,6,1,2,4,11,11076
USER_008035,0.03510079329008181,-0.002899206709918188,1,1,23,2,2,3,0,1,5,73,73037
USER_008036,0.0697807059289044,0.0317807059289044,0,0,49,2,1,7,1,1,2,25,25082
USER_008037,0.01670447083240269,-0.021295529167597308,1,1,65,2,1,6,1,1,4,11,11044
USER_008038,0.01894662055654506,-0.019053379443454938,1,1,49,2,2,2,4,2,2,52,52078
USER_008039,0.03874325350166403,0.000743253501664029,0,0,29,2,3,4,3,1,3,13,13076
USER_008040,0.07381057163381678,0.03581057163381678,0,0,23,1,3,3,0,1,4,66,66068
USER_008041,0.03696491639694869,-0.0010350836030513094,1,1,30,1,3,1,0,2,2,68,68037
USER_008042,0.037251321351860774,-0.0007486786481392255,1,1,56,2,1,5,1,1,2,66,66007
USER_008043,0.018371344658322863,-0.019628655341677136,1,1,57,2,1,4,3,1,2,5,5097
USER_008044,0.05418894377905568,0.01618894377905568,0,0,61,2,1,6,0,1,3,11,11034
USER_008045,0.05429764381494031,0.01629764381494031,0,1,51,1,1,5,1,1,3,63,63045
USER_008046,0.05183612802099865,0.01383612802099865,0,0,40,2,1,7,2,1,5,25,25074
USER_008047,0.030561689907289566,-0.007438310092710433,1,1,58,2,1,6,1,1,2,63,63063
USER_008048,0.029399398474404915,-0.008600601525595084,1,1,62,2,1,5,2,1,5,19,19078
USER_008049,0.020603166243925445,-0.017396833756074554,1,1,34,2,1,4,1,1,5,11,11078
USER_008050,0.04125808752641401,0.0032580875264140094,0,0,62,1,2,1,1,1,3,11,11076
USER_008051,0.023793890060822477,-0.014206109939177522,1,1,65,1,1,6,1,1,3,47,47009
USER_008052,0.022338752421260672,-0.015661247578739327,1,1,18,2,1,3,1,2,2,25,25071
USER_008053,0.03364463924633986,-0.004355360753660137,1,1,24,2,1,3,1,1,4,11,11080
USER_008054,0.03266265737223676,-0.005337342627763239,1,0,30,2,1,4,1,1,4,11,11069
USER_008055,0.03193032206767067,-0.006069677932329327,1,1,31,2,2,6,0,1,5,50,50039
USER_008056,0.04699666895260392,0.008996668952603919,0,0,70,1,3,4,3,1,5,8,8028
USER_008057,0.04118571703225419,0.00318571703225419,0,0,34,2,1,4,0,2,4,73,73040
USER_008058,0.035677659542333234,-0.0023223404576667647,1,1,47,1,1,4,2,1,4,47,47058
USER_008059,0.04274519392467223,0.004745193924672229,0,0,65,2,1,3,2,1,4,25,25040
USER_008060,0.02512709438343052,-0.01287290561656948,1,1,64,2,3,4,0,2,2,8,8007
USER_008061,0.04157917935864517,0.003579179358645171,0,0,66,2,1,3,0,1,2,8,8035
USER_008062,0.04225903739266951,0.004259037392669508,0,0,51,2,2,3,1,2,2,11,11032
USER_008063,0.017454297109637792,-0.020545702890362207,1,1,44,2,2,5,3,1,2,68,68048
USER_008064,0.05493540631555543,0.01693540631555543,0,0,42,1,2,8,1,2,3,66,66058
USER_008065,0.026778494421595068,-0.011221505578404931,1,1,61,1,3,2,0,2,3,25,25052
USER_008066,0.04135464698809652,0.003354646988096524,0,0,52,1,1,3,2,1,4,54,54059
USER_008067,0.05746617610802905,0.019466176108029053,0,0,26,2,1,4,3,1,2,76,76014
USER_008068,0.05388515136570804,0.01588515136570804,0,0,23,2,2,7,3,1,3,11,11081
USER_008069,0.04051500082853253,0.0025150008285325307,0,0,43,2,2,3,1,1,4,63,63021
USER_008070,0.03456251495676897,-0.003437485043231027,1,1,55,2,2,2,3,1,2,50,50096
USER_008071,0.05421267862863351,0.016212678628633508,0,0,56,1,2,4,1,1,3,76,76056
USER_008072,0.0501204246671293,0.012120424667129301,0,0,44,2,2,6,0,1,1,5,5001
USER_008073,0.030724524699338052,-0.007275475300661947,1,1,57,2,3,3,1,1,5,11,11059
USER_008074,0.028076595294974645,-0.009923404705025354,1,1,48,1,1,6,5,2,2,8,8046
USER_008075,0.00891467227456003,-0.02908532772543997,1,1,20,2,1,5,2,2,4,11,11051
USER_008076,0.04231047762525381,0.004310477625253814,0,0,41,2,2,4,1,1,3,54,54046
USER_008077,0.038759533824724024,0.0007595338247240249,0,0,32,1,1,5,1,2,2,11,11002
USER_008078,0.05704287061963813,0.01904287061963813,0,0,71,2,1,4,1,2,3,50,50035
USER_008079,0.0453858264022055,0.007385826402205503,0,0,23,1,2,4,2,1,3,25,25093
USER_008080,0.06001343791259035,0.022013437912590354,0,0,28,1,1,5,0,1,3,19,19091
USER_008081,0.02953953658125744,-0.00846046341874256,1,1,47,1,1,2,2,1,3,19,19038
USER_008082,0.05707225496451427,0.01907225496451427,0,0,52,2,1,2,0,1,4,13,13028
USER_008083,0.03206625431343017,-0.005933745686569826,1,0,65,1,1,3,1,1,3,76,76026
USER_008084,0.05166394092688408,0.013663940926884083,0,0,55,2,2,8,0,1,4,76,76071
USER_008085,0.0181186241120396,-0.0198813758879604,1,1,60,1,1,5,0,1,2,11,11020
USER_008086,0.04352702949049283,0.00552702949049283,0,0,57,1,2,5,3,2,3,11,11034
USER_008087,0.010229680878311352,-0.027770319121688647,1,1,46,1,1,5,1,2,1,11,11045
USER_008088,0.03599293771087368,-0.002007062289126317,1,1,40,1,1,2,0,1,4,25,25096
USER_008089,0.046605309908168704,0.008605309908168705,0,1,59,2,1,6,3,1,4,66,66052
USER_008090,0.03218547173153356,-0.005814528268466436,1,1,59,2,1,3,0,1,3,25,25017
USER_008091,0.02424343556866049,-0.013756564431339508,1,1,72,1,2,3,0,1,2,76,76016
USER_008092,0.052691777039439,0.014691777039439004,0,1,20,1,1,6,0,1,4,73,73047
USER_008093,0.03844805815229615,0.0004480581522961491,0,0,43,2,1,5,0,1,3,63,63002
USER_008094,0.03265644029453993,-0.00534355970546007,1,1,31,2,1,1,1,1,3,68,68083
USER_008095,0.04062843881731415,0.0026284388173141507,0,1,36,2,2,2,1,1,4,66,66031
USER_008096,0.07955003712918383,0.041550037129183835,0,0,38,1,2,3,1,1,5,68,68040
USER_008097,0.05730254274672316,0.01930254274672316,0,0,38,1,2,4,3,1,5,11,11024
USER_008098,0.057438605022817606,0.019438605022817607,0,0,26,2,1,7,1,1,3,19,19091
USER_008099,0.04653319478488546,0.008533194784885463,0,0,30,1,1,5,0,1,2,11,11089
USER_008100,0.042497279088657205,0.0044972790886572064,0,0,58,2,1,5,2,1,2,25,25068
USER_008101,0.0040587656750437585,-0.03394123432495624,1,1,70,1,2,1,0,1,1,11,11032
USER_008102,0.02981529480305302,-0.00818470519694698,1,1,61,1,2,5,0,2,4,54,54010
USER_008103,0.032791383801962885,-0.005208616198037114,1,1,63,1,1,4,2,1,5,54,54022
USER_008104,0.011876619039287006,-0.026123380960712993,1,1,54,2,1,3,2,1,4,73,73082
USER_008105,0.022638763146768496,-0.015361236853231503,1,1,55,2,1,3,2,1,3,73,73054
USER_008106,0.010287452936160492,-0.027712547063839507,1,1,62,1,1,6,0,1,4,11,11029
USER_008107,0.03942514246453941,0.0014251424645394112,0,0,62,1,2,5,2,1,2,11,11020
USER_008108,0.05228148956273224,0.014281489562732244,0,0,41,2,1,5,2,1,4,54,54011
USER_008109,0.056601617779364934,0.018601617779364935,0,0,55,2,1,4,1,1,3,76,76097
USER_008110,0.04622176693118862,0.008221766931188618,0,0,63,2,1,2,0,1,2,8,8043
USER_008111,0.025549054882021468,-0.012450945117978531,1,1,28,2,2,4,1,1,4,25,25062
USER_008112,0.011019022622200609,-0.026980977377799392,1,0,46,1,3,5,2,1,4,76,76081
USER_008113,0.013646969508977473,-0.024353030491022526,1,1,62,2,1,2,1,1,4,25,25037
USER_008114,0.020965261341182526,-0.017034738658817473,1,1,61,2,1,6,1,1,4,8,8089
USER_008115,0.026667104529464882,-0.011332895470535117,1,1,65,2,1,5,0,2,3,66,66069
USER_008116,0.0376037725301262,-0.0003962274698737986,1,1,55,1,1,7,3,2,2,63,63076
USER_008117,0.024787536728095475,-0.013212463271904524,1,1,58,1,1,3,2,2,2,11,11018
USER_008118,0.04508463840502392,0.007084638405023921,0,0,34,2,1,4,1,1,3,66,66017
USER_008119,0.03651589745800791,-0.0014841025419920911,1,1,69,2,2,2,1,1,4,19,19053
USER_008120,0.040158185676115385,0.002158185676115386,0,0,65,2,1,2,1,1,3,11,11092
USER_008121,0.05710375829006807,0.019103758290068072,0,0,43,1,1,7,1,1,3,8,8083
USER_008122,0.02229652398699445,-0.01570347601300555,1,1,43,2,1,3,1,1,3,11,11097
USER_008123,0.04628056867438553,0.008280568674385529,0,0,29,1,1,7,3,2,2,63,63017
USER_008124,0.0397904015728589,0.0017904015728589032,0,0,35,1,1,6,5,1,3,54,54014
USER_008125,0.03499770578545457,-0.0030022942145454257,1,1,26,2,1,3,1,1,4,63,63035
USER_008126,0.0532788448129894,0.015278844812989398,0,0,20,2,1,4,0,1,2,73,73073
USER_008127,0.05318521231835511,0.01518521231835511,0,0,27,1,3,2,0,1,1,25,25088
USER_008128,0.02580263806017358,-0.012197361939826418,1,1,60,2,1,11,1,2,3,25,25074
USER_008129,0.037267591242131144,-0.0007324087578688548,1,0,19,1,2,3,1,1,4,50,50033
USER_008130,0.044218175238760975,0.006218175238760976,0,0,25,2,2,4,2,1,2,25,25027
USER_008131,0.035904898779661236,-0.002095101220338763,1,0,69,2,1,2,0,1,5,76,76099
USER_008132,0.04877531998431697,0.010775319984316974,0,0,60,1,1,1,2,1,4,11,11007
USER_008133,0.044217880268654135,0.006217880268654136,0,0,35,1,1,6,1,1,4,66,66082
USER_008134,0.06748841860534019,0.02948841860534019,0,0,69,1,1,2,1,1,3,8,8025
USER_008135,0.01704581296105319,-0.02095418703894681,1,1,56,2,1,7,1,1,4,11,11071
USER_008136,0.03816346015378904,0.00016346015378904122,0,0,48,2,1,3,1,1,3,5,5048
USER_008137,0.026372462327317134,-0.011627537672682865,1,0,31,1,1,8,2,1,3,11,11024
USER_008138,0.04906161183158566,0.01106161183158566,0,0,56,2,1,6,0,1,1,11,11019
USER_008139,0.015742421649316832,-0.022257578350683167,1,1,50,2,2,5,0,1,5,13,13010
USER_008140,0.0451946906533733,0.0071946906533733035,0,0,46,1,3,5,2,2,3,8,8061
USER_008141,0.030549273529774882,-0.007450726470225117,1,1,61,2,1,4,2,1,2,11,11072
USER_008142,0.02898757200818479,-0.00901242799181521,1,1,50,2,1,5,2,2,3,5,5052
USER_008143,0.01830252694688969,-0.019697473053110308,1,1,52,1,1,6,1,1,4,68,68055
USER_008144,0.03302386080698491,-0.0049761391930150875,1,0,19,2,1,5,2,1,4,11,11060
USER_008145,0.05626750795436389,0.01826750795436389,0,0,52,1,1,3,2,2,1,63,63034
USER_008146,0.03962216974705781,0.0016221697470578111,0,0,49,2,2,5,2,1,4,63,63070
USER_008147,0.049415206268117115,0.011415206268117116,0,0,53,1,1,4,4,1,3,73,73092
USER_008148,0.06496962732949413,0.02696962732949413,0,0,63,1,1,2,2,1,4,25,25032
USER_008149,0.04395633377233864,0.005956333772338639,0,0,72,2,2,7,0,1,2,11,11064
USER_008150,0.0316180064190649,-0.006381993580935101,1,1,67,2,1,2,1,1,2,8,8086
USER_008151,0.047008783227741845,0.009008783227741846,0,0,40,1,1,5,2,1,1,25,25047
USER_008152,0.03183555780528562,-0.006164442194714376,1,1,22,2,1,4,0,1,2,25,25032
USER_008153,0.03243365975054246,-0.005566340249457541,1,1,64,2,2,9,1,2,3,8,8082
USER_008154,0.01720160800571523,-0.02079839199428477,1,0,33,1,2,1,1,2,2,11,11054
USER_008155,0.053893862366265886,0.015893862366265887,0,0,57,2,1,4,1,1,4,47,47008
USER_008156,0.03420996136525841,-0.003790038634741588,1,1,41,2,1,3,2,1,5,68,68084
USER_008157,0.04273147368723793,0.004731473687237933,0,0,70,2,1,5,2,2,1,11,11078
USER_008158,0.024460571070900407,-0.013539428929099592,1,0,57,2,1,4,1,1,2,73,73021
USER_008159,0.046539214445732086,0.008539214445732086,0,0,45,2,1,4,0,1,2,11,11064
USER_008160,0.028570881427973743,-0.009429118572026256,1,1,42,2,3,3,0,1,1,11,11072
USER_008161,0.037874369174472636,-0.00012563082552736332,1,1,24,2,2,4,3,1,2,25,25077
USER_008162,0.053167390468586886,0.015167390468586887,0,0,55,1,1,4,5,1,3,52,52026
USER_008163,0.05186138968348794,0.013861389683487942,0,0,24,2,2,8,0,1,3,11,11073
USER_008164,0.039669548912245896,0.0016695489122458967,0,0,72,2,1,8,4,1,1,25,25086
USER_008165,0.013478034509399228,-0.02452196549060077,1,1,68,2,3,2,1,1,5,47,47082
USER_008166,0.08489215855090962,0.04689215855090962,0,0,39,2,1,5,1,1,2,25,25031
USER_008167,0.06618788455409703,0.028187884554097035,0,0,39,2,2,4,0,1,4,8,8094
USER_008168,0.05084012237332448,0.012840122373324478,0,0,44,1,2,7,0,2,4,25,25043
USER_008169,0.028701943276135438,-0.009298056723864561,1,1,74,2,1,7,2,1,4,73,73011
USER_008170,0.03829611757447053,0.00029611757447053216,0,0,50,1,1,4,1,1,3,8,8079
USER_008171,0.03184869355335225,-0.006151306446647749,1,1,62,1,1,6,5,1,4,76,76060
USER_008172,0.05895783908644582,0.02095783908644582,0,1,49,2,1,6,0,1,4,50,50021
USER_008173,0.043937543362777505,0.005937543362777506,0,0,56,1,1,5,0,1,2,63,63031
USER_008174,0.02823754212460251,-0.00976245787539749,1,1,49,2,1,6,0,1,3,11,11081
USER_008175,0.03293867351312827,-0.005061326486871728,1,1,18,1,1,4,1,1,3,63,63004
USER_008176,0.05681782213854857,0.018817822138548573,0,0,27,2,1,4,2,2,3,11,11065
USER_008177,0.06400146770230718,0.026001467702307178,0,0,62,2,1,7,1,1,5,52,52013
USER_008178,0.06292497345229368,0.024924973452293685,0,0,21,2,2,4,0,2,5,11,11055
USER_008179,0.051355480975809664,0.013355480975809665,0,1,46,2,2,4,1,1,3,54,54015
USER_008180,0.03621062696796045,-0.0017893730320395485,1,1,24,2,2,5,0,1,3,25,25041
USER_008181,0.0,-0.038,1,1,55,2,1,3,0,1,3,13,13061
USER_008182,0.044457400357123325,0.006457400357123326,0,0,23,2,2,5,2,2,3,76,76048
USER_008183,0.03997256861733849,0.0019725686173384938,0,0,70,2,1,6,3,1,3,13,13038
USER_008184,0.04209973144482032,0.004099731444820322,0,0,28,2,2,2,1,2,1,8,8067
USER_008185,0.040808460205498095,0.0028084602054980964,0,0,72,2,1,5,3,1,3,5,5077
USER_008186,0.020106067570762647,-0.017893932429237352,1,1,26,2,1,3,4,1,3,13,13027
USER_008187,0.048361128352767783,0.010361128352767784,0,0,47,1,2,3,0,2,4,11,11060
USER_008188,0.049483244710477756,0.011483244710477757,0,0,39,1,2,7,1,1,3,54,54005
USER_008189,0.05023508173089489,0.012235081730894888,0,0,56,1,1,5,1,1,2,8,8019
USER_008190,0.054198655053600796,0.016198655053600797,0,0,26,2,1,5,1,1,3,47,47064
USER_008191,0.04906077467382435,0.011060774673824353,0,0,72,2,1,5,1,2,3,25,25021
USER_008192,0.033849558826916336,-0.004150441173083663,1,1,55,2,3,4,3,2,3,11,11036
USER_008193,0.03893744728125865,0.0009374472812586493,0,0,68,2,1,4,2,1,3,25,25051
USER_008194,0.04136687300880065,0.003366873008800654,0,0,63,1,3,3,0,2,3,13,13092
USER_008195,0.04161549173659928,0.00361549173659928,0,0,50,1,3,5,4,1,4,11,11017
USER_008196,0.054973264839575944,0.016973264839575945,0,1,43,1,2,4,3,1,5,11,11023
USER_008197,0.04965503129533736,0.011655031295337362,0,0,33,1,2,6,0,1,3,8,8063
USER_008198,0.0711601515935493,0.0331601515935493,0,0,26,1,3,4,2,1,3,25,25079
USER_008199,0.07309703469827009,0.03509703469827009,0,0,40,1,1,8,1,1,3,68,68064
USER_008200,0.041194743739208874,0.0031947437392088746,0,0,32,2,1,3,0,1,3,76,76082
USER_008201,0.0,-0.038,1,1,36,2,2,6,1,2,2,52,52048
USER_008202,0.058552486991909,0.020552486991909,0,0,59,1,1,4,1,1,1,63,63089
USER_008203,0.031894354915194184,-0.006105645084805815,1,1,33,2,1,2,3,2,4,11,11039
USER_008204,0.0279777411725349,-0.010022258827465099,1,1,42,1,1,3,1,2,2,73,73088
USER_008205,0.034023320875159496,-0.003976679124840503,1,1,52,2,1,6,2,1,3,73,73066
USER_008206,0.0333003542977809,-0.004699645702219098,1,1,68,1,1,1,1,2,3,25,25026
USER_008207,0.04918404715158089,0.01118404715158089,0,0,30,2,1,3,1,1,3,13,13017
USER_008208,0.01660846331310662,-0.021391536686893378,1,1,63,1,1,5,2,1,2,11,11035
USER_008209,0.02383418881312598,-0.01416581118687402,1,0,24,2,2,8,1,1,1,11,11067
USER_008210,0.04514737831296125,0.00714737831296125,0,0,51,2,3,1,3,2,2,25,25072
USER_008211,0.049344160456199625,0.011344160456199626,0,0,31,2,1,3,1,1,3,73,73022
USER_008212,0.04962312467404018,0.011623124674040183,0,0,40,2,1,2,0,1,3,25,25003
USER_008213,0.028194455816000517,-0.009805544183999482,1,1,40,1,1,3,2,1,4,11,11006
USER_008214,0.0253260152610064,-0.012673984738993598,1,0,34,1,3,6,1,1,3,8,8051
USER_008215,0.032400477493181215,-0.005599522506818784,1,1,30,1,1,3,1,2,4,11,11065
USER_008216,0.043598091284270876,0.005598091284270877,0,0,44,2,1,8,2,1,3,66,66067
USER_008217,0.06228216053908824,0.024282160539088243,0,0,19,1,1,6,1,1,1,11,11014
USER_008218,0.009288442213438747,-0.028711557786561252,1,1,54,1,1,7,2,1,2,11,11081
USER_008219,0.036689068645624504,-0.0013109313543754955,1,1,47,2,1,4,1,1,2,73,73097
USER_008220,0.020009823384621945,-0.017990176615378054,1,1,21,2,2,4,3,1,3,11,11029
USER_008221,0.015216359839697656,-0.02278364016030234,1,1,47,1,2,1,1,2,5,52,52060
USER_008222,0.05450434968017225,0.016504349680172253,0,0,20,2,1,3,0,2,5,68,68010
USER_008223,0.04816936861749008,0.010169368617490078,0,0,31,1,1,5,1,1,3,63,63039
USER_008224,0.046741502739208934,0.008741502739208935,0,0,28,1,1,5,1,2,2,68,68021
USER_008225,0.0538153875959649,0.015815387595964903,0,0,57,2,2,7,0,1,5,63,63033
USER_008226,0.03280421654850796,-0.005195783451492041,1,1,40,2,1,4,3,1,3,25,25049
USER_008227,0.033510437254997076,-0.004489562745002923,1,1,58,2,2,5,0,1,3,11,11096
USER_008228,0.07278595925083861,0.03478595925083861,0,0,65,2,1,4,1,1,3,11,11013
USER_008229,0.03630143418610639,-0.0016985658138936113,1,1,49,1,2,6,2,1,3,8,8089
USER_008230,0.051026981695811366,0.013026981695811367,0,0,20,2,1,5,0,1,4,47,47066
USER_008231,0.04009572311444973,0.002095723114449728,0,0,59,2,2,4,0,1,2,8,8036
USER_008232,0.012276122048823775,-0.025723877951176224,1,1,18,1,1,4,0,1,3,50,50013
USER_008233,0.00933056494298098,-0.02866943505701902,1,1,26,2,1,5,0,2,2,25,25002
USER_008234,0.03131523670090143,-0.006684763299098569,1,1,65,2,2,3,1,1,2,11,11002
USER_008235,0.055841518775049837,0.017841518775049837,0,0,26,1,1,4,3,2,3,66,66093
USER_008236,0.051824374849540056,0.013824374849540057,0,0,29,2,1,7,0,1,2,68,68073
USER_008237,0.053711157463360505,0.015711157463360506,0,0,18,2,3,7,1,1,5,5,5030
USER_008238,0.02519430731595527,-0.012805692684044728,1,1,33,2,1,5,0,1,2,11,11034
USER_008239,0.0642380873518347,0.0262380873518347,0,0,47,1,2,4,0,2,5,50,50036
USER_008240,0.025526600497204236,-0.012473399502795763,1,1,25,2,1,4,1,2,5,25,25039
USER_008241,0.04319236598004953,0.005192365980049532,0,0,63,1,1,3,0,1,4,25,25026
USER_008242,0.03984471565138395,0.0018447156513839505,0,0,63,2,1,2,1,1,3,76,76097
USER_008243,0.037391892695281204,-0.0006081073047187954,1,1,27,2,2,4,1,2,3,13,13056
USER_008244,0.0600788820744341,0.0220788820744341,0,0,50,1,1,2,4,1,4,66,66063
USER_008245,0.029423342197510593,-0.008576657802489406,1,1,55,2,1,5,2,1,2,25,25032
USER_008246,0.01975592116432108,-0.01824407883567892,1,1,58,2,1,5,2,2,3,63,63052
USER_008247,0.04029993229309629,0.002299932293096288,0,0,68,2,1,7,1,2,4,11,11028
USER_008248,0.0340025989857021,-0.003997401014297901,1,1,39,2,3,2,0,1,3,11,11084
USER_008249,0.09066074378623969,0.05266074378623969,0,0,33,2,1,5,2,1,2,66,66012
USER_008250,0.05014761214659962,0.012147612146599623,0,0,36,2,3,3,1,1,3,5,5016
USER_008251,0.033859891371720637,-0.0041401086282793625,1,1,28,2,1,4,1,2,4,5,5046
USER_008252,0.0241583264621937,-0.013841673537806298,1,1,70,2,1,6,1,1,1,68,68066
USER_008253,0.011795673841468231,-0.026204326158531768,1,1,28,1,1,2,4,2,3,68,68092
USER_008254,0.024621713713938505,-0.013378286286061494,1,1,31,2,2,3,1,1,2,11,11016
USER_008255,0.04172412657638698,0.003724126576386981,0,1,56,1,1,5,0,1,3,11,11093
USER_008256,0.06140992977392154,0.02340992977392154,0,0,43,2,2,4,1,2,2,25,25075
USER_008257,0.05682533713581878,0.018825337135818784,0,0,61,2,1,6,0,1,4,11,11091
USER_008258,0.043436422474695695,0.005436422474695696,0,0,37,2,2,5,0,1,4,54,54002
USER_008259,0.035152485014462734,-0.0028475149855372653,1,1,37,2,2,3,0,1,4,54,54039
USER_008260,0.04403218534618231,0.006032185346182314,0,0,72,2,1,3,0,1,3,11,11014
USER_008261,0.03222043003773136,-0.005779569962268638,1,1,22,2,1,6,0,1,2,5,5074
USER_008262,0.06577545993645814,0.027775459936458143,0,0,18,2,2,6,1,1,4,54,54089
USER_008263,0.0371621472808738,-0.0008378527191261961,1,0,28,2,1,6,1,2,4,50,50083
USER_008264,0.0387049321262991,0.0007049321262991015,0,0,64,1,1,6,0,2,3,11,11020
USER_008265,0.00676266362468998,-0.03123733637531002,1,1,27,1,1,8,1,1,1,63,63031
USER_008266,0.037068477302158544,-0.0009315226978414554,1,1,64,1,1,4,0,1,2,73,73096
USER_008267,0.05254726206947411,0.014547262069474112,0,0,45,1,1,3,1,1,1,5,5086
USER_008268,0.023984161344421825,-0.014015838655578174,1,1,62,2,1,5,2,2,4,11,11014
USER_008269,0.02873919498260781,-0.009260805017392189,1,1,64,2,1,4,0,1,4,11,11081
USER_008270,0.05189066526600497,0.013890665266004971,0,1,51,2,1,5,4,1,4,76,76059
USER_008271,0.0178501416472292,-0.0201498583527708,1,1,71,2,1,7,2,2,2,11,11041
USER_008272,0.055867015113128776,0.017867015113128777,0,0,30,2,1,6,1,1,2,63,63050
USER_008273,0.03201784164740347,-0.00598215835259653,1,1,61,2,1,4,3,2,3,11,11098
USER_008274,0.03417147669263196,-0.003828523307368041,1,1,42,1,2,5,1,2,2,11,11074
USER_008275,0.02314182392311609,-0.01485817607688391,1,1,40,2,2,3,1,1,2,8,8086
USER_008276,0.04567069390641825,0.007670693906418252,0,0,53,2,3,4,1,1,2,8,8017
USER_008277,0.0768980797754407,0.03889807977544071,0,0,29,2,1,4,0,1,3,54,54099
USER_008278,0.05172245859190948,0.01372245859190948,0,0,64,2,1,4,3,2,3,11,11057
USER_008279,0.02703572107089196,-0.010964278929108038,1,1,62,2,2,3,2,1,4,76,76028
USER_008280,0.057034308782372145,0.019034308782372146,0,0,19,1,2,6,0,1,5,68,68034
USER_008281,0.03524980681098626,-0.00275019318901374,1,1,37,2,1,5,1,1,5,25,25086
USER_008282,0.060617274721413386,0.022617274721413387,0,1,33,2,2,5,3,2,3,68,68008
USER_008283,0.05210014603246544,0.014100146032465441,0,0,31,2,1,6,1,1,2,11,11046
USER_008284,0.0,-0.038,1,1,70,1,3,6,0,1,5,11,11010
USER_008285,0.02493880550567459,-0.013061194494325409,1,1,19,2,2,4,2,1,4,63,63082
USER_008286,0.05416577834253085,0.01616577834253085,0,0,66,1,1,6,0,1,3,25,25099
USER_008287,0.042274859082175265,0.0042748590821752655,0,0,33,1,1,4,1,2,3,13,13022
USER_008288,0.02464366078438224,-0.013356339215617758,1,1,21,2,1,7,3,1,2,50,50098
USER_008289,0.030496157267592812,-0.007503842732407187,1,1,60,2,1,3,1,1,3,63,63044
USER_008290,0.011406450698659294,-0.026593549301340703,1,1,30,2,1,5,2,1,3,11,11064
USER_008291,0.03867440068710406,0.0006744006871040598,0,0,55,1,3,5,2,2,3,11,11026
USER_008292,0.07316034589023647,0.03516034589023647,0,0,66,2,2,4,2,1,3,11,11086
USER_008293,0.05207400086098488,0.014074000860984884,0,0,18,2,2,7,3,1,1,73,73039
USER_008294,0.07285625501782635,0.03485625501782635,0,0,26,2,2,7,1,1,2,54,54026
USER_008295,0.0532359563468497,0.015235956346849704,0,0,38,2,1,3,1,1,2,73,73085
USER_008296,0.05541219015029038,0.01741219015029038,0,0,35,2,2,4,1,1,4,8,8024
USER_008297,0.06961118031617536,0.03161118031617536,0,0,60,2,2,3,1,2,3,25,25050
USER_008298,0.045658948890133395,0.007658948890133396,0,0,49,2,2,6,1,1,3,68,68040
USER_008299,0.037191590177396795,-0.0008084098226032038,1,1,63,2,1,4,1,1,4,25,25045
USER_008300,0.05548986274933018,0.017489862749330183,0,0,51,2,2,3,2,2,2,66,66052
USER_008301,0.061807603556828274,0.023807603556828275,0,0,37,1,2,2,0,1,2,11,11040
USER_008302,0.03280053035931687,-0.00519946964068313,1,1,60,1,1,4,4,1,2,52,52030
USER_008303,0.029176463764899564,-0.008823536235100436,1,0,19,2,1,4,1,1,3,11,11052
USER_008304,0.042082840486463206,0.004082840486463207,0,0,21,2,3,2,3,2,3,25,25016
USER_008305,0.05247248300397493,0.014472483003974933,0,0,62,1,1,4,0,1,3,73,73056
USER_008306,0.051971365729923426,0.013971365729923427,0,0,55,2,1,3,2,1,5,66,66094
USER_008307,0.018637485997186017,-0.019362514002813982,1,1,24,2,1,1,0,2,2,68,68041
USER_008308,0.06867409100594982,0.030674091005949818,0,0,39,2,2,4,1,2,2,11,11038
USER_008309,0.030382526059047246,-0.007617473940952753,1,0,37,2,2,2,0,2,3,11,11007
USER_008310,0.036024025046671314,-0.0019759749533286852,1,1,52,1,2,5,4,2,3,11,11035
USER_008311,0.026460184600182707,-0.011539815399817292,1,1,21,2,1,2,0,1,3,11,11089
USER_008312,0.08047493253905631,0.04247493253905631,0,0,70,2,3,7,2,2,3,52,52070
USER_008313,0.04363106005431951,0.005631060054319514,0,0,37,1,1,3,3,1,3,73,73040
USER_008314,0.02723537378977653,-0.01076462621022347,1,1,52,2,3,5,4,1,4,66,66078
USER_008315,0.05295885324943669,0.014958853249436688,0,0,50,2,3,6,1,2,3,11,11011
USER_008316,0.0515370366896505,0.013537036689650499,0,0,68,2,1,4,2,2,3,11,11031
USER_008317,0.03718409464630174,-0.0008159053536982569,1,1,38,2,1,6,0,1,4,13,13058
USER_008318,0.05260910069175075,0.014609100691750754,0,0,62,2,1,6,1,2,3,76,76030
USER_008319,0.027620620587537035,-0.010379379412462964,1,1,31,2,1,7,1,1,2,8,8030
USER_008320,0.032606225875761216,-0.005393774124238783,1,1,48,2,2,7,2,1,2,11,11086
USER_008321,0.009846750181509059,-0.02815324981849094,1,1,39,2,1,6,1,1,1,11,11010
USER_008322,0.02014073373670656,-0.017859266263293438,1,1,65,1,1,4,1,1,4,11,11002
USER_008323,0.06711446208506029,0.029114462085060293,0,0,47,2,2,4,3,1,2,66,66098
USER_008324,0.06462142941583472,0.026621429415834723,0,0,46,2,1,3,0,1,3,76,76098
USER_008325,0.04098682972973444,0.002986829729734443,0,0,53,2,2,4,0,2,3,19,19017
USER_008326,0.06494397170784756,0.026943971707847562,0,0,66,2,2,5,1,1,4,11,11060
USER_008327,0.03759888270087543,-0.0004011172991245718,1,1,59,2,1,5,1,2,1,13,13096
USER_008328,0.03634884546148138,-0.0016511545385186205,1,0,46,1,2,3,2,1,2,25,25001
USER_008329,0.04084765972698334,0.002847659726983344,0,0,24,2,2,3,2,1,2,68,68058
USER_008330,0.03812617607014652,0.00012617607014651921,0,0,49,2,2,6,1,1,3,13,13045
USER_008331,0.036772055146597295,-0.0012279448534027043,1,1,30,2,1,4,1,1,3,11,11059
USER_008332,0.05715097160724329,0.019150971607243293,0,0,74,2,1,5,4,2,2,19,19032
USER_008333,0.042252034809343045,0.004252034809343046,0,1,30,2,1,4,3,1,2,11,11038
USER_008334,0.05068722646650707,0.012687226466507072,0,0,71,1,1,5,0,1,4,25,25060
USER_008335,0.05547070787915996,0.017470707879159962,0,1,31,2,2,5,1,1,3,5,5044
USER_008336,0.045822786934821,0.007822786934821004,0,0,23,2,1,5,1,1,2,19,19068
USER_008337,0.025445930111376424,-0.012554069888623575,1,1,33,2,1,6,0,1,3,47,47082
USER_008338,0.019707011665539422,-0.018292988334460577,1,1,58,2,1,2,2,1,4,76,76077
USER_008339,0.04223170952210958,0.004231709522109578,0,0,69,2,1,5,1,2,2,25,25059
USER_008340,0.037431155427625984,-0.0005688445723740151,1,1,65,2,1,2,3,2,2,5,5003
USER_008341,0.04131087143380183,0.0033108714338018277,0,0,38,1,1,5,1,2,4,25,25037
USER_008342,0.039759189411271205,0.0017591894112712059,0,0,70,2,2,3,0,1,1,52,52029
USER_008343,0.07875360490249851,0.04075360490249851,0,0,61,1,1,8,1,1,3,73,73057
USER_008344,0.02004660616537993,-0.01795339383462007,1,1,33,1,1,5,0,1,4,19,19072
USER_008345,0.010150805952683131,-0.027849194047316866,1,1,22,1,1,3,0,1,3,19,19096
USER_008346,0.04498565250279415,0.0069856525027941485,0,0,41,2,1,7,1,1,1,25,25047
USER_008347,0.034353661681177074,-0.0036463383188229254,1,0,60,1,2,6,1,1,4,8,8030
USER_008348,0.044741018045949266,0.006741018045949267,0,0,18,1,2,6,2,1,4,5,5045
USER_008349,0.048758245334260014,0.010758245334260015,0,0,27,2,1,4,3,1,1,11,11086
USER_008350,0.059261570427683465,0.021261570427683466,0,0,60,2,2,6,1,1,3,25,25041
USER_008351,0.017391612694240926,-0.020608387305759073,1,1,64,2,3,6,0,1,2,8,8068
USER_008352,0.03164923153214256,-0.00635076846785744,1,1,52,2,1,10,1,1,5,73,73089
USER_008353,0.04643141888321146,0.008431418883211458,0,0,48,2,1,4,0,1,3,73,73016
USER_008354,0.051556953935308396,0.013556953935308397,0,0,73,2,1,3,1,1,2,54,54024
USER_008355,0.07290174325432579,0.03490174325432579,0,1,32,1,2,5,2,1,1,11,11046
USER_008356,0.054335559566708005,0.016335559566708006,0,0,28,2,1,6,1,1,3,73,73029
USER_008357,0.039148171061705844,0.0011481710617058452,0,0,26,2,1,3,2,1,2,76,76046
USER_008358,0.026643463705860085,-0.011356536294139914,1,1,19,1,1,5,0,1,2,68,68013
USER_008359,0.03153565220921472,-0.00646434779078528,1,1,61,2,2,2,0,1,4,68,68091
USER_008360,0.031109457655643408,-0.006890542344356591,1,1,69,2,1,3,1,1,2,68,68035
USER_008361,0.04982850442770641,0.011828504427706409,0,0,47,2,3,6,0,2,3,8,8093
USER_008362,0.043854961683787455,0.005854961683787456,0,0,33,2,1,7,1,1,3,19,19066
USER_008363,0.020145256437367316,-0.017854743562632683,1,1,73,1,2,4,0,1,2,11,11099
USER_008364,0.03346147796364351,-0.00453852203635649,1,1,65,2,1,7,4,1,3,63,63010
USER_008365,0.05316321330177131,0.015163213301771311,0,0,70,2,2,6,3,1,3,11,11016
USER_008366,0.04527493532461089,0.00727493532461089,0,0,18,1,2,9,1,1,2,63,63005
USER_008367,0.04852966924019156,0.01052966924019156,0,0,65,2,1,5,1,1,2,25,25032
USER_008368,0.045743825650858945,0.007743825650858946,0,0,23,2,1,4,2,1,2,11,11075
USER_008369,0.06439646101913289,0.026396461019132893,0,0,63,1,2,4,1,1,2,52,52038
USER_008370,0.04354064595736555,0.005540645957365552,0,0,74,2,1,7,0,1,2,5,5096
USER_008371,0.03420965803193953,-0.0037903419680604677,1,1,74,1,3,3,3,1,5,5,5034
USER_008372,0.026263674382996594,-0.011736325617003406,1,1,28,2,1,3,1,2,3,8,8084
USER_008373,0.04374414187314568,0.005744141873145682,0,0,50,1,1,5,0,2,1,25,25030
USER_008374,0.003389439778373735,-0.034610560221626264,1,1,69,1,1,7,1,1,4,73,73086
USER_008375,0.037235664972509325,-0.0007643350274906743,1,1,34,1,1,4,1,1,2,25,25027
USER_008376,0.03691240210117984,-0.0010875978988201598,1,1,72,2,1,7,3,2,3,63,63079
USER_008377,0.01953293719574079,-0.01846706280425921,1,1,68,2,2,5,0,1,4,63,63081
USER_008378,0.026076012420160062,-0.011923987579839937,1,1,51,2,2,5,0,2,3,66,66061
USER_008379,0.05214486295222362,0.01414486295222362,0,0,63,2,2,3,0,1,4,11,11045
USER_008380,0.043460676236124436,0.005460676236124437,0,0,57,1,1,7,0,1,5,8,8016
USER_008381,0.04152682500560991,0.0035268250056099126,0,0,42,2,2,5,2,1,1,8,8065
USER_008382,0.04459521300898034,0.00659521300898034,0,1,72,2,1,5,1,2,1,11,11002
USER_008383,0.041389413819233854,0.003389413819233855,0,0,39,2,1,5,0,1,3,68,68018
USER_008384,0.05864293844287472,0.020642938442874723,0,0,43,1,1,3,3,1,2,11,11014
USER_008385,0.04185143772555473,0.0038514377255547336,0,0,44,2,2,7,0,1,3,11,11053
USER_008386,0.018126803292718745,-0.019873196707281254,1,1,55,2,2,1,4,1,5,11,11057
USER_008387,0.06445194947311615,0.026451949473116153,0,0,26,1,1,5,0,1,4,25,25099
USER_008388,0.045555104009932686,0.007555104009932687,0,1,54,1,1,3,0,1,4,68,68090
USER_008389,0.031161194038073985,-0.006838805961926014,1,1,22,1,1,5,1,1,2,25,25049
USER_008390,0.021198974225574724,-0.016801025774425275,1,1,35,2,1,6,1,2,3,11,11018
USER_008391,0.04593871331437068,0.007938713314370682,0,1,39,1,1,5,1,1,3,8,8054
USER_008392,0.038242419925384366,0.00024241992538436702,0,0,63,2,1,5,1,1,5,19,19059
USER_008393,0.06361220179048613,0.02561220179048613,0,0,29,2,1,4,3,1,4,8,8032
USER_008394,0.034811390789997586,-0.0031886092100024133,1,1,61,2,2,9,0,1,4,11,11046
USER_008395,0.027439288154762997,-0.010560711845237002,1,1,39,2,1,3,0,1,2,66,66069
USER_008396,0.05343694327353893,0.01543694327353893,0,0,23,2,1,11,3,1,4,11,11020
USER_008397,0.05387922839075247,0.015879228390752474,0,0,53,2,1,5,1,1,4,11,11050
USER_008398,0.04252977051415293,0.004529770514152931,0,1,44,2,1,2,2,1,2,47,47018
USER_008399,0.05014535571512362,0.012145355715123624,0,0,64,2,2,5,0,2,1,73,73022
USER_008400,0.03943469318886643,0.0014346931888664302,0,0,72,2,2,5,3,1,2,11,11005
USER_008401,0.043507976515138706,0.005507976515138707,0,0,32,2,1,4,2,1,2,11,11069
USER_008402,0.057474863238458844,0.019474863238458845,0,0,74,2,1,1,1,1,2,66,66049
USER_008403,0.04937977501032254,0.011379775010322543,0,1,34,2,2,5,3,1,3,50,50074
USER_008404,0.03746088342501063,-0.0005391165749893678,1,1,20,1,2,4,1,2,4,8,8033
USER_008405,0.06028543818889226,0.02228543818889226,0,0,27,2,1,1,3,2,4,73,73041
USER_008406,0.004527169408127312,-0.033472830591872685,1,1,42,2,2,4,2,1,4,11,11008
USER_008407,0.07078109967132902,0.03278109967132902,0,0,38,2,3,7,0,1,5,5,5093
USER_008408,0.014410613576638972,-0.023589386423361027,1,1,71,1,1,7,2,2,5,50,50011
USER_008409,0.03059360762841556,-0.007406392371584438,1,1,57,1,3,5,2,1,2,25,25074
USER_008410,0.03938623697207397,0.001386236972073969,0,0,26,1,1,5,1,1,1,54,54077
USER_008411,0.03780278993907758,-0.00019721006092241616,1,1,41,1,1,5,2,2,2,11,11074
USER_008412,0.055096165600398324,0.017096165600398325,0,0,49,2,1,5,1,2,3,66,66031
USER_008413,0.024132450720846486,-0.013867549279153513,1,1,20,1,1,1,3,1,4,25,25086
USER_008414,0.043911502262245945,0.005911502262245946,0,0,50,2,2,3,1,1,3,25,25055
USER_008415,0.031326818526703694,-0.006673181473296305,1,1,60,2,1,3,1,1,4,76,76088
USER_008416,0.04442711469006125,0.006427114690061249,0,1,62,1,1,3,3,1,1,68,68051
USER_008417,0.03902841610303185,0.0010284161030318512,0,0,29,2,1,5,1,2,5,11,11095
USER_008418,0.04139403479024467,0.0033940347902446724,0,0,46,1,3,6,6,1,4,50,50062
USER_008419,0.03175112751303481,-0.006248872486965186,1,1,38,2,1,3,1,1,4,52,52021
USER_008420,0.032349040748558766,-0.005650959251441233,1,1,56,2,1,4,0,1,2,11,11077
USER_008421,0.04430908771041141,0.006309087710411408,0,0,51,1,1,2,0,1,5,11,11026
USER_008422,0.05415573258634067,0.01615573258634067,0,0,50,1,2,3,3,1,2,11,11092
USER_008423,0.031025809987032284,-0.006974190012967715,1,0,49,2,1,2,1,2,5,19,19080
USER_008424,0.026968486831406357,-0.011031513168593642,1,1,37,2,1,5,1,1,5,47,47013
USER_008425,0.04920190248507755,0.011201902485077554,0,0,20,2,1,4,2,1,4,8,8067
USER_008426,0.03951244160413466,0.0015124416041346622,0,0,21,2,1,10,3,2,4,11,11084
USER_008427,0.05245747200978928,0.01445747200978928,0,0,34,2,1,7,0,1,3,54,54044
USER_008428,0.02641304179943279,-0.01158695820056721,1,1,67,2,3,3,0,2,4,54,54076
USER_008429,0.013308416118648539,-0.02469158388135146,1,0,34,2,2,3,2,2,1,76,76078
USER_008430,0.032004938772604984,-0.0059950612273950155,1,1,36,2,3,4,0,1,1,25,25003
USER_008431,0.02850471086102476,-0.009495289138975238,1,1,21,1,1,5,3,2,5,54,54020
USER_008432,0.0388181739987955,0.0008181739987955031,0,0,46,2,1,6,0,2,2,54,54006
USER_008433,0.03044732178594416,-0.007552678214055839,1,1,34,1,1,6,2,1,4,54,54004
USER_008434,0.05111525427004674,0.013115254270046742,0,0,39,1,1,5,1,1,3,25,25023
USER_008435,0.03567774606366226,-0.00232225393633774,1,1,19,2,3,8,1,1,4,76,76005
USER_008436,0.042257117481608514,0.004257117481608515,0,0,59,2,3,5,2,1,2,52,52012
USER_008437,0.04236451837661416,0.004364518376614161,0,0,29,1,2,7,0,1,2,8,8060
USER_008438,0.042924326386182814,0.004924326386182815,0,0,62,1,1,4,0,1,3,63,63090
USER_008439,0.0396380633431754,0.0016380633431754,0,0,28,2,2,5,4,1,1,54,54096
USER_008440,0.047659010356154705,0.009659010356154706,0,0,70,1,1,3,0,1,3,11,11026
USER_008441,0.028065172992612887,-0.009934827007387112,1,1,57,1,2,3,2,2,1,68,68093
USER_008442,0.06099126889980824,0.022991268899808244,0,0,46,1,1,5,2,1,2,25,25059
USER_008443,0.036451939249471974,-0.0015480607505280256,1,1,37,2,1,8,1,1,4,47,47013
USER_008444,0.020326762931519776,-0.017673237068480223,1,0,22,2,1,6,2,1,5,73,73009
USER_008445,0.042821100354876594,0.004821100354876595,0,0,42,1,2,3,1,2,3,47,47073
USER_008446,0.027232292763287726,-0.010767707236712273,1,1,51,2,1,8,2,1,4,66,66098
USER_008447,0.049980018017633125,0.011980018017633126,0,0,29,2,1,5,1,2,1,63,63043
USER_008448,0.07314408364063567,0.03514408364063567,0,0,45,2,3,5,2,2,4,25,25023
USER_008449,0.02820141862663225,-0.00979858137336775,1,1,51,2,1,4,1,1,5,19,19089
USER_008450,0.04498558499835977,0.006985584998359773,0,0,23,1,1,4,0,1,4,11,11022
USER_008451,0.013667416169430588,-0.02433258383056941,1,1,71,2,1,4,3,1,4,19,19082
USER_008452,0.04680857844162021,0.00880857844162021,0,0,36,2,1,4,0,2,4,8,8042
USER_008453,0.02671429300300466,-0.01128570699699534,1,1,29,2,1,5,0,1,3,50,50049
USER_008454,0.03062748072348277,-0.00737251927651723,1,1,42,2,1,3,1,1,2,11,11032
USER_008455,0.023480702652402582,-0.014519297347597417,1,1,30,2,1,6,0,1,3,68,68084
USER_008456,0.05098226839082103,0.012982268390821033,0,0,34,2,1,1,1,1,1,8,8008
USER_008457,0.05510956536209894,0.01710956536209894,0,0,29,2,1,3,3,1,4,11,11095
USER_008458,0.04035077821987761,0.002350778219877614,0,0,20,1,1,6,2,1,4,5,5021
USER_008459,0.027033599419964208,-0.010966400580035791,1,1,41,2,3,4,3,1,4,11,11079
USER_008460,0.06384284554155793,0.025842845541557934,0,0,25,1,3,6,1,2,4,11,11065
USER_008461,0.02874384808368016,-0.00925615191631984,1,1,65,1,2,3,2,1,3,11,11027
USER_008462,0.00756951550108842,-0.03043048449891158,1,1,53,2,2,4,0,2,3,25,25018
USER_008463,0.046875835149356025,0.008875835149356026,0,0,73,2,2,7,1,2,3,8,8078
USER_008464,0.02342837989537725,-0.014571620104622748,1,1,43,2,2,3,1,1,1,11,11045
USER_008465,0.05482913190248762,0.016829131902487623,0,0,62,2,2,2,5,1,2,25,25074
USER_008466,0.03428293454989872,-0.003717065450101281,1,1,25,1,1,3,1,1,5,11,11049
USER_008467,0.049055698608162945,0.011055698608162946,0,0,49,2,2,4,2,1,3,50,50049
USER_008468,0.06102250519828237,0.02302250519828237,0,0,49,2,1,6,3,1,4,11,11096
USER_008469,0.021867117030689172,-0.016132882969310827,1,1,18,1,1,4,0,1,4,11,11005
USER_008470,0.03151094303661392,-0.006489056963386079,1,1,20,1,2,4,1,2,1,73,73065
USER_008471,0.03886493391014405,0.0008649339101440487,0,0,18,2,3,9,1,2,3,25,25048
USER_008472,0.06306326978551516,0.02506326978551516,0,0,32,2,1,4,1,1,5,73,73058
USER_008473,0.03012425923089332,-0.00787574076910668,1,1,67,2,1,7,1,1,1,25,25023
USER_008474,0.031082444560764894,-0.0069175554392351055,1,1,37,2,1,7,0,1,5,11,11096
USER_008475,0.04717210863333713,0.009172108633337131,0,0,20,2,3,3,4,1,4,54,54043
USER_008476,0.03134156911434144,-0.00665843088565856,1,1,32,2,2,2,1,2,2,5,5048
USER_008477,0.04228788824346425,0.004287888243464252,0,0,71,2,1,1,1,1,3,19,19012
USER_008478,0.0167269386854781,-0.021273061314521897,1,1,54,1,2,5,1,1,5,11,11033
USER_008479,0.07321494913834894,0.035214949138348946,0,0,38,1,1,6,0,1,4,11,11072
USER_008480,0.01978436154535895,-0.01821563845464105,1,1,59,2,1,2,2,2,4,68,68008
USER_008481,0.035173709440146875,-0.0028262905598531243,1,1,56,2,2,4,0,1,4,11,11011
USER_008482,0.03951278446236858,0.001512784462368584,0,0,40,2,1,8,1,1,1,19,19085
USER_008483,0.06869032201535194,0.03069032201535194,0,0,74,1,1,7,1,1,3,11,11097
USER_008484,0.0201273132860089,-0.017872686713991098,1,1,57,2,1,5,0,1,2,25,25080
USER_008485,0.06975556203218126,0.031755562032181266,0,1,52,1,2,4,1,1,2,8,8074
USER_008486,0.05135765231653034,0.013357652316530341,0,0,35,1,1,4,1,1,3,47,47018
USER_008487,0.046256429866348696,0.008256429866348697,0,0,34,1,1,3,5,1,4,50,50059
USER_008488,0.025230494694730665,-0.012769505305269335,1,1,48,2,1,6,0,1,2,11,11034
USER_008489,0.04856711863057111,0.01056711863057111,0,0,65,2,1,2,1,1,2,11,11015
USER_008490,0.029147700663703,-0.008852299336296998,1,1,43,2,2,2,1,2,3,68,68060
USER_008491,0.058999918797976184,0.020999918797976184,0,0,39,1,3,5,2,1,2,25,25085
USER_008492,0.025434069563384006,-0.012565930436615993,1,1,62,2,1,5,3,1,2,13,13068
USER_008493,0.038302622583158745,0.0003026225831587459,0,0,53,2,2,3,1,1,2,25,25048
USER_008494,0.03167090367980243,-0.006329096320197569,1,1,52,1,2,5,1,1,3,52,52097
USER_008495,0.025187155563595083,-0.012812844436404916,1,1,28,2,1,6,0,1,3,54,54087
USER_008496,0.05111979725361872,0.013119797253618719,0,0,44,2,3,8,2,1,5,63,63056
USER_008497,0.0480318812111445,0.010031881211144504,0,0,51,1,1,4,0,1,2,11,11062
USER_008498,0.05813515298351496,0.02013515298351496,0,0,35,1,1,2,0,1,1,13,13032
USER_008499,0.01330187337687749,-0.02469812662312251,1,1,44,2,2,4,1,1,5,73,73073
USER_008500,0.055962560535115655,0.017962560535115656,0,0,21,1,1,6,0,1,4,25,25044
USER_008501,0.0775817335803534,0.039581733580353405,0,0,34,1,2,6,2,1,2,8,8005
USER_008502,0.0332253836623458,-0.004774616337654199,1,1,23,2,1,3,2,1,4,11,11059
USER_008503,0.06842722918163455,0.030427229181634548,0,0,59,2,1,5,0,1,3,73,73037
USER_008504,0.0360525809191026,-0.0019474190808973987,1,1,28,2,1,5,3,2,4,5,5088
USER_008505,0.0194138539365804,-0.0185861460634196,1,1,22,2,1,3,0,1,3,8,8026
USER_008506,0.03541551336389807,-0.002584486636101932,1,1,74,2,2,7,1,1,3,25,25020
USER_008507,0.05572305951512914,0.01772305951512914,0,0,35,1,1,6,1,1,4,66,66097
USER_008508,0.02742735276502703,-0.01057264723497297,1,0,74,1,2,5,0,1,1,68,68048
USER_008509,0.030994920114902694,-0.007005079885097305,1,1,42,2,1,7,1,2,2,66,66018
USER_008510,0.048903091484397865,0.010903091484397866,0,0,27,2,2,6,0,1,3,11,11037
USER_008511,0.0400459017510786,0.002045901751078598,0,0,58,2,3,6,0,2,1,11,11098
USER_008512,0.04876934428730111,0.010769344287301114,0,1,33,2,1,4,0,2,2,73,73070
USER_008513,0.04356744311137504,0.0055674431113750394,0,0,27,1,3,5,1,1,4,54,54084
USER_008514,0.047194379793273594,0.009194379793273595,0,1,27,2,1,4,1,1,4,68,68094
USER_008515,0.033515482212856884,-0.004484517787143115,1,0,53,1,1,6,4,1,4,63,63093
USER_008516,0.04347596413045589,0.005475964130455889,0,0,38,1,1,4,2,2,1,5,5014
USER_008517,0.026089404914560996,-0.011910595085439003,1,1,73,2,1,5,1,2,3,73,73072
USER_008518,0.05932650433755083,0.02132650433755083,0,0,31,2,1,6,0,2,4,68,68092
USER_008519,0.030485879247740294,-0.007514120752259705,1,1,25,2,2,3,1,2,2,50,50093
USER_008520,0.05693271231324084,0.01893271231324084,0,0,18,2,2,5,0,1,5,11,11014
USER_008521,0.03649589558525702,-0.0015041044147429822,1,1,33,2,1,2,1,1,1,11,11026
USER_008522,0.04302998516135982,0.005029985161359822,0,0,43,1,2,7,1,1,4,11,11098
USER_008523,0.03257553173663949,-0.005424468263360509,1,1,66,2,1,6,1,1,1,11,11022
USER_008524,0.024760068532479567,-0.013239931467520432,1,1,59,2,1,6,2,1,3,68,68088
USER_008525,0.01382859418592048,-0.02417140581407952,1,1,23,1,2,5,0,1,5,68,68040
USER_008526,0.024170137621113107,-0.013829862378886892,1,1,56,2,1,6,1,1,3,8,8001
USER_008527,0.03514136720176118,-0.002858632798238822,1,1,67,1,2,5,0,1,4,11,11075
USER_008528,0.04317818768243326,0.0051781876824332634,0,0,19,1,1,5,0,1,3,68,68015
USER_008529,0.05515568969924895,0.017155689699248952,0,0,70,2,2,3,0,1,5,52,52089
USER_008530,0.033313638103047265,-0.004686361896952734,1,1,26,2,2,4,3,1,3,47,47081
USER_008531,0.02677058853599239,-0.011229411464007608,1,1,22,1,1,5,0,1,2,63,63018
USER_008532,0.018359278209959314,-0.019640721790040686,1,1,57,2,1,10,1,1,4,66,66029
USER_008533,0.04720095426856156,0.00920095426856156,0,0,73,2,1,8,0,1,4,25,25088
USER_008534,0.06074791772994015,0.02274791772994015,0,0,22,1,1,7,2,1,5,73,73007
USER_008535,0.05899495401934433,0.020994954019344328,0,0,73,2,1,3,1,2,3,54,54095
USER_008536,0.05064899122220856,0.012648991222208562,0,0,64,2,1,5,0,1,5,8,8003
USER_008537,0.049578149759013986,0.011578149759013986,0,0,25,1,2,4,0,2,2,11,11015
USER_008538,0.06546435669564012,0.027464356695640117,0,0,22,1,1,3,1,1,3,50,50002
USER_008539,0.04498122192125216,0.006981221921252161,0,0,22,2,1,3,0,1,3,66,66034
USER_008540,0.04969194514036258,0.011691945140362578,0,0,69,1,1,5,2,2,2,73,73036
USER_008541,0.035188242072220016,-0.002811757927779983,1,1,34,2,1,3,0,2,2,76,76053
USER_008542,0.01956934943717864,-0.01843065056282136,1,1,26,1,3,4,0,2,2,8,8071
USER_008543,0.02974226649250636,-0.00825773350749364,1,1,51,2,2,7,1,1,2,8,8045
USER_008544,0.03986261442198017,0.0018626144219801716,0,0,50,2,1,4,1,1,2,5,5048
USER_008545,0.04091178058751954,0.0029117805875195427,0,0,39,2,2,3,3,1,4,68,68073
USER_008546,0.0688942878228309,0.0308942878228309,0,0,38,1,2,4,0,1,3,73,73032
USER_008547,0.04121915751386603,0.0032191575138660333,0,0,60,1,2,1,1,1,3,63,63057
USER_008548,0.05768265166038466,0.01968265166038466,0,0,32,1,1,7,0,1,4,11,11041
USER_008549,0.033473841376355264,-0.004526158623644735,1,1,18,2,2,6,1,1,3,76,76031
USER_008550,0.03532486171352149,-0.002675138286478508,1,1,24,1,2,5,4,1,4,47,47088
USER_008551,0.020064885441648278,-0.01793511455835172,1,1,40,1,1,3,2,2,4,68,68002
USER_008552,0.028865079806851424,-0.009134920193148575,1,1,68,1,1,4,0,1,3,11,11011
USER_008553,0.047904720870456295,0.009904720870456296,0,0,73,2,1,4,0,1,5,50,50066
USER_008554,0.040113402705912,0.002113402705912003,0,0,64,2,1,6,2,1,5,25,25072
USER_008555,0.054144079298458506,0.016144079298458507,0,0,23,2,2,4,2,1,1,63,63061
USER_008556,0.042718809225175756,0.004718809225175757,0,0,37,2,2,8,2,1,3,73,73062
USER_008557,0.03471319402543387,-0.003286805974566126,1,1,43,1,1,3,3,2,1,54,54003
USER_008558,0.07222445295680438,0.03422445295680438,0,0,59,2,1,6,0,2,3,13,13084
USER_008559,0.03859144646930429,0.0005914464693042923,0,0,29,2,1,5,1,1,2,76,76073
USER_008560,0.05744501454557956,0.019445014545579564,0,0,30,2,1,4,1,2,1,8,8075
USER_008561,0.033981861901829835,-0.004018138098170164,1,1,64,2,1,5,0,1,3,25,25028
USER_008562,0.050643992190753495,0.012643992190753496,0,0,68,2,2,4,0,1,2,11,11026
USER_008563,0.0539202348872753,0.0159202348872753,0,0,66,1,2,3,1,1,5,66,66061
USER_008564,0.04312737955863371,0.00512737955863371,0,0,30,1,2,5,2,2,4,50,50058
USER_008565,0.004682756159550969,-0.033317243840449026,1,1,19,1,2,6,4,1,4,8,8088
USER_008566,0.0402737869128417,0.002273786912841698,0,1,49,1,3,7,1,2,3,25,25037
USER_008567,0.05845690071639963,0.020456900716399634,0,0,67,1,2,7,3,1,4,66,66043
USER_008568,0.047912212495415954,0.009912212495415955,0,0,48,1,2,3,1,1,4,47,47013
USER_008569,0.0466875831284387,0.008687583128438703,0,0,28,1,2,3,1,1,2,11,11020
USER_008570,0.014166145990637214,-0.023833854009362783,1,1,54,1,2,3,0,2,1,11,11031
USER_008571,0.02919317393987412,-0.00880682606012588,1,1,21,1,1,6,1,1,3,76,76082
USER_008572,0.04617036446727159,0.008170364467271589,0,0,51,1,2,5,0,1,2,11,11090
USER_008573,0.04615574915180338,0.00815574915180338,0,0,33,2,1,4,0,2,4,52,52050
USER_008574,0.05822000170199354,0.02022000170199354,0,0,48,2,1,6,1,1,2,76,76052
USER_008575,0.03782699867280859,-0.00017300132719141187,1,1,42,2,1,5,0,2,3,11,11053
USER_008576,0.04608736130010722,0.008087361300107218,0,0,56,2,1,7,0,1,4,11,11050
USER_008577,0.040245613628969404,0.002245613628969405,0,0,25,2,1,4,3,1,5,52,52066
USER_008578,0.025195858952476648,-0.012804141047523351,1,1,25,2,2,3,2,1,2,11,11062
USER_008579,0.006163130033578789,-0.03183686996642121,1,1,51,1,1,5,2,2,4,8,8091
USER_008580,0.04646514538195115,0.008465145381951152,0,0,32,2,2,5,1,2,2,13,13083
USER_008581,0.04260920812619217,0.004609208126192171,0,0,22,2,3,2,2,1,3,8,8082
USER_008582,0.030727374368497467,-0.007272625631502532,1,1,36,2,2,4,0,2,4,13,13003
USER_008583,0.015712404152262032,-0.022287595847737967,1,1,27,1,1,4,0,1,2,68,68090
USER_008584,0.04944609271613107,0.011446092716131069,0,0,26,2,2,5,0,2,3,19,19048
USER_008585,0.03601119888706672,-0.001988801112933279,1,0,74,1,1,7,2,1,4,25,25050
USER_008586,0.048353120835522186,0.010353120835522187,0,0,71,2,1,4,0,1,4,13,13045
USER_008587,0.06796072795617637,0.029960727956176374,0,1,46,1,1,4,0,2,2,11,11089
USER_008588,0.007878536795204429,-0.03012146320479557,1,1,69,2,3,7,2,1,4,11,11001
USER_008589,0.029505987869464543,-0.008494012130535456,1,1,57,1,2,4,0,1,3,5,5001
USER_008590,0.0368593658003213,-0.0011406341996786987,1,1,54,2,2,5,1,1,1,76,76094
USER_008591,0.06182239261219976,0.02382239261219976,0,0,36,1,1,2,0,1,3,63,63066
USER_008592,0.015453954711902728,-0.02254604528809727,1,1,30,2,1,5,0,1,1,8,8028
USER_008593,0.06903791538520906,0.031037915385209065,0,0,63,2,3,6,1,1,3,68,68027
USER_008594,0.04203783852349436,0.004037838523494361,0,0,57,2,1,5,0,2,4,11,11057
USER_008595,0.03855999007399213,0.0005599900739921282,0,0,33,1,1,6,3,1,2,11,11072
USER_008596,0.0370291035517164,-0.0009708964482835966,1,1,47,2,1,8,1,1,1,11,11025
USER_008597,0.03345605451729957,-0.004543945482700429,1,1,71,2,1,3,1,1,4,50,50083
USER_008598,0.05572175138903732,0.017721751389037324,0,0,22,2,1,5,2,2,3,76,76013
USER_008599,0.02397218868876342,-0.01402781131123658,1,1,50,2,1,5,0,2,4,66,66095
USER_008600,0.045181212724657804,0.007181212724657805,0,0,36,1,3,3,0,2,2,47,47004
USER_008601,0.03423727501439537,-0.0037627249856046277,1,1,72,1,2,3,0,1,5,19,19070
USER_008602,0.028567998272288533,-0.009432001727711466,1,1,36,2,2,5,0,1,2,66,66061
USER_008603,0.07878962763525843,0.04078962763525843,0,0,34,2,2,2,0,2,3,8,8035
USER_008604,0.0462857610213019,0.0082857610213019,0,0,41,2,2,3,4,2,1,11,11013
USER_008605,0.04919898316991716,0.01119898316991716,0,0,72,2,2,8,2,1,2,68,68072
USER_008606,0.057066651710029934,0.019066651710029935,0,0,70,2,1,3,2,1,4,66,66087
USER_008607,0.018679750820221795,-0.019320249179778204,1,1,45,2,1,5,1,1,5,19,19035
USER_008608,0.06628437863683048,0.028284378636830483,0,0,59,2,3,5,3,1,4,50,50077
USER_008609,0.0023656423225738663,-0.035634357677426134,1,1,54,2,2,5,2,1,3,63,63058
USER_008610,0.028468503849422195,-0.009531496150577804,1,0,39,2,1,6,0,1,3,5,5086
USER_008611,0.0331145249023165,-0.0048854750976835,1,1,56,2,1,4,1,1,2,19,19062
USER_008612,0.04872585047455759,0.01072585047455759,0,1,33,2,3,2,1,1,3,25,25042
USER_008613,0.043280773992122316,0.005280773992122317,0,0,52,2,3,6,0,2,4,68,68029
USER_008614,0.0374977788895241,-0.0005022211104758964,1,1,44,2,1,3,2,1,5,11,11006
USER_008615,0.039820039830584145,0.0018200398305841456,0,1,29,2,2,5,0,2,4,11,11016
USER_008616,0.025329654647161477,-0.012670345352838522,1,1,63,1,1,4,2,1,5,25,25059
USER_008617,0.017541514082737405,-0.020458485917262594,1,1,45,2,1,5,0,1,4,50,50023
USER_008618,0.0508976743350409,0.012897674335040903,0,0,69,1,1,4,1,2,2,8,8039
USER_008619,0.05040559168804278,0.012405591688042783,0,0,18,1,2,5,0,1,3,19,19040
USER_008620,0.06376741562735588,0.025767415627355884,0,0,56,2,2,4,0,1,2,8,8032
USER_008621,0.02814974354777188,-0.009850256452228118,1,1,35,1,1,2,2,1,3,11,11087
USER_008622,0.050392228154513836,0.012392228154513837,0,0,40,2,1,9,0,1,3,47,47003
USER_008623,0.035744399074529025,-0.002255600925470974,1,1,39,2,1,3,0,1,2,73,73073
USER_008624,0.05785712477790223,0.019857124777902233,0,0,21,2,1,3,0,1,3,25,25006
USER_008625,0.055329441650172125,0.017329441650172125,0,0,65,1,1,7,0,1,4,11,11004
USER_008626,0.043168140988366854,0.005168140988366855,0,0,28,1,2,4,0,1,3,66,66020
USER_008627,0.0349070476500102,-0.003092952349989797,1,1,35,2,1,2,2,2,3,11,11005
USER_008628,0.05441398267912392,0.016413982679123924,0,0,72,1,2,2,0,1,3,73,73042
USER_008629,0.04970356784884848,0.011703567848848483,0,0,65,1,1,8,2,1,2,11,11014
USER_008630,0.029733393968707268,-0.008266606031292732,1,1,24,2,2,6,0,1,5,25,25003
USER_008631,0.020083019897808536,-0.017916980102191463,1,1,38,1,2,2,0,1,2,11,11019
USER_008632,0.035672006489773055,-0.0023279935102269445,1,1,74,2,1,4,2,1,5,11,11091
USER_008633,0.06273120723022313,0.02473120723022313,0,0,52,1,1,4,0,1,3,76,76094
USER_008634,0.05719730738099558,0.01919730738099558,0,0,74,1,1,4,1,1,3,50,50099
USER_008635,0.02331508795494129,-0.014684912045058708,1,1,54,1,3,8,2,1,5,11,11066
USER_008636,0.022483638761501185,-0.015516361238498814,1,1,67,2,1,6,2,1,3,50,50066
USER_008637,0.05912025774519229,0.021120257745192293,0,0,74,2,1,8,2,1,1,8,8015
USER_008638,0.022965461428632566,-0.015034538571367433,1,1,47,2,3,2,1,1,2,11,11072
USER_008639,0.04763942985463012,0.009639429854630122,0,0,34,2,2,4,2,1,3,11,11030
USER_008640,0.030758931769955145,-0.0072410682300448545,1,1,50,2,1,5,0,1,3,11,11049
USER_008641,0.06425567386782524,0.026255673867825242,0,0,33,1,2,3,0,2,2,25,25055
USER_008642,0.028443628012931817,-0.009556371987068182,1,1,32,2,1,3,2,1,2,11,11057
USER_008643,0.05715042295308742,0.019150422953087422,0,0,30,2,1,3,2,2,4,25,25087
USER_008644,0.04277287981090547,0.0047728798109054685,0,0,56,2,1,5,1,1,3,66,66095
USER_008645,0.0437829228135143,0.0057829228135143,0,0,20,1,1,4,1,1,5,11,11033
USER_008646,0.010445371279728981,-0.027554628720271018,1,1,41,2,2,3,1,1,3,73,73068
USER_008647,0.006956299701914224,-0.031043700298085775,1,0,40,2,1,4,2,1,3,25,25010
USER_008648,0.03669151089599029,-0.0013084891040097066,1,1,62,1,1,8,1,1,2,8,8001
USER_008649,0.04370359095124918,0.005703590951249178,0,0,65,2,2,2,1,1,3,11,11026
USER_008650,0.02312203258393415,-0.014877967416065847,1,1,72,1,1,6,2,1,1,25,25039
USER_008651,0.02366959884285487,-0.01433040115714513,1,1,18,1,2,5,1,2,2,11,11097
USER_008652,0.04842208944739199,0.010422089447391994,0,0,49,2,1,4,1,2,2,13,13051
USER_008653,0.04844281720685696,0.010442817206856962,0,0,50,1,1,5,0,1,3,54,54028
USER_008654,0.037933884094181095,-6.611590581890453e-05,1,1,65,1,1,9,1,1,3,66,66059
USER_008655,0.051703025817791126,0.013703025817791127,0,0,47,1,1,6,3,2,4,11,11094
USER_008656,0.022386965564197805,-0.015613034435802194,1,1,19,1,1,3,1,1,1,52,52061
USER_008657,0.03466097624369544,-0.003339023756304557,1,1,35,1,1,4,2,1,2,11,11009
USER_008658,0.0647181640867551,0.0267181640867551,0,0,70,1,1,3,0,1,1,11,11099
USER_008659,0.04102483194909727,0.0030248319490972717,0,0,74,1,1,2,1,1,3,8,8042
USER_008660,0.041894687718805,0.0038946877188050025,0,0,72,2,1,4,1,1,4,63,63098
USER_008661,0.0745891987895161,0.0365891987895161,0,0,47,2,1,2,0,1,3,11,11070
USER_008662,0.01900986751226844,-0.01899013248773156,1,0,35,2,2,8,1,1,1,50,50019
USER_008663,0.05194645549963166,0.013946455499631659,0,0,22,1,1,2,1,1,2,66,66030
USER_008664,0.06495979419712149,0.026959794197121488,0,0,22,2,1,5,2,1,2,52,52083
USER_008665,0.03512713110252181,-0.0028728688974781896,1,0,25,2,1,6,1,1,3,25,25075
USER_008666,0.052894461802822694,0.014894461802822695,0,0,26,1,2,5,1,1,4,25,25082
USER_008667,0.02526970754183643,-0.01273029245816357,1,1,49,2,2,6,0,1,4,47,47063
USER_008668,0.02969901406648973,-0.00830098593351027,1,1,73,2,1,3,1,2,5,25,25081
USER_008669,0.045774496240714516,0.0077744962407145166,0,0,31,2,3,3,2,1,2,25,25074
USER_008670,0.05197850009665885,0.013978500096658852,0,0,30,1,3,2,1,1,3,54,54080
USER_008671,0.05681404768609369,0.01881404768609369,0,0,35,2,1,5,0,2,2,25,25007
USER_008672,0.06354442880409239,0.02554442880409239,0,0,21,1,1,11,0,1,3,25,25032
USER_008673,0.03898830162167227,0.0009883016216722731,0,0,67,1,1,1,1,1,2,50,50009
USER_008674,0.05790417632758882,0.01990417632758882,0,0,39,2,2,3,2,1,4,52,52083
USER_008675,0.03486542734826277,-0.003134572651737229,1,1,37,1,1,4,1,1,4,25,25054
USER_008676,0.05353136967382402,0.01553136967382402,0,0,32,1,1,5,0,1,5,11,11089
USER_008677,0.043112331967782726,0.005112331967782727,0,0,24,1,3,5,2,1,1,68,68098
USER_008678,0.04668516860622886,0.008685168606228859,0,0,30,2,1,5,2,1,2,54,54065
USER_008679,0.04635261811033056,0.008352618110330563,0,0,51,2,2,6,2,1,4,11,11003
USER_008680,0.01592942485303282,-0.02207057514696718,1,1,58,2,2,4,2,1,3,11,11096
USER_008681,0.0231381721170884,-0.014861827882911599,1,1,47,1,2,3,1,1,3,11,11080
USER_008682,0.041538121597262834,0.0035381215972628346,0,0,22,2,1,4,0,2,4,25,25022
USER_008683,0.014690813805382475,-0.023309186194617526,1,1,18,2,1,6,2,1,2,76,76069
USER_008684,0.05246816654799634,0.01446816654799634,0,0,48,2,2,3,2,2,4,76,76071
USER_008685,0.05307333949432213,0.01507333949432213,0,0,68,2,1,3,1,1,3,19,19034
USER_008686,0.04490755829316685,0.006907558293166853,0,0,37,1,1,6,0,2,4,11,11079
USER_008687,0.02318298980863117,-0.014817010191368829,1,1,36,1,1,5,1,1,2,52,52046
USER_008688,0.06070208408302772,0.02270208408302772,0,0,71,2,2,6,0,1,3,19,19099
USER_008689,0.07055815959577537,0.03255815959577537,0,0,46,1,2,6,1,1,1,5,5096
USER_008690,0.04220615241168961,0.004206152411689611,0,0,62,2,2,2,1,2,2,8,8048
USER_008691,0.04765803067676855,0.009658030676768549,0,0,55,1,3,5,0,1,1,13,13089
USER_008692,0.043026079821940656,0.005026079821940657,0,0,27,2,1,5,1,1,2,50,50021
USER_008693,0.047955537834981986,0.009955537834981987,0,0,46,1,1,4,0,1,1,8,8041
USER_008694,0.03820661865060406,0.00020661865060406237,0,0,48,1,1,4,1,1,3,68,68079
USER_008695,0.03948153640234295,0.0014815364023429492,0,0,28,2,2,6,2,1,1,50,50094
USER_008696,0.05358576400746048,0.015585764007460479,0,0,40,2,2,8,1,2,2,11,11014
USER_008697,0.0751843624284466,0.0371843624284466,0,0,47,2,1,3,0,2,3,25,25030
USER_008698,0.01899893148397392,-0.01900106851602608,1,1,42,2,1,4,2,1,2,66,66023
USER_008699,0.0384428127339555,0.0004428127339555013,0,0,33,1,2,3,0,1,2,25,25004
USER_008700,0.02229309272151877,-0.01570690727848123,1,1,74,2,2,2,3,1,3,11,11091
USER_008701,0.06388037347864126,0.025880373478641257,0,0,40,2,1,4,0,1,1,73,73024
USER_008702,0.031183930460201525,-0.006816069539798474,1,0,50,2,3,3,2,1,4,19,19094
USER_008703,0.01835198809321309,-0.01964801190678691,1,0,68,2,1,7,3,1,3,25,25078
USER_008704,0.049572804982728605,0.011572804982728606,0,0,54,2,1,5,2,1,2,66,66072
USER_008705,0.06616466672114667,0.028164666721146668,0,0,45,2,1,4,2,1,4,25,25004
USER_008706,0.04995396802841144,0.011953968028411442,0,0,44,1,2,1,1,1,1,11,11094
USER_008707,0.043071968159228764,0.005071968159228765,0,0,23,2,3,4,0,1,4,50,50032
USER_008708,0.04613711384163991,0.008137113841639912,0,0,55,2,3,4,1,1,1,8,8041
USER_008709,0.06122260994238332,0.023222609942383322,0,0,54,2,2,5,0,1,3,11,11012
USER_008710,0.026887010949787755,-0.011112989050212244,1,1,23,2,1,3,3,2,3,8,8078
USER_008711,0.03832229343870531,0.00032229343870530947,0,0,42,2,1,6,0,2,2,73,73005
USER_008712,0.033209647772357,-0.004790352227642999,1,1,30,2,3,5,1,1,4,8,8027
USER_008713,0.022482020390624347,-0.015517979609375652,1,0,50,2,1,5,3,1,3,25,25011
USER_008714,0.03507437110874796,-0.002925628891252037,1,1,50,1,1,6,0,1,2,76,76073
USER_008715,0.05661581643973673,0.018615816439736733,0,0,42,2,2,3,0,2,4,11,11064
USER_008716,0.04849903222589088,0.01049903222589088,0,0,31,2,1,11,0,1,3,54,54017
USER_008717,0.04966465750162301,0.011664657501623009,0,0,57,1,1,6,1,2,3,25,25007
USER_008718,0.042197134174799776,0.004197134174799777,0,0,58,1,1,2,2,1,1,11,11091
USER_008719,0.04784985674092883,0.00984985674092883,0,0,72,2,3,3,4,2,3,66,66040
USER_008720,0.027991144864778418,-0.010008855135221581,1,1,59,1,3,6,1,1,3,5,5008
USER_008721,0.03535735171109156,-0.0026426482889084363,1,1,55,2,1,5,0,1,4,11,11091
USER_008722,0.042880063554530154,0.004880063554530155,0,1,26,2,3,7,1,1,5,8,8026
USER_008723,0.04416273788322835,0.006162737883228353,0,0,35,1,1,6,3,1,2,66,66067
USER_008724,0.0448028178238281,0.006802817823828099,0,0,32,1,2,5,2,1,4,13,13086
USER_008725,0.03792497076975433,-7.502923024566704e-05,1,1,21,2,1,4,1,1,2,8,8018
USER_008726,0.03433864898304505,-0.0036613510169549515,1,1,51,1,2,3,1,1,4,76,76073
USER_008727,0.08736656924566447,0.04936656924566447,0,0,55,2,2,3,2,2,4,13,13050
USER_008728,0.05360180909398598,0.01560180909398598,0,0,34,1,1,4,3,2,1,8,8093
USER_008729,0.04619721213928934,0.00819721213928934,0,0,24,2,3,3,1,1,3,11,11097
USER_008730,0.036501872526904094,-0.0014981274730959046,1,1,49,1,1,7,2,1,3,11,11045
USER_008731,0.033231717595841856,-0.004768282404158143,1,0,72,2,2,7,1,2,4,11,11007
USER_008732,0.03803799109409567,3.7991094095669864e-05,0,1,40,2,1,6,4,1,4,54,54097
USER_008733,0.04439243265380025,0.0063924326538002535,0,0,37,2,2,5,1,1,2,68,68069
USER_008734,0.011793466839053785,-0.026206533160946212,1,1,64,2,1,6,3,1,3,66,66037
USER_008735,0.016459156069379748,-0.02154084393062025,1,1,73,2,1,3,1,1,4,11,11074
USER_008736,0.030446764165915637,-0.0075532358340843625,1,1,70,2,3,3,0,1,4,11,11008
USER_008737,0.04310709155167853,0.00510709155167853,0,0,19,2,2,5,1,1,3,73,73001
USER_008738,0.03641090279272223,-0.001589097207277769,1,1,38,1,2,1,1,2,3,11,11040
USER_008739,0.062171818391492266,0.024171818391492267,0,0,29,2,2,3,2,1,3,63,63017
USER_008740,0.01776404819506347,-0.02023595180493653,1,1,59,2,1,6,0,1,2,11,11078
USER_008741,0.028729817955949446,-0.009270182044050553,1,1,74,1,3,3,2,2,3,13,13030
USER_008742,0.06280137611486653,0.024801376114866526,0,0,66,2,2,8,0,1,4,11,11021
USER_008743,0.041966789870127204,0.003966789870127205,0,0,44,2,1,5,2,1,1,19,19054
USER_008744,0.053272638742017375,0.015272638742017376,0,0,67,2,2,5,1,1,3,5,5085
USER_008745,0.07076870414904195,0.03276870414904195,0,1,65,1,3,4,3,1,4,11,11073
USER_008746,0.029592933731472662,-0.008407066268527337,1,1,27,1,2,3,2,1,3,8,8084
USER_008747,0.03851028493311952,0.0005102849331195189,0,1,25,1,1,4,2,1,4,50,50012
USER_008748,0.035913596486036925,-0.002086403513963074,1,1,38,2,2,5,1,1,4,8,8094
USER_008749,0.010681104932750868,-0.027318895067249133,1,1,74,2,2,5,2,1,4,25,25066
USER_008750,0.035344047943660466,-0.0026559520563395334,1,1,39,1,1,4,3,1,3,63,63068
USER_008751,0.05321593281070998,0.01521593281070998,0,0,30,2,3,1,1,1,4,11,11096
USER_008752,0.048108843127183616,0.010108843127183617,0,0,65,1,1,7,3,2,1,11,11003
USER_008753,0.04928624754082015,0.011286247540820152,0,0,57,1,1,1,2,1,3,47,47095
USER_008754,0.03436736529040751,-0.0036326347095924916,1,1,29,2,1,3,1,1,4,11,11029
USER_008755,0.03015854145991538,-0.007841458540084618,1,1,34,2,1,3,3,1,4,11,11078
USER_008756,0.05903883507847931,0.021038835078479312,0,0,65,2,1,5,2,1,3,68,68088
USER_008757,0.03254024280463496,-0.005459757195365039,1,1,26,2,2,4,1,1,4,66,66096
USER_008758,0.04441123058189821,0.006411230581898214,0,1,74,2,1,4,2,2,2,11,11013
USER_008759,0.04245002021016308,0.00445002021016308,0,0,68,1,2,7,1,1,4,54,54018
USER_008760,0.061925755243856774,0.023925755243856775,0,0,66,1,1,5,1,1,1,11,11022
USER_008761,0.054571185365085394,0.016571185365085395,0,0,73,1,2,2,3,1,2,19,19063
USER_008762,0.02057112068999319,-0.01742887931000681,1,1,57,2,3,2,1,1,1,11,11075
USER_008763,0.0221867024983744,-0.0158132975016256,1,1,29,2,1,4,2,1,4,19,19064
USER_008764,0.048683647271037016,0.010683647271037017,0,0,26,2,2,3,2,2,4,8,8031
USER_008765,0.039034935289312504,0.0010349352893125052,0,0,47,2,2,7,1,2,3,68,68056
USER_008766,0.03317242324069354,-0.004827576759306458,1,1,23,2,2,5,0,2,4,52,52024
USER_008767,0.05523441825991706,0.01723441825991706,0,0,42,2,1,4,1,1,4,11,11005
USER_008768,0.042811890731333666,0.0048118907313336665,0,0,45,1,1,2,2,1,2,13,13008
USER_008769,0.04078686080334166,0.002786860803341659,0,0,27,2,3,6,0,1,3,73,73077
USER_008770,0.05169742961132574,0.013697429611325744,0,0,58,2,1,2,1,1,5,73,73044
USER_008771,0.03437336507584653,-0.0036266349241534657,1,1,45,2,1,6,0,1,3,54,54014
USER_008772,0.06352778478208831,0.025527784782088316,0,0,46,2,1,5,0,1,2,25,25074
USER_008773,0.02817928565150488,-0.00982071434849512,1,1,53,2,1,8,0,2,5,25,25023
USER_008774,0.04985393599513132,0.01185393599513132,0,0,28,1,2,10,2,1,3,13,13013
USER_008775,0.061507492579897675,0.023507492579897676,0,0,38,1,2,3,2,1,2,11,11003
USER_008776,0.0193405676609185,-0.0186594323390815,1,1,71,1,1,3,2,1,2,25,25010
USER_008777,0.034849972362213266,-0.003150027637786733,1,1,55,2,1,8,1,1,3,68,68026
USER_008778,0.057133110893283365,0.019133110893283366,0,0,43,1,1,2,0,2,3,11,11098
USER_008779,0.05735866821596538,0.01935866821596538,0,0,35,2,1,2,3,2,2,25,25059
USER_008780,0.03742756599417641,-0.0005724340058235883,1,1,21,2,2,1,0,1,3,11,11028
USER_008781,0.02897993359484711,-0.00902006640515289,1,1,61,1,1,2,1,2,3,19,19046
USER_008782,0.05433903733496143,0.016339037334961434,0,0,58,1,1,5,2,1,4,5,5042
USER_008783,0.05775323653872407,0.019753236538724073,0,0,32,2,2,5,2,1,1,68,68085
USER_008784,0.02253004977231408,-0.015469950227685918,1,1,40,2,2,5,1,1,5,68,68011
USER_008785,0.0219412952655043,-0.0160587047344957,1,1,58,1,1,4,1,2,2,50,50020
USER_008786,0.043378850229754,0.005378850229753998,0,0,23,2,1,2,1,1,4,25,25024
USER_008787,0.04944040950143338,0.01144040950143338,0,0,60,2,1,3,1,1,4,68,68022
USER_008788,0.03551396372154918,-0.002486036278450822,1,1,24,2,1,3,1,1,4,68,68009
USER_008789,0.05018940729973524,0.012189407299735243,0,0,74,1,3,6,0,1,2,11,11053
USER_008790,0.02934795089743927,-0.00865204910256073,1,1,63,2,1,5,2,1,4,68,68050
USER_008791,0.008279596013893971,-0.02972040398610603,1,1,65,1,1,2,0,1,2,63,63092
USER_008792,0.03364148391501106,-0.004358516084988939,1,0,32,1,1,2,2,1,3,5,5022
USER_008793,0.04094848219769652,0.002948482197696521,0,0,69,2,2,7,3,1,4,73,73031
USER_008794,0.03586240060155315,-0.002137599398446849,1,1,26,1,2,5,1,1,5,11,11020
USER_008795,0.022620951045107723,-0.015379048954892276,1,1,68,2,1,5,0,1,3,25,25049
USER_008796,0.01276526536181774,-0.02523473463818226,1,1,47,2,2,4,1,1,3,68,68085
USER_008797,0.032288667934481534,-0.005711332065518465,1,0,61,2,1,4,0,1,3,73,73061
USER_008798,0.053464836574746155,0.015464836574746156,0,0,60,1,3,5,1,1,2,11,11052
USER_008799,0.05884296159120524,0.020842961591205238,0,0,45,1,1,4,3,2,3,63,63099
USER_008800,0.05781570076207682,0.019815700762076824,0,0,47,2,1,4,1,1,1,11,11009
USER_008801,0.027761356972771704,-0.010238643027228295,1,1,25,2,3,2,1,1,3,19,19037
USER_008802,0.022694405145544543,-0.015305594854455457,1,1,52,1,3,6,1,1,4,54,54037
USER_008803,0.04744951922469843,0.00944951922469843,0,0,68,2,1,2,1,1,2,66,66061
USER_008804,0.04952650017396888,0.011526500173968883,0,0,52,1,1,4,2,1,2,25,25010
USER_008805,0.04600254407800746,0.008002544078007462,0,0,74,2,3,4,1,2,3,54,54057
USER_008806,0.009789050886433552,-0.028210949113566447,1,1,43,2,2,5,2,1,3,11,11089
USER_008807,0.026996731226748002,-0.011003268773251997,1,1,47,2,2,1,1,1,3,25,25074
USER_008808,0.03955466814571033,0.0015546681457103279,0,0,52,2,1,5,1,2,2,66,66065
USER_008809,0.047308272919456405,0.009308272919456406,0,0,55,1,2,5,1,1,3,68,68076
USER_008810,0.051509610439037304,0.013509610439037305,0,0,28,1,1,9,3,1,2,54,54064
USER_008811,0.0421638028342306,0.0041638028342306024,0,0,37,1,1,4,3,1,4,11,11098
USER_008812,0.04496175709807355,0.006961757098073548,0,0,63,1,1,6,1,1,4,25,25021
USER_008813,0.041272981875416566,0.003272981875416567,0,1,48,2,1,7,1,1,2,5,5095
USER_008814,0.050284290613277244,0.012284290613277245,0,0,51,2,2,3,3,1,4,73,73056
USER_008815,0.044692984772363664,0.006692984772363665,0,0,29,1,1,5,0,2,3,11,11057
USER_008816,0.04098606490070931,0.0029860649007093093,0,0,65,2,1,3,0,1,5,11,11032
USER_008817,0.03597446801293929,-0.002025531987060708,1,1,45,2,1,6,2,2,2,54,54079
USER_008818,0.04121937137563722,0.0032193713756372214,0,0,20,2,3,3,2,1,4,63,63084
USER_008819,0.04726887068258912,0.009268870682589123,0,0,70,2,1,6,1,1,3,19,19034
USER_008820,0.04401213083347092,0.006012130833470922,0,0,65,1,1,3,1,1,2,19,19007
USER_008821,0.045712396275178806,0.007712396275178807,0,0,59,2,2,3,0,2,2,13,13092
USER_008822,0.06014082792026778,0.02214082792026778,0,1,69,2,2,7,2,1,2,25,25003
USER_008823,0.04397745884119881,0.00597745884119881,0,0,22,2,2,8,1,2,3,76,76074
USER_008824,0.030265022192902637,-0.007734977807097362,1,1,30,2,3,6,2,2,3,63,63051
USER_008825,0.053254101789912536,0.015254101789912537,0,0,29,2,1,3,3,2,3,11,11086
USER_008826,0.019507024934966234,-0.018492975065033765,1,1,18,1,1,5,1,1,3,11,11020
USER_008827,0.023778799288910694,-0.014221200711089305,1,1,69,2,2,7,0,1,5,76,76018
USER_008828,0.04503770897080104,0.00703770897080104,0,0,60,1,2,7,0,1,3,25,25096
USER_008829,0.04774595001679868,0.009745950016798684,0,0,36,2,1,4,1,2,3,54,54068
USER_008830,0.021324231647440076,-0.016675768352559923,1,1,46,1,1,2,1,1,4,8,8033
USER_008831,0.03425773778519875,-0.0037422622148012494,1,1,64,2,3,2,3,2,2,54,54066
USER_008832,0.030908742516705123,-0.0070912574832948765,1,1,67,1,2,3,0,1,5,8,8016
USER_008833,0.03269985515677605,-0.005300144843223949,1,0,65,2,1,2,2,1,3,63,63054
USER_008834,0.054153966644094186,0.016153966644094186,0,0,56,2,1,10,1,1,3,19,19072
USER_008835,0.05059758195320879,0.012597581953208793,0,0,59,2,2,4,0,1,3,54,54037
USER_008836,0.03971316730219439,0.0017131673021943891,0,0,42,1,1,3,2,1,4,19,19053
USER_008837,0.031810571093276084,-0.006189428906723915,1,1,33,2,1,5,2,1,1,11,11007
USER_008838,0.019755254946697894,-0.018244745053302105,1,1,34,2,1,9,0,1,5,8,8017
USER_008839,0.06130277408172923,0.023302774081729233,0,0,45,2,1,2,2,2,2,19,19090
USER_008840,0.04888170850427378,0.01088170850427378,0,0,56,1,2,4,1,1,4,5,5043
USER_008841,0.029399963438902894,-0.008600036561097105,1,1,60,2,2,5,0,1,4,52,52078
USER_008842,0.050793992464373376,0.012793992464373377,0,0,66,2,1,7,3,2,1,76,76008
USER_008843,0.038946645691380614,0.0009466456913806154,0,1,22,1,1,3,0,1,4,73,73019
USER_008844,0.03569335742706486,-0.0023066425729351414,1,0,18,2,2,5,0,1,3,25,25028
USER_008845,0.04652817292434404,0.00852817292434404,0,0,20,2,1,6,1,1,4,25,25013
USER_008846,0.028877526251309127,-0.009122473748690872,1,1,65,1,2,5,1,1,3,25,25037
USER_008847,0.03484365220734835,-0.0031563477926516495,1,1,41,2,1,3,1,1,3,73,73067
USER_008848,0.041821915962993186,0.0038219159629931873,0,0,46,2,1,5,0,2,3,5,5073
USER_008849,0.032508232106721796,-0.005491767893278203,1,1,32,2,1,2,0,2,4,50,50048
USER_008850,0.05003627815401286,0.012036278154012862,0,0,21,2,2,4,1,2,3,19,19042
USER_008851,0.06803599755517391,0.03003599755517391,0,1,61,2,2,3,2,1,1,73,73014
USER_008852,0.02868552801089286,-0.009314471989107138,1,1,18,2,1,4,1,1,5,11,11011
USER_008853,0.015023120555439336,-0.022976879444560665,1,1,66,1,1,4,2,1,4,11,11078
USER_008854,0.009973897487856077,-0.02802610251214392,1,1,73,2,1,6,0,1,2,63,63086
USER_008855,0.037742977877575266,-0.00025702212242473266,1,1,32,1,1,5,1,1,5,19,19026
USER_008856,0.03005253114810726,-0.00794746885189274,1,1,41,1,2,8,2,1,2,11,11059
USER_008857,0.04311790751600621,0.005117907516006208,0,0,69,1,1,3,2,2,4,11,11032
USER_008858,0.041988965080391516,0.003988965080391517,0,0,48,1,1,4,2,1,5,11,11036
USER_008859,0.01595174730078856,-0.02204825269921144,1,1,37,2,1,6,2,1,3,11,11027
USER_008860,0.012776742557778912,-0.025223257442221085,1,1,27,2,1,3,0,1,5,11,11012
USER_008861,0.04443899860519143,0.006438998605191433,0,0,28,2,2,4,1,2,3,54,54036
USER_008862,0.042031432520799356,0.0040314325207993565,0,0,35,1,2,3,2,1,4,47,47085
USER_008863,0.033612730024501734,-0.004387269975498265,1,1,51,2,1,4,2,2,2,68,68055
USER_008864,0.015142846223015432,-0.022857153776984565,1,1,45,2,1,6,0,1,4,25,25003
USER_008865,0.047070868941474865,0.009070868941474866,0,0,55,2,2,3,3,1,1,63,63095
USER_008866,0.05907849318135915,0.021078493181359154,0,0,33,2,3,4,2,1,2,11,11019
USER_008867,0.044169736603283834,0.006169736603283835,0,0,41,2,2,5,0,2,5,68,68018
USER_008868,0.027287891641524033,-0.010712108358475966,1,1,56,2,1,1,2,2,5,68,68078
USER_008869,0.04066828248356727,0.0026682824835672705,0,0,72,2,1,3,2,2,5,8,8051
USER_008870,0.019508288785994726,-0.018491711214005273,1,1,68,2,1,2,0,1,3,11,11036
USER_008871,0.05586941070758189,0.01786941070758189,0,0,29,2,1,3,1,1,2,68,68058
USER_008872,0.04122766501794308,0.003227665017943082,0,0,67,2,1,3,1,1,2,11,11091
USER_008873,0.013477646323701523,-0.024522353676298476,1,1,59,1,3,3,1,1,4,25,25068
USER_008874,0.03548988459334476,-0.0025101154066552375,1,1,24,2,2,3,1,1,2,73,73001
USER_008875,0.046949522653513466,0.008949522653513467,0,0,53,2,2,3,2,2,2,66,66046
USER_008876,0.03500428568536716,-0.002995714314632837,1,1,34,1,1,5,2,1,4,73,73084
USER_008877,0.03586156417839739,-0.0021384358216026064,1,1,66,2,1,7,1,2,4,11,11068
USER_008878,0.021633966894290924,-0.016366033105709075,1,1,21,2,2,3,1,1,5,52,52065
USER_008879,0.048498114806224846,0.010498114806224847,0,0,70,1,2,4,1,1,4,13,13089
USER_008880,0.03027296199971294,-0.007727038000287061,1,1,54,2,3,3,0,2,1,11,11019
USER_008881,0.007653319344924511,-0.030346680655075488,1,1,50,2,2,5,0,1,5,25,25043
USER_008882,0.034431139439944095,-0.0035688605600559045,1,0,36,2,1,5,1,2,4,76,76023
USER_008883,0.0547172457335553,0.0167172457335553,0,0,71,2,2,8,1,1,3,52,52033
USER_008884,0.03419605830100079,-0.003803941698999211,1,0,43,1,1,4,0,1,2,73,73017
USER_008885,0.0660697747768528,0.028069774776852803,0,0,72,2,2,1,2,1,3,11,11059
USER_008886,0.04643451922822776,0.008434519228227758,0,0,28,2,2,4,0,2,2,25,25033
USER_008887,0.04508137243420549,0.0070813724342054934,0,0,48,2,2,4,2,1,2,25,25075
USER_008888,0.03807402601123587,7.402601123587121e-05,0,0,18,2,1,1,0,1,4,11,11038
USER_008889,0.03897570688353564,0.0009757068835356403,0,0,57,1,2,4,2,1,4,11,11039
USER_008890,0.03604864547320744,-0.0019513545267925564,1,1,53,2,2,3,0,1,2,73,73071
USER_008891,0.0354659591187621,-0.0025340408812378964,1,1,46,2,1,7,2,2,4,19,19021
USER_008892,0.04796300743100723,0.009963007431007233,0,0,42,2,2,3,1,1,2,73,73094
USER_008893,0.02596253155314152,-0.01203746844685848,1,1,71,2,1,8,1,1,3,11,11025
USER_008894,0.023861592569136107,-0.014138407430863892,1,1,64,1,1,3,1,1,5,13,13008
USER_008895,0.02315207423686934,-0.01484792576313066,1,1,66,2,2,6,1,2,2,52,52030
USER_008896,0.0706848182151573,0.032684818215157306,0,0,35,2,2,7,1,1,3,5,5072
USER_008897,0.0479551435250587,0.009955143525058698,0,0,20,1,3,6,0,1,4,47,47020
USER_008898,0.044567383025202176,0.006567383025202177,0,0,35,2,1,3,1,1,3,76,76035
USER_008899,0.024137279945598528,-0.013862720054401471,1,1,24,1,1,4,0,1,2,11,11067
USER_008900,0.04935013451012243,0.011350134510122428,0,0,45,2,1,6,2,1,2,76,76081
USER_008901,0.038251429803200065,0.0002514298032000664,0,0,34,1,3,3,1,1,1,25,25025
USER_008902,0.04321253411697625,0.005212534116976253,0,0,42,1,2,4,2,1,3,19,19045
USER_008903,0.02535069526204666,-0.012649304737953337,1,0,35,1,1,5,1,1,2,11,11047
USER_008904,0.04240403286126365,0.004404032861263653,0,0,69,1,1,2,0,1,5,25,25068
USER_008905,0.03364249692690276,-0.004357503073097242,1,1,57,2,1,4,2,2,3,11,11096
USER_008906,0.028515832644547184,-0.009484167355452815,1,1,60,2,2,2,1,1,2,5,5076
USER_008907,0.05101159503710873,0.013011595037108734,0,0,20,2,1,1,2,2,2,66,66004
USER_008908,0.016934382872049965,-0.021065617127950034,1,1,42,1,1,5,3,1,3,11,11062
USER_008909,0.04847164396471226,0.010471643964712264,0,0,24,1,1,5,3,1,2,66,66015
USER_008910,0.050267292003294946,0.012267292003294947,0,0,64,2,2,6,0,1,2,25,25091
USER_008911,0.02680534486673139,-0.01119465513326861,1,1,27,2,1,3,2,1,3,5,5006
USER_008912,0.02769507308301299,-0.01030492691698701,1,1,61,2,2,7,0,1,3,68,68097
USER_008913,0.036654614781003965,-0.0013453852189960341,1,1,61,2,1,4,2,1,2,50,50007
USER_008914,0.04423054315693331,0.006230543156933312,0,0,68,1,1,2,0,2,4,13,13003
USER_008915,0.03770717512278662,-0.00029282487721338235,1,1,36,2,1,3,0,1,2,25,25035
USER_008916,0.04650343690287819,0.008503436902878192,0,0,32,2,1,3,2,1,3,76,76019
USER_008917,0.06644469478806099,0.02844469478806099,0,0,38,1,1,5,1,1,2,68,68069
USER_008918,0.03238424846275429,-0.005615751537245708,1,1,38,2,1,5,0,1,3,8,8052
USER_008919,0.014272300439448694,-0.023727699560551305,1,1,54,1,1,4,0,1,5,13,13014
USER_008920,0.0523888537454598,0.014388853745459798,0,0,45,2,3,8,1,1,4,68,68005
USER_008921,0.06524971863891295,0.02724971863891295,0,0,62,2,1,3,1,1,4,11,11062
USER_008922,0.04589152544576686,0.007891525445766864,0,0,49,1,2,4,0,1,4,11,11043
USER_008923,0.02368376986969498,-0.01431623013030502,1,1,74,1,1,7,0,1,3,66,66007
USER_008924,0.03814161455147198,0.00014161455147198437,0,0,58,2,3,4,2,1,3,25,25045
USER_008925,0.023222147736825516,-0.014777852263174483,1,1,71,1,3,7,1,1,4,68,68037
USER_008926,0.04964283240944421,0.011642832409444213,0,0,44,2,2,4,1,1,4,52,52032
USER_008927,0.019730643959523484,-0.018269356040476515,1,1,40,2,1,6,2,1,5,11,11042
USER_008928,0.035498068197577004,-0.002501931802422995,1,1,27,2,1,6,3,1,4,11,11005
USER_008929,0.024934932605591403,-0.013065067394408596,1,0,57,2,1,5,6,1,4,73,73010
USER_008930,0.041902370277024426,0.0039023702770244265,0,0,58,2,1,3,3,1,2,54,54044
USER_008931,0.03450487484293364,-0.0034951251570663616,1,1,23,2,1,6,1,2,3,25,25010
USER_008932,0.042651431548753956,0.0046514315487539565,0,0,41,2,1,8,1,1,4,54,54018
USER_008933,0.040335258324495485,0.002335258324495486,0,0,35,2,3,5,0,1,3,73,73084
USER_008934,0.025200114584138344,-0.012799885415861655,1,1,27,2,1,4,0,1,2,68,68063
USER_008935,0.049403155952935325,0.011403155952935326,0,0,73,1,1,2,1,1,4,19,19075
USER_008936,0.03926851522235327,0.0012685152223532725,0,0,32,2,2,4,1,1,3,5,5043
USER_008937,0.025172064882011493,-0.012827935117988506,1,1,62,2,1,4,0,2,2,11,11073
USER_008938,0.07361389834308689,0.03561389834308689,0,0,60,1,1,8,0,1,3,11,11091
USER_008939,0.04714645250075687,0.009146452500756873,0,0,51,2,1,4,0,1,2,11,11054
USER_008940,0.03770109169901042,-0.000298908300989581,1,1,25,2,2,3,0,1,4,76,76060
USER_008941,0.06122806790052735,0.023228067900527352,0,0,67,2,3,5,0,1,3,11,11078
USER_008942,0.0676272341407991,0.029627234140799104,0,0,52,2,1,5,1,2,4,11,11011
USER_008943,0.037819758665291726,-0.00018024133470827264,1,0,72,2,3,7,1,1,3,11,11038
USER_008944,0.045210962296521426,0.007210962296521427,0,0,44,2,2,1,1,2,2,66,66054
USER_008945,0.025179957729955887,-0.012820042270044112,1,1,42,2,1,3,2,1,1,47,47057
USER_008946,0.03779210873847983,-0.00020789126152016835,1,1,20,2,1,3,1,1,3,68,68077
USER_008947,0.037014061693601955,-0.0009859383063980445,1,1,38,2,2,5,0,1,4,11,11074
USER_008948,0.04277240550432481,0.0047724055043248115,0,0,74,1,1,7,1,2,2,50,50079
USER_008949,0.04499140717955515,0.0069914071795551536,0,0,56,2,2,4,2,2,1,66,66008
USER_008950,0.0483974267324209,0.010397426732420903,0,0,49,1,1,4,1,1,2,66,66024
USER_008951,0.04356463984449939,0.00556463984449939,0,0,67,2,1,9,0,2,5,11,11033
USER_008952,0.021838860600562532,-0.016161139399437467,1,1,70,2,2,3,0,2,4,66,66098
USER_008953,0.025922993413883728,-0.012077006586116271,1,1,38,2,2,3,0,1,4,68,68079
USER_008954,0.031803885708044904,-0.006196114291955095,1,1,26,2,1,2,1,1,5,11,11047
USER_008955,0.03576639112115157,-0.0022336088788484296,1,1,67,1,2,4,2,1,3,11,11043
USER_008956,0.055761614357081705,0.017761614357081706,0,0,18,2,1,4,1,2,4,54,54041
USER_008957,0.022555915197206306,-0.015444084802793693,1,0,21,1,3,4,0,1,2,19,19075
USER_008958,0.0346387742774395,-0.0033612257225605,1,1,21,1,1,5,1,1,4,76,76072
USER_008959,0.054295142473210746,0.016295142473210747,0,0,66,2,2,2,0,1,2,11,11082
USER_008960,0.03550183788255082,-0.0024981621174491805,1,1,43,2,2,2,3,1,4,19,19006
USER_008961,0.04690623474764236,0.008906234747642364,0,0,72,2,1,2,1,2,4,8,8014
USER_008962,0.037906869356081445,-9.313064391855419e-05,1,1,51,1,1,7,0,1,3,63,63022
USER_008963,0.043851748859870844,0.005851748859870845,0,0,44,2,1,5,1,2,4,66,66065
USER_008964,0.036572911842856895,-0.001427088157143104,1,1,32,2,2,4,1,1,3,76,76080
USER_008965,0.05000598209092531,0.012005982090925314,0,0,62,2,1,4,0,2,1,66,66018
USER_008966,0.016824153888903473,-0.021175846111096526,1,1,49,2,2,5,2,2,3,11,11022
USER_008967,0.03455031987417183,-0.003449680125828171,1,1,58,2,1,4,0,1,4,54,54097
USER_008968,0.04444859015041462,0.006448590150414622,0,0,24,1,1,6,2,1,2,19,19082
USER_008969,0.0480054287200929,0.010005428720092899,0,0,61,2,1,3,2,2,4,76,76024
USER_008970,0.06239428934130742,0.02439428934130742,0,0,61,2,1,4,3,2,3,66,66048
USER_008971,0.03413462999701636,-0.003865370002983641,1,1,31,1,2,5,0,1,2,11,11040
USER_008972,0.06219222642791309,0.02419222642791309,0,0,40,1,1,4,1,1,4,66,66047
USER_008973,0.030114642600104942,-0.007885357399895057,1,1,64,2,2,9,1,1,1,11,11095
USER_008974,0.05992969617316966,0.021929696173169658,0,0,18,2,1,5,2,1,4,50,50097
USER_008975,0.05226200690047559,0.01426200690047559,0,0,49,1,1,7,2,1,1,8,8006
USER_008976,0.02629812130551666,-0.011701878694483338,1,1,58,1,1,5,0,1,1,19,19017
USER_008977,0.04460558855877733,0.0066055885587773325,0,0,43,2,1,4,1,1,5,8,8034
USER_008978,0.03923146246701713,0.001231462467017129,0,0,65,1,2,6,1,2,1,25,25053
USER_008979,0.049383768905125004,0.011383768905125005,0,0,26,2,2,3,0,1,3,25,25084
USER_008980,0.03665092617350036,-0.0013490738264996388,1,1,33,2,1,4,1,2,5,63,63068
USER_008981,0.03539130661507403,-0.0026086933849259683,1,1,48,2,1,3,2,1,4,11,11024
USER_008982,0.06053641874144277,0.02253641874144277,0,0,19,2,1,3,2,1,2,66,66011
USER_008983,0.03851918658316491,0.0005191865831649101,0,0,49,1,1,8,1,1,2,47,47043
USER_008984,0.052396334862876495,0.014396334862876496,0,0,27,1,1,5,2,1,3,25,25022
USER_008985,0.036619727724337005,-0.0013802722756629943,1,1,42,2,1,3,0,1,1,11,11049
USER_008986,0.06499994888841285,0.026999948888412846,0,0,35,1,1,5,4,1,3,73,73091
USER_008987,0.0298249805599676,-0.008175019440032398,1,1,62,2,1,1,0,1,3,11,11056
USER_008988,0.03078784703129223,-0.00721215296870777,1,1,51,2,2,6,0,1,3,8,8029
USER_008989,0.06286775771673854,0.02486775771673854,0,0,46,1,1,4,0,1,3,66,66011
USER_008990,0.033325804136571206,-0.004674195863428793,1,1,62,1,1,5,6,2,3,11,11095
USER_008991,0.0640161145924659,0.026016114592465896,0,0,41,1,2,5,1,1,3,66,66066
USER_008992,0.05337760869392219,0.015377608693922191,0,0,20,1,1,7,1,1,4,73,73064
USER_008993,0.037680254401587496,-0.00031974559841250333,1,1,32,2,1,5,0,1,3,13,13080
USER_008994,0.012800597919742624,-0.025199402080257373,1,1,20,2,2,3,3,1,2,11,11082
USER_008995,0.03971022543592247,0.0017102254359224675,0,0,72,1,2,6,1,1,3,8,8012
USER_008996,0.04152445080300137,0.003524450803001372,0,0,48,1,1,5,0,2,1,11,11060
USER_008997,0.05750826599956559,0.019508265999565594,0,0,27,2,1,6,2,1,3,11,11077
USER_008998,0.06382670764360168,0.025826707643601683,0,0,55,2,1,3,1,1,1,50,50062
USER_008999,0.029725192312843787,-0.008274807687156212,1,1,72,2,1,2,0,1,4,63,63094
USER_009000,0.05201772645982274,0.014017726459822744,0,0,39,2,2,3,1,1,2,19,19082
USER_009001,0.051481032340200246,0.013481032340200247,0,0,31,2,2,3,0,1,5,68,68005
USER_009002,0.05610119053615668,0.018101190536156678,0,0,26,2,1,5,0,2,3,66,66094
USER_009003,0.047480348682033165,0.009480348682033166,0,0,35,2,1,5,1,1,2,5,5037
USER_009004,0.010862534635573453,-0.027137465364426544,1,1,25,2,2,4,0,2,3,25,25003
USER_009005,0.0376686635120836,-0.0003313364879163963,1,1,55,2,1,4,3,1,3,13,13065
USER_009006,0.022664386376246272,-0.015335613623753727,1,1,32,2,2,6,0,1,4,25,25099
USER_009007,0.036960913406228896,-0.0010390865937711033,1,1,63,2,1,2,2,2,4,47,47008
USER_009008,0.05470006354200841,0.01670006354200841,0,0,32,1,1,6,3,2,3,25,25008
USER_009009,0.04457726253812459,0.006577262538124594,0,1,69,1,1,6,1,1,2,68,68036
USER_009010,0.05722136299596149,0.019221362995961493,0,0,23,1,1,7,0,2,3,11,11011
USER_009011,0.04512630881070309,0.007126308810703093,0,0,71,2,1,5,1,1,4,47,47010
USER_009012,0.020525110904966462,-0.017474889095033537,1,1,29,1,3,4,0,1,3,73,73017
USER_009013,0.002187294901408983,-0.03581270509859102,1,1,59,1,1,4,2,1,1,11,11036
USER_009014,0.04223213142519386,0.004232131425193859,0,1,36,2,1,2,1,1,4,25,25041
USER_009015,0.03679110300473252,-0.0012088969952674805,1,1,57,2,1,6,2,1,5,8,8030
USER_009016,0.02534581390927177,-0.012654186090728228,1,0,22,2,1,4,0,1,4,73,73077
USER_009017,0.014490591255229333,-0.023509408744770664,1,0,44,2,1,7,1,2,1,66,66074
USER_009018,0.028978851797909363,-0.009021148202090636,1,1,27,1,3,5,1,1,5,8,8045
USER_009019,0.03708262772702836,-0.000917372272971638,1,1,60,1,1,6,1,1,3,54,54003
USER_009020,0.04998816735559585,0.011988167355595852,0,0,69,2,2,5,0,2,2,73,73096
USER_009021,0.0428294662235197,0.0048294662235197,0,0,63,1,1,5,2,1,2,63,63018
USER_009022,0.06412100870759094,0.02612100870759094,0,0,31,2,1,3,0,1,3,25,25036
USER_009023,0.024465939159319088,-0.01353406084068091,1,1,51,2,1,2,2,1,2,73,73019
USER_009024,0.0532158833808615,0.015215883380861502,0,1,66,1,2,4,0,1,4,54,54096
USER_009025,0.04070948114693092,0.0027094811469309185,0,0,32,2,1,5,2,1,3,8,8036
USER_009026,0.05042003686177877,0.012420036861778769,0,0,46,2,2,5,1,1,2,11,11004
USER_009027,0.033452277051016846,-0.004547722948983153,1,1,72,2,1,3,1,1,2,11,11069
USER_009028,0.056075205608358845,0.018075205608358846,0,0,43,2,3,3,1,2,3,11,11045
USER_009029,0.044428371375178646,0.006428371375178647,0,0,44,1,1,2,1,2,4,11,11046
USER_009030,0.029808325226233758,-0.008191674773766242,1,1,20,2,1,5,1,1,1,11,11096
USER_009031,0.039819639566302176,0.0018196395663021767,0,1,20,2,1,9,1,1,4,11,11071
USER_009032,0.03640666211594352,-0.001593337884056481,1,0,52,2,1,3,1,1,1,5,5008
USER_009033,0.047337675259566905,0.009337675259566906,0,0,52,2,1,7,0,1,3,11,11067
USER_009034,0.022303348759382374,-0.015696651240617625,1,0,67,2,1,4,3,1,2,11,11059
USER_009035,0.039559724468264584,0.0015597244682645853,0,0,23,2,1,2,2,2,5,8,8052
USER_009036,0.04592960878973997,0.007929608789739973,0,0,31,2,1,5,1,1,3,19,19096
USER_009037,0.0404953496078955,0.0024953496078954987,0,0,43,1,1,4,2,1,5,66,66036
USER_009038,0.06020411866583494,0.022204118665834938,0,0,20,2,2,5,0,1,5,25,25098
USER_009039,0.051610341611065785,0.013610341611065786,0,0,50,1,1,4,3,1,3,54,54058
USER_009040,0.0398877880488888,0.001887788048888804,0,0,59,2,3,6,1,1,3,8,8097
USER_009041,0.0432503364624651,0.005250336462465102,0,0,30,2,2,3,0,1,3,19,19088
USER_009042,0.04443498327222999,0.006434983272229994,0,0,46,1,1,6,1,1,2,11,11020
USER_009043,0.04604949406250236,0.008049494062502362,0,0,26,2,1,4,0,2,3,8,8075
USER_009044,0.012615130065030882,-0.025384869934969117,1,0,49,2,1,2,0,1,3,11,11039
USER_009045,0.035477105563459795,-0.0025228944365402045,1,1,39,1,2,3,0,1,3,66,66002
USER_009046,0.017733413977098614,-0.020266586022901385,1,1,39,1,1,4,3,1,2,25,25047
USER_009047,0.0591742142118923,0.0211742142118923,0,0,74,2,2,6,1,2,1,11,11065
USER_009048,0.03908725719995609,0.0010872571999560876,0,0,51,2,2,4,0,1,5,11,11046
USER_009049,0.03709988575480566,-0.0009001142451943375,1,1,27,2,3,3,1,1,2,11,11071
USER_009050,0.05345195998049853,0.01545195998049853,0,0,42,1,1,3,2,1,2,66,66014
USER_009051,0.04633487196174812,0.00833487196174812,0,0,29,1,3,6,2,2,1,50,50067
USER_009052,0.023070482284311893,-0.014929517715688106,1,1,68,2,1,3,2,1,3,11,11080
USER_009053,0.03893641956208947,0.000936419562089473,0,0,20,2,2,4,1,1,3,13,13060
USER_009054,0.03497249540160423,-0.0030275045983957707,1,1,36,1,1,3,0,1,2,11,11056
USER_009055,0.013832006670909192,-0.02416799332909081,1,1,50,2,1,2,0,2,2,11,11049
USER_009056,0.02964585650144193,-0.008354143498558068,1,1,64,1,1,6,2,1,3,63,63058
USER_009057,0.03724689516975302,-0.0007531048302469798,1,1,72,2,1,4,2,1,5,19,19095
USER_009058,0.03827573602762236,0.0002757360276223614,0,0,43,2,1,3,1,1,4,11,11016
USER_009059,0.017766528644840372,-0.020233471355159627,1,1,30,1,3,2,2,1,3,47,47066
USER_009060,0.05727498374571213,0.019274983745712133,0,1,24,2,1,3,1,1,2,47,47021
USER_009061,0.038468454116628414,0.00046845411662841535,0,0,51,2,1,4,1,1,2,47,47098
USER_009062,0.040563296149908445,0.0025632961499084464,0,0,39,2,1,5,1,1,3,25,25048
USER_009063,0.04600962457509755,0.008009624575097553,0,0,37,2,1,4,1,2,3,73,73010
USER_009064,0.028178856191444935,-0.009821143808555064,1,1,60,2,1,9,2,1,2,19,19073
USER_009065,0.04684533959699044,0.008845339596990444,0,0,40,2,3,3,1,1,5,68,68078
USER_009066,0.034493880309727255,-0.0035061196902727437,1,1,65,2,1,5,0,1,2,68,68016
USER_009067,0.026551216890292124,-0.011448783109707875,1,1,31,2,2,3,1,1,3,73,73029
USER_009068,0.04860171240033099,0.01060171240033099,0,0,47,2,1,8,2,1,2,52,52064
USER_009069,0.06237510788202712,0.024375107882027118,0,0,40,1,2,6,2,1,3,66,66083
USER_009070,0.050872440602287475,0.012872440602287476,0,0,64,2,1,9,3,1,2,5,5086
USER_009071,0.05384466347710646,0.01584466347710646,0,1,69,1,2,5,0,2,4,68,68088
USER_009072,0.03219054090156551,-0.005809459098434486,1,1,36,2,2,5,1,1,3,11,11060
USER_009073,0.016035704062473156,-0.021964295937526843,1,1,56,1,1,2,2,1,1,68,68017
USER_009074,0.06235206283149762,0.02435206283149762,0,0,58,2,1,3,0,1,4,13,13038
USER_009075,0.07081772334107139,0.03281772334107139,0,1,53,2,1,2,2,1,3,54,54009
USER_009076,0.06314210160654524,0.025142101606545238,0,0,23,2,2,5,1,1,3,76,76064
USER_009077,0.03496321091530376,-0.003036789084696241,1,1,40,2,1,7,2,1,2,54,54050
USER_009078,0.022680484919067337,-0.015319515080932662,1,1,27,1,1,3,3,1,3,19,19094
USER_009079,0.024014759532706504,-0.013985240467293495,1,1,52,1,1,7,0,1,2,47,47053
USER_009080,0.014744011485789271,-0.023255988514210728,1,1,38,2,2,3,2,1,4,11,11058
USER_009081,0.03838932072384932,0.0003893207238493193,0,0,49,1,1,4,3,1,3,66,66091
USER_009082,0.06408516937123682,0.026085169371236817,0,0,47,2,2,5,2,1,2,25,25046
USER_009083,0.03787506052191635,-0.00012493947808364658,1,1,50,2,2,3,1,2,4,11,11011
USER_009084,0.04453484350522412,0.006534843505224118,0,0,23,2,2,1,3,1,2,25,25006
USER_009085,0.06063395446456313,0.02263395446456313,0,0,22,2,2,4,2,1,2,25,25022
USER_009086,0.033938570322514,-0.004061429677485996,1,0,72,2,1,3,2,1,3,11,11026
USER_009087,0.07053297185079392,0.03253297185079392,0,0,32,2,3,4,2,1,4,11,11079
USER_009088,0.0698814161124618,0.031881416112461806,0,0,74,1,1,2,1,1,3,25,25040
USER_009089,0.03803332991979276,3.33299197927614e-05,0,0,60,1,1,4,0,1,3,68,68079
USER_009090,0.03133698603971181,-0.006663013960288192,1,1,69,2,2,6,1,1,3,50,50044
USER_009091,0.050458570695854695,0.012458570695854695,0,0,42,1,1,7,0,1,5,66,66010
USER_009092,0.03478712586221713,-0.003212874137782866,1,1,30,2,2,3,1,1,4,47,47070
USER_009093,0.022651671743989958,-0.015348328256010041,1,1,23,2,1,5,0,1,3,8,8049
USER_009094,0.0592185798028447,0.021218579802844702,0,0,54,1,1,6,1,1,3,11,11090
USER_009095,0.0582467108091562,0.0202467108091562,0,0,19,1,1,3,1,1,1,66,66053
USER_009096,0.04233267405645341,0.004332674056453413,0,0,34,2,1,3,0,1,1,11,11081
USER_009097,0.021057028694077332,-0.016942971305922667,1,1,41,2,1,4,1,1,4,63,63069
USER_009098,0.02155710623173921,-0.01644289376826079,1,1,29,2,1,5,1,2,5,19,19066
USER_009099,0.04160843932628729,0.003608439326287294,0,0,61,1,2,5,0,1,3,25,25026
USER_009100,0.03250193448242452,-0.005498065517575479,1,0,71,1,2,4,0,1,5,11,11081
USER_009101,0.03488360601787588,-0.00311639398212412,1,1,31,1,1,5,4,2,3,11,11015
USER_009102,0.05532944732590005,0.017329447325900048,0,0,24,1,1,5,1,2,4,11,11053
USER_009103,0.050997689761338366,0.012997689761338367,0,0,71,1,2,4,0,2,2,47,47026
USER_009104,0.06067214020746419,0.022672140207464192,0,0,43,2,1,5,1,1,5,25,25041
USER_009105,0.025140651649341136,-0.012859348350658863,1,0,49,1,2,4,3,1,3,25,25024
USER_009106,0.03485212646969932,-0.003147873530300681,1,1,46,1,2,9,1,2,5,68,68039
USER_009107,0.051384725431901694,0.013384725431901695,0,0,63,1,1,4,2,1,3,5,5064
USER_009108,0.04672117511519338,0.00872117511519338,0,0,56,2,1,5,1,1,3,13,13051
USER_009109,0.06298570573881433,0.024985705738814333,0,0,26,2,2,4,2,1,1,47,47027
USER_009110,0.04630805058856104,0.008308050588561038,0,0,31,2,1,2,1,2,3,8,8038
USER_009111,0.06772163656158328,0.029721636561583283,0,0,70,2,1,4,0,2,1,5,5013
USER_009112,0.04810026702584711,0.010100267025847112,0,0,34,2,2,4,1,2,4,54,54072
USER_009113,0.0559325117138299,0.017932511713829903,0,0,66,1,1,3,0,1,1,11,11076
USER_009114,0.035147275798233145,-0.002852724201766854,1,1,42,2,1,5,0,2,2,25,25093
USER_009115,0.040214308178259835,0.0022143081782598356,0,0,70,2,1,8,1,1,3,50,50083
USER_009116,0.053664166057592125,0.015664166057592126,0,0,47,2,2,6,3,2,3,19,19069
USER_009117,0.06419467255889581,0.026194672558895814,0,0,62,2,2,4,2,2,3,68,68086
USER_009118,0.050938554239661295,0.012938554239661296,0,0,46,1,1,1,3,1,1,11,11058
USER_009119,0.03875242342098071,0.0007524234209807107,0,0,46,1,2,4,1,1,2,11,11097
USER_009120,0.060660025442925126,0.022660025442925127,0,0,35,2,1,2,0,1,5,11,11033
USER_009121,0.007120320155801775,-0.030879679844198225,1,1,48,2,1,3,2,1,4,11,11073
USER_009122,0.018666482477396894,-0.019333517522603105,1,1,36,1,3,5,0,1,2,73,73030
USER_009123,0.050224513355025834,0.012224513355025834,0,0,34,2,2,3,2,1,3,11,11060
USER_009124,0.040211625343796874,0.0022116253437968747,0,0,23,1,2,5,2,1,4,66,66074
USER_009125,0.04908270476686248,0.011082704766862482,0,0,29,1,3,12,3,1,2,63,63060
USER_009126,0.040966112836479135,0.002966112836479136,0,0,55,1,2,3,1,1,2,52,52025
USER_009127,0.04856418541905809,0.01056418541905809,0,0,20,2,1,3,0,1,3,5,5085
USER_009128,0.027783957685102143,-0.010216042314897856,1,1,64,1,1,6,0,1,2,5,5023
USER_009129,0.04855729129119536,0.010557291291195363,0,0,52,2,1,4,0,2,3,52,52098
USER_009130,0.05491621792311377,0.01691621792311377,0,0,72,1,1,8,2,2,2,66,66019
USER_009131,0.05830825905896849,0.020308259058968492,0,0,64,2,2,6,1,1,1,68,68074
USER_009132,0.07020331441973049,0.03220331441973049,0,0,50,1,2,6,1,1,5,25,25006
USER_009133,0.043661476652535794,0.005661476652535795,0,0,70,1,2,4,0,1,1,11,11085
USER_009134,0.04410866630270768,0.006108666302707684,0,0,46,2,1,5,1,1,4,25,25031
USER_009135,0.017152413037392285,-0.020847586962607714,1,1,20,2,1,4,0,1,3,66,66091
USER_009136,0.03202882898292363,-0.005971171017076372,1,1,22,2,2,1,1,1,3,25,25022
USER_009137,0.03710376888990081,-0.000896231110099191,1,1,31,1,2,5,4,2,3,19,19081
USER_009138,0.05575479328414533,0.01775479328414533,0,0,53,2,2,7,4,1,1,11,11061
USER_009139,0.030834983138655563,-0.0071650168613444365,1,1,71,1,1,2,2,1,1,76,76060
USER_009140,0.051945100296232484,0.013945100296232485,0,0,45,2,2,4,1,1,2,5,5069
USER_009141,0.0399756742455493,0.0019756742455493,0,0,58,2,1,4,0,1,4,5,5019
USER_009142,0.03734247827327857,-0.0006575217267214273,1,1,49,1,2,3,1,2,2,11,11021
USER_009143,0.04373340953699884,0.005733409536998843,0,0,35,1,1,5,2,1,4,50,50065
USER_009144,0.034132654416207366,-0.0038673455837926335,1,1,59,2,2,3,1,1,3,19,19079
USER_009145,0.03356444127861002,-0.004435558721389982,1,1,57,1,1,10,1,1,4,73,73011
USER_009146,0.014428211413148284,-0.023571788586851716,1,1,30,2,2,4,2,1,4,11,11087
USER_009147,0.036280686890081654,-0.0017193131099183454,1,1,19,1,1,2,1,1,3,11,11046
USER_009148,0.0328004778077691,-0.005199522192230896,1,1,69,2,1,4,2,1,1,11,11052
USER_009149,0.032260285159763806,-0.005739714840236193,1,1,42,1,1,4,1,2,4,76,76091
USER_009150,0.04625309593885061,0.00825309593885061,0,0,37,1,1,6,0,1,3,25,25081
USER_009151,0.04987947929185765,0.011879479291857648,0,0,24,1,1,5,1,1,4,25,25020
USER_009152,0.04348291756963491,0.0054829175696349125,0,0,28,1,2,6,1,1,5,11,11099
USER_009153,0.054931227856742114,0.016931227856742115,0,0,22,1,1,4,1,1,5,11,11080
USER_009154,0.04863342888745548,0.010633428887455477,0,0,46,2,1,10,2,2,4,5,5077
USER_009155,0.03557415715291537,-0.002425842847084629,1,1,35,2,1,7,0,1,2,63,63012
USER_009156,0.0330571557142843,-0.004942844285715696,1,0,25,1,1,5,1,1,4,50,50077
USER_009157,0.0446923335515027,0.006692333551502699,0,0,44,1,2,4,0,1,4,25,25083
USER_009158,0.048606506648528516,0.010606506648528517,0,0,59,1,1,6,0,2,2,19,19060
USER_009159,0.06096766460547247,0.02296766460547247,0,0,19,2,1,6,3,1,2,63,63047
USER_009160,0.057867595674101435,0.019867595674101436,0,0,52,2,1,5,4,2,5,54,54048
USER_009161,0.031877904902392465,-0.006122095097607534,1,1,43,2,1,3,1,1,5,19,19043
USER_009162,0.03846990579809108,0.00046990579809107896,0,0,40,1,1,7,1,1,4,11,11031
USER_009163,0.05006526707376655,0.012065267073766553,0,0,22,1,2,5,2,1,2,5,5043
USER_009164,0.05601996667088458,0.018019966670884582,0,0,33,1,1,3,1,2,3,11,11029
USER_009165,0.054084542030571885,0.016084542030571886,0,0,59,1,3,4,0,1,2,54,54063
USER_009166,0.0390418325075298,0.0010418325075298024,0,0,28,2,1,9,0,1,2,25,25069
USER_009167,0.021189660213572253,-0.016810339786427746,1,1,36,2,1,7,2,1,2,11,11064
USER_009168,0.025015954356316133,-0.012984045643683866,1,1,33,2,1,5,0,1,2,19,19091
USER_009169,0.044089502714791215,0.006089502714791216,0,0,49,1,1,6,1,1,3,68,68041
USER_009170,0.045133383691365186,0.007133383691365187,0,0,29,2,3,4,0,1,2,5,5010
USER_009171,0.023519809398484227,-0.014480190601515772,1,1,19,2,2,5,0,2,2,68,68030
USER_009172,0.04066854416333907,0.0026685441633390733,0,0,60,2,1,7,2,1,2,11,11023
USER_009173,0.04946836535457674,0.011468365354576744,0,0,39,2,1,4,1,1,2,73,73039
USER_009174,0.02273160013739284,-0.015268399862607158,1,1,43,2,2,4,0,1,5,54,54042
USER_009175,0.05657495802706622,0.01857495802706622,0,0,50,1,1,6,0,1,1,11,11095
USER_009176,0.034337032771602626,-0.0036629672283973735,1,1,41,1,1,7,2,1,2,8,8026
USER_009177,0.05886419668864976,0.020864196688649764,0,0,22,1,1,5,1,1,4,11,11010
USER_009178,0.031998213313361494,-0.006001786686638505,1,1,38,2,1,8,2,2,1,52,52003
USER_009179,0.024600617756737317,-0.013399382243262682,1,1,63,1,1,6,0,2,4,8,8072
USER_009180,0.03312794515237421,-0.00487205484762579,1,1,35,2,2,3,1,2,1,73,73001
USER_009181,0.0385727781538402,0.0005727781538402005,0,0,56,2,2,6,1,2,2,13,13008
USER_009182,0.034172801398427786,-0.0038271986015722126,1,1,22,2,1,6,1,2,4,11,11051
USER_009183,0.0367599786764033,-0.001240021323596699,1,1,25,2,3,4,2,2,1,66,66062
USER_009184,0.045009477245142857,0.0070094772451428575,0,0,38,2,3,1,2,2,3,68,68097
USER_009185,0.03743230945305401,-0.0005676905469459911,1,1,64,2,1,5,1,1,4,54,54087
USER_009186,0.03900831409071989,0.0010083140907198931,0,0,74,2,1,4,0,1,2,25,25070
USER_009187,0.014361604011961062,-0.023638395988038935,1,1,22,2,1,4,3,2,2,5,5081
USER_009188,0.04587547024015709,0.007875470240157091,0,0,30,2,1,5,1,2,1,68,68097
USER_009189,0.038661950534624984,0.0006619505346249846,0,0,36,2,1,8,2,1,4,11,11079
USER_009190,0.06415439470724306,0.02615439470724306,0,0,46,2,1,6,5,1,4,25,25096
USER_009191,0.02590652249119063,-0.012093477508809368,1,1,19,1,2,3,0,1,4,11,11070
USER_009192,0.012875570072507291,-0.025124429927492708,1,1,54,2,1,4,1,1,4,25,25017
USER_009193,0.049271027408950625,0.011271027408950626,0,0,43,2,1,2,2,1,3,54,54028
USER_009194,0.045197905274695006,0.007197905274695007,0,0,46,2,2,4,2,2,4,66,66039
USER_009195,0.024873504692032814,-0.013126495307967185,1,0,22,2,1,4,3,1,3,25,25003
USER_009196,0.01705376567493863,-0.020946234325061368,1,1,49,2,1,6,0,1,3,11,11097
USER_009197,0.06306095096026434,0.025060950960264346,0,0,55,2,1,6,0,1,3,52,52026
USER_009198,0.061211655859101724,0.023211655859101725,0,0,65,1,1,5,0,1,5,11,11021
USER_009199,0.0026881486194080617,-0.03531185138059194,1,1,19,1,2,3,0,1,4,68,68088
USER_009200,0.033126654561152484,-0.004873345438847515,1,1,22,2,1,3,1,2,2,5,5094
USER_009201,0.0649628808217585,0.026962880821758496,0,0,64,1,1,4,0,1,3,66,66047
USER_009202,0.032859061633332,-0.005140938366667999,1,1,50,2,2,3,1,1,4,8,8053
USER_009203,0.03264081648960021,-0.005359183510399788,1,1,68,1,2,3,0,1,3,73,73027
USER_009204,0.03575861008555948,-0.0022413899144405197,1,1,52,1,1,1,2,2,4,13,13004
USER_009205,0.02318654539347761,-0.014813454606522388,1,1,36,2,1,6,1,2,1,19,19044
USER_009206,0.014428363836579338,-0.02357163616342066,1,1,32,1,1,3,1,1,3,19,19018
USER_009207,0.05578820966102123,0.01778820966102123,0,0,52,2,1,5,3,1,2,25,25061
USER_009208,0.012355946406284866,-0.025644053593715133,1,1,25,1,1,4,1,2,3,50,50099
USER_009209,0.04370907178163134,0.005709071781631339,0,0,64,1,1,2,2,1,2,76,76027
USER_009210,0.05329869239136474,0.015298692391364742,0,0,18,1,1,7,2,1,3,8,8071
USER_009211,0.018231605516482625,-0.019768394483517374,1,1,55,1,1,4,0,2,3,54,54088
USER_009212,0.02613597396107393,-0.01186402603892607,1,1,39,2,2,4,1,2,1,11,11058
USER_009213,0.058197687825873846,0.020197687825873847,0,0,34,1,2,3,0,1,3,25,25014
USER_009214,0.0479933758034056,0.009993375803405598,0,0,33,2,1,2,0,1,4,19,19043
USER_009215,0.030740714396816693,-0.007259285603183306,1,0,62,1,1,2,3,2,3,76,76041
USER_009216,0.05803373505041757,0.02003373505041757,0,0,18,1,1,3,1,1,1,8,8092
USER_009217,0.058098035851814535,0.020098035851814536,0,0,20,2,3,4,0,2,3,11,11088
USER_009218,0.044035790395235606,0.006035790395235607,0,0,73,2,1,3,1,1,2,5,5045
USER_009219,0.02649759658189505,-0.011502403418104948,1,1,23,2,1,2,0,1,4,68,68071
USER_009220,0.03379826944792307,-0.004201730552076927,1,1,69,1,3,8,0,2,3,11,11039
USER_009221,0.04429580115933085,0.006295801159330851,0,0,70,2,1,2,2,1,2,5,5096
USER_009222,0.037171077562787674,-0.0008289224372123247,1,0,20,2,2,5,1,2,3,54,54074
USER_009223,0.05408435767352277,0.016084357673522773,0,0,64,2,1,5,3,1,3,8,8047
USER_009224,0.017053388798359957,-0.020946611201640042,1,1,47,1,1,4,2,1,1,25,25055
USER_009225,0.017586047064006422,-0.020413952935993577,1,1,64,2,1,5,0,1,3,50,50077
USER_009226,0.04271306667223649,0.0047130666722364906,0,0,28,2,3,4,1,1,4,11,11086
USER_009227,0.03262683379289643,-0.005373166207103569,1,1,44,2,1,7,1,1,3,25,25098
USER_009228,0.03059427077953389,-0.00740572922046611,1,1,39,2,1,5,1,1,3,68,68038
USER_009229,0.013479149212384044,-0.024520850787615955,1,1,23,1,3,2,1,2,1,11,11037
USER_009230,0.04029318767197273,0.0022931876719727295,0,0,55,2,2,6,0,1,2,63,63024
USER_009231,0.03920867337998852,0.0012086733799885202,0,0,58,1,1,6,0,1,5,11,11014
USER_009232,0.04980218472927611,0.011802184729276112,0,0,63,1,1,4,0,1,4,52,52003
USER_009233,0.04103359199681458,0.0030335919968145844,0,0,48,2,1,5,0,1,1,66,66002
USER_009234,0.03801093882639255,1.0938826392553613e-05,0,0,60,1,2,5,0,1,2,11,11046
USER_009235,0.057655009551855055,0.019655009551855056,0,0,73,2,2,4,0,1,3,50,50031
USER_009236,0.020312990448271753,-0.017687009551728246,1,1,23,1,1,4,1,1,1,66,66046
USER_009237,0.048045838282713645,0.010045838282713646,0,0,67,2,1,3,0,1,4,68,68073
USER_009238,0.014932792528069769,-0.02306720747193023,1,0,37,1,2,5,0,1,4,11,11072
USER_009239,0.027424571799987887,-0.010575428200012112,1,1,64,2,1,6,1,2,3,11,11036
USER_009240,0.021810143010650294,-0.016189856989349705,1,1,71,2,2,4,1,1,4,13,13078
USER_009241,0.051729138031778775,0.013729138031778776,0,0,58,1,1,5,2,1,1,68,68051
USER_009242,0.03901884649606909,0.0010188464960690924,0,0,28,2,2,3,0,1,2,73,73040
USER_009243,0.03979745133110535,0.00179745133110535,0,0,19,2,1,4,1,1,2,25,25042
USER_009244,0.023399005184058238,-0.014600994815941761,1,1,48,2,2,3,3,1,5,68,68079
USER_009245,0.035504597561006664,-0.0024954024389933355,1,1,55,1,1,3,0,2,5,8,8071
USER_009246,0.028548020450363327,-0.009451979549636672,1,1,43,2,1,10,0,2,4,8,8096
USER_009247,0.04575182522281324,0.007751825222813244,0,0,44,1,1,5,1,1,2,11,11065
USER_009248,0.025133632970025795,-0.012866367029974204,1,0,72,2,1,4,3,1,5,47,47004
USER_009249,0.05994691547807614,0.02194691547807614,0,0,63,2,2,10,0,1,2,11,11063
USER_009250,0.014866293255638584,-0.023133706744361417,1,1,63,2,1,6,4,1,3,11,11008
USER_009251,0.02790220251315158,-0.010097797486848418,1,0,48,2,2,6,1,2,3,54,54019
USER_009252,0.06515800764949145,0.02715800764949145,0,0,41,1,2,3,3,1,4,25,25084
USER_009253,0.03347291878056949,-0.004527081219430511,1,1,30,2,3,4,0,2,3,76,76057
USER_009254,0.020276820033933822,-0.017723179966066177,1,1,42,2,2,6,2,1,4,73,73013
USER_009255,0.04328607343806503,0.005286073438065031,0,0,54,1,1,2,4,1,4,11,11039
USER_009256,0.032869116366781866,-0.0051308836332181335,1,1,58,2,1,4,2,1,4,25,25014
USER_009257,0.027461946165725417,-0.010538053834274582,1,1,42,2,2,2,4,1,4,11,11051
USER_009258,0.023561937838019242,-0.014438062161980757,1,0,46,2,2,4,1,2,1,50,50068
USER_009259,0.08152560408438915,0.04352560408438915,0,0,48,2,1,5,0,1,2,25,25058
USER_009260,0.036226721497237956,-0.0017732785027620435,1,1,60,1,1,3,2,2,3,73,73048
USER_009261,0.011116489595006844,-0.026883510404993156,1,1,56,1,1,2,1,1,3,47,47004
USER_009262,0.06240564638508301,0.02440564638508301,0,0,19,2,1,7,1,1,2,13,13090
USER_009263,0.049166063576658564,0.011166063576658565,0,0,73,1,1,2,1,1,2,52,52028
USER_009264,0.028503003534703183,-0.009496996465296816,1,1,29,2,1,5,1,1,3,54,54045
USER_009265,0.026003213669707877,-0.011996786330292122,1,1,22,1,1,5,2,1,3,66,66081
USER_009266,0.05010209194237346,0.01210209194237346,0,0,44,2,1,4,2,2,4,11,11073
USER_009267,0.03629622508765818,-0.0017037749123418183,1,1,73,1,1,3,0,2,2,19,19019
USER_009268,0.011110332723323483,-0.026889667276676514,1,1,51,2,1,1,2,1,4,11,11081
USER_009269,0.06680859946907003,0.02880859946907003,0,0,31,1,1,6,2,1,4,11,11008
USER_009270,0.033490143066760646,-0.0045098569332393534,1,1,24,2,1,6,0,1,3,13,13054
USER_009271,0.06243357604723639,0.024433576047236394,0,0,54,2,2,4,0,1,4,11,11096
USER_009272,0.05917652436948573,0.02117652436948573,0,0,53,2,1,5,0,1,3,11,11064
USER_009273,0.02498485683275779,-0.01301514316724221,1,1,27,2,1,3,3,1,3,54,54010
USER_009274,0.05549784796544722,0.01749784796544722,0,0,46,2,2,4,1,2,2,11,11065
USER_009275,0.030228361752044783,-0.007771638247955216,1,1,33,2,2,4,0,1,4,19,19032
USER_009276,0.011999491197940873,-0.026000508802059126,1,1,55,2,1,3,0,2,3,13,13041
USER_009277,0.033631027509667864,-0.004368972490332135,1,1,38,2,1,4,0,1,3,19,19063
USER_009278,0.04596456252664419,0.007964562526644188,0,0,55,2,1,5,2,1,3,11,11012
USER_009279,0.033058950280054934,-0.004941049719945065,1,1,58,1,1,5,1,1,4,11,11026
USER_009280,0.035394274886123483,-0.0026057251138765156,1,1,50,2,2,6,0,1,2,8,8088
USER_009281,0.05715349067392919,0.019153490673929192,0,0,46,1,1,3,2,1,3,11,11051
USER_009282,0.04159740970435138,0.0035974097043513786,0,0,65,2,2,5,1,1,3,52,52032
USER_009283,0.027350525330725715,-0.010649474669274284,1,1,34,2,1,7,1,1,4,5,5084
USER_009284,0.0505304548550099,0.0125304548550099,0,0,30,2,1,6,0,2,2,19,19091
USER_009285,0.04296513350431368,0.004965133504313678,0,0,23,1,3,5,0,1,4,68,68068
USER_009286,0.0021759279780693584,-0.03582407202193064,1,1,19,2,2,6,0,1,4,8,8037
USER_009287,0.04642529370657173,0.008425293706571732,0,0,25,2,2,4,0,1,4,8,8094
USER_009288,0.045877430615741524,0.007877430615741525,0,0,72,2,1,6,0,1,2,8,8078
USER_009289,0.040301816943712904,0.0023018169437129046,0,0,71,1,1,9,2,1,4,47,47074
USER_009290,0.05337550871604363,0.01537550871604363,0,0,49,1,1,1,2,1,3,68,68008
USER_009291,0.02991409623510247,-0.00808590376489753,1,1,53,2,3,5,2,2,3,63,63010
USER_009292,0.045047496832313516,0.007047496832313517,0,0,26,2,1,4,2,1,2,68,68050
USER_009293,0.01649560943248971,-0.02150439056751029,1,1,40,1,3,6,0,1,4,47,47097
USER_009294,0.04610635575098248,0.00810635575098248,0,0,24,2,2,4,1,2,2,11,11033
USER_009295,0.06929589543309844,0.03129589543309844,0,0,48,1,1,3,4,1,3,52,52088
USER_009296,0.025077154712986886,-0.012922845287013113,1,1,38,2,1,2,4,1,2,11,11006
USER_009297,0.028602968020183375,-0.009397031979816624,1,1,18,1,2,4,1,1,3,8,8008
USER_009298,0.02934976835662672,-0.00865023164337328,1,1,63,1,2,3,1,1,4,76,76041
USER_009299,0.04194997338702393,0.003949973387023929,0,0,19,2,1,6,1,2,1,11,11021
USER_009300,0.02405445590719423,-0.01394554409280577,1,1,57,2,1,3,0,1,3,47,47026
USER_009301,0.0463187106803647,0.008318710680364702,0,0,28,2,1,6,2,1,4,73,73072
USER_009302,0.05270259918203748,0.014702599182037479,0,1,54,2,1,6,2,1,2,68,68080
USER_009303,0.04801520820180677,0.01001520820180677,0,0,35,2,2,5,1,1,4,11,11008
USER_009304,0.013473768615428912,-0.024526231384571086,1,1,61,2,3,2,3,2,2,19,19066
USER_009305,0.05492751497737909,0.016927514977379092,0,0,70,2,1,8,2,1,4,50,50066
USER_009306,0.0540605112138052,0.016060511213805202,0,0,41,2,2,3,2,1,2,25,25012
USER_009307,0.052452420585194566,0.014452420585194567,0,0,69,2,1,6,2,2,3,76,76038
USER_009308,0.04559263372983738,0.0075926337298373794,0,0,36,1,1,3,1,1,2,11,11088
USER_009309,0.043302839713076996,0.005302839713076997,0,0,22,2,1,4,1,2,2,73,73008
USER_009310,0.055485840971895954,0.017485840971895955,0,0,46,2,2,2,1,1,5,63,63025
USER_009311,0.06885270231405181,0.030852702314051815,0,0,56,2,1,2,0,1,1,47,47040
USER_009312,0.025704393049527253,-0.012295606950472746,1,1,19,2,1,3,1,1,2,68,68059
USER_009313,0.056171880936921575,0.018171880936921576,0,0,34,1,3,2,2,1,4,8,8040
USER_009314,0.03870674352988821,0.0007067435298882124,0,0,62,2,3,4,3,1,2,5,5004
USER_009315,0.038054904219570994,5.490421957099478e-05,0,0,28,1,1,5,1,1,4,68,68086
USER_009316,0.016952039644269425,-0.021047960355730574,1,1,54,2,1,6,2,2,3,11,11050
USER_009317,0.03572815885726908,-0.002271841142730921,1,1,30,2,3,2,2,1,3,5,5053
USER_009318,0.025041025630473772,-0.012958974369526227,1,1,46,1,2,4,0,1,2,68,68095
USER_009319,0.033042183557410815,-0.004957816442589184,1,1,72,2,3,5,1,2,4,76,76042
USER_009320,0.023527204243327753,-0.014472795756672246,1,0,49,2,1,5,0,1,2,8,8046
USER_009321,0.033266374190304905,-0.004733625809695094,1,1,62,2,1,4,1,1,3,54,54030
USER_009322,0.03390834464464895,-0.004091655355351047,1,1,57,1,1,3,1,1,4,11,11054
USER_009323,0.041451323776582005,0.0034513237765820062,0,0,60,2,1,2,0,1,5,11,11082
USER_009324,0.015778752065630036,-0.022221247934369963,1,1,25,2,3,3,1,1,2,19,19095
USER_009325,0.01831722778382015,-0.01968277221617985,1,1,27,1,2,4,2,1,2,11,11097
USER_009326,0.0454287140609579,0.007428714060957901,0,0,42,1,1,8,0,1,4,19,19041
USER_009327,0.02803842824394852,-0.00996157175605148,1,1,28,2,1,4,3,2,2,11,11053
USER_009328,0.056117946853448966,0.018117946853448967,0,0,45,1,2,4,2,2,4,19,19085
USER_009329,0.0433790458302257,0.0053790458302257,0,0,50,2,1,4,3,2,1,73,73048
USER_009330,0.049101432253096114,0.011101432253096115,0,0,56,2,2,8,3,2,2,66,66021
USER_009331,0.061160384806313424,0.023160384806313425,0,0,43,1,1,5,0,2,3,25,25076
USER_009332,0.03535433782290141,-0.002645662177098586,1,1,25,2,1,3,1,1,4,73,73063
USER_009333,0.03138269941875586,-0.006617300581244136,1,1,55,2,2,5,3,1,4,11,11003
USER_009334,0.053075538783982204,0.015075538783982205,0,0,43,2,1,6,1,1,4,11,11010
USER_009335,0.04764270345894529,0.009642703458945294,0,0,49,2,1,7,0,1,1,11,11008
USER_009336,0.03719004535268049,-0.0008099546473195121,1,1,63,2,1,4,1,2,1,8,8081
USER_009337,0.060871869504339135,0.022871869504339136,0,0,45,1,2,3,2,2,1,68,68030
USER_009338,0.036816335352401044,-0.0011836646475989546,1,1,69,2,1,7,2,1,4,11,11064
USER_009339,0.040491604563336725,0.002491604563336726,0,0,24,1,1,3,0,1,5,68,68003
USER_009340,0.04031833976251388,0.002318339762513881,0,0,52,2,1,5,2,1,4,19,19059
USER_009341,0.025981091576522935,-0.012018908423477064,1,1,19,2,1,2,0,1,2,47,47014
USER_009342,0.04116378084229586,0.003163780842295863,0,0,39,2,2,2,1,1,4,11,11016
USER_009343,0.06095140266097737,0.022951402660977373,0,0,67,2,2,6,2,1,4,11,11082
USER_009344,0.04667452473064264,0.00867452473064264,0,0,39,2,2,3,2,1,4,8,8005
USER_009345,0.040465951395983975,0.0024659513959839757,0,0,20,1,1,4,0,1,2,11,11059
USER_009346,0.03757349078251496,-0.0004265092174850424,1,1,63,1,2,5,0,1,4,73,73076
USER_009347,0.04496300542609527,0.0069630054260952715,0,0,67,1,2,3,1,1,3,73,73015
USER_009348,0.05124649942733778,0.013246499427337778,0,0,62,1,1,9,0,2,3,11,11098
USER_009349,0.04913858246334629,0.011138582463346293,0,0,25,1,1,4,1,2,2,50,50012
USER_009350,0.03502202707267031,-0.0029779729273296876,1,1,21,2,1,3,0,1,5,19,19079
USER_009351,0.04487172391165172,0.006871723911651723,0,0,32,2,1,5,0,2,3,47,47038
USER_009352,0.04719909611722418,0.009199096117224179,0,1,61,2,1,6,2,2,5,54,54055
USER_009353,0.024892075187095325,-0.013107924812904674,1,0,63,2,1,6,3,1,3,5,5003
USER_009354,0.04252345811775542,0.0045234581177554176,0,0,69,2,1,3,0,1,2,8,8060
USER_009355,0.007580441705464573,-0.030419558294535427,1,1,56,2,2,7,1,2,2,25,25094
USER_009356,0.047238005647317775,0.009238005647317776,0,0,73,2,2,3,1,1,3,11,11061
USER_009357,0.04990514581844022,0.011905145818440224,0,0,29,1,1,4,0,2,3,63,63077
USER_009358,0.05121319188679689,0.013213191886796892,0,0,46,2,1,4,1,1,2,8,8043
USER_009359,0.03407429721745649,-0.003925702782543512,1,0,26,2,2,5,5,1,1,63,63068
USER_009360,0.044635702525360525,0.006635702525360526,0,0,59,1,1,4,1,1,3,11,11022
USER_009361,0.0613593076831175,0.023359307683117503,0,1,57,2,1,3,0,1,4,11,11043
USER_009362,0.06120654472436888,0.02320654472436888,0,0,37,2,1,4,2,1,2,54,54066
USER_009363,0.039562409511601594,0.0015624095116015951,0,0,51,2,2,4,2,1,3,11,11057
USER_009364,0.0420897944609434,0.004089794460943402,0,0,43,2,1,5,2,1,3,54,54073
USER_009365,0.056663667171016494,0.018663667171016494,0,0,65,2,2,3,2,1,3,25,25058
USER_009366,0.01748796977106738,-0.02051203022893262,1,1,38,2,1,4,1,1,3,52,52036
USER_009367,0.03515386385984463,-0.0028461361401553656,1,1,40,1,2,4,2,1,2,8,8051
USER_009368,0.06003355683305135,0.022033556833051353,0,0,35,2,1,5,0,1,5,47,47032
USER_009369,0.05462800812527149,0.016628008125271494,0,0,69,1,3,3,2,1,2,68,68038
USER_009370,0.04553895666474857,0.007538956664748568,0,1,71,1,1,10,0,1,2,25,25023
USER_009371,0.017412513920040694,-0.020587486079959305,1,1,41,1,1,7,0,1,3,19,19018
USER_009372,0.03925134650438257,0.0012513465043825708,0,0,59,2,1,5,1,2,1,5,5003
USER_009373,0.031151269056251006,-0.006848730943748993,1,1,46,2,3,3,1,1,5,76,76028
USER_009374,0.0449655835422582,0.006965583542258201,0,0,55,1,2,7,1,2,3,76,76082
USER_009375,0.027859799728076798,-0.010140200271923201,1,1,55,1,1,4,1,1,3,63,63029
USER_009376,0.02461414907538089,-0.013385850924619108,1,1,71,2,1,4,1,1,5,8,8011
USER_009377,0.009027020834745379,-0.02897297916525462,1,1,69,2,1,2,0,1,3,50,50031
USER_009378,0.05832707027465052,0.02032707027465052,0,0,30,2,1,6,0,1,4,11,11050
USER_009379,0.03400344232835414,-0.003996557671645862,1,1,49,1,1,3,1,2,1,25,25042
USER_009380,0.04235718675553802,0.00435718675553802,0,0,36,1,1,2,1,2,2,8,8019
USER_009381,0.039966428252887286,0.0019664282528872867,0,0,34,1,2,1,3,1,3,63,63051
USER_009382,0.023988491005592503,-0.014011508994407496,1,1,19,2,1,6,3,1,5,47,47077
USER_009383,0.021114026328277097,-0.0168859736717229,1,1,35,2,1,4,2,1,4,11,11093
USER_009384,0.024920273110041465,-0.013079726889958534,1,1,56,2,1,4,3,2,2,50,50043
USER_009385,0.029152473417559107,-0.008847526582440892,1,1,44,2,3,3,2,1,5,19,19095
USER_009386,0.04549909370520708,0.007499093705207079,0,0,31,2,1,6,3,2,3,25,25097
USER_009387,0.02806423504719083,-0.009935764952809168,1,1,71,2,1,3,0,1,3,8,8026
USER_009388,0.06619735947391932,0.02819735947391932,0,0,32,1,2,4,2,1,5,5,5003
USER_009389,0.05540726553839726,0.017407265538397262,0,0,25,1,2,3,0,1,4,11,11027
USER_009390,0.05212539324498562,0.014125393244985622,0,0,26,2,2,1,1,1,3,5,5056
USER_009391,0.03820511646290275,0.0002051164629027491,0,0,38,2,2,3,2,1,4,11,11081
USER_009392,0.06271421103580725,0.024714211035807253,0,0,60,1,1,5,0,1,5,11,11034
USER_009393,0.03672991553318314,-0.0012700844668168607,1,1,52,2,1,4,1,1,5,11,11074
USER_009394,0.03953107878768631,0.0015310787876863102,0,0,69,1,2,10,0,1,5,63,63090
USER_009395,0.04254961809623904,0.004549618096239043,0,1,31,2,3,5,1,1,3,19,19058
USER_009396,0.05052734560815016,0.012527345608150164,0,1,44,2,1,8,1,1,4,8,8032
USER_009397,0.04955362118504478,0.011553621185044778,0,0,25,1,1,4,1,1,4,19,19006
USER_009398,0.03287312082333096,-0.005126879176669041,1,1,52,1,1,6,1,1,1,8,8026
USER_009399,0.032005094208610696,-0.005994905791389303,1,0,35,2,2,5,0,1,3,19,19041
USER_009400,0.04959854435728127,0.01159854435728127,0,0,72,2,1,5,0,1,3,63,63017
USER_009401,0.05072854875836849,0.012728548758368492,0,0,31,1,2,2,1,1,2,66,66087
USER_009402,0.034099733127656906,-0.003900266872343093,1,1,69,2,1,2,5,2,5,19,19040
USER_009403,0.016192178954823194,-0.021807821045176805,1,1,25,1,1,6,2,2,1,73,73045
USER_009404,0.036890258559876335,-0.001109741440123664,1,1,66,1,2,4,2,1,2,8,8032
USER_009405,0.04935288698238788,0.011352886982387879,0,0,25,2,2,5,1,1,3,73,73032
USER_009406,0.06708125269629671,0.02908125269629671,0,0,54,2,1,3,2,1,5,73,73029
USER_009407,0.02203063056489007,-0.015969369435109928,1,1,61,2,1,5,0,1,1,73,73061
USER_009408,0.033601431207541395,-0.004398568792458604,1,1,19,1,1,3,0,1,2,25,25004
USER_009409,0.034158946577119355,-0.0038410534228806442,1,1,34,2,1,5,1,2,2,8,8075
USER_009410,0.06033708009147252,0.02233708009147252,0,0,30,2,2,8,1,1,4,25,25051
USER_009411,0.03947587749312051,0.0014758774931205101,0,0,71,2,2,4,1,2,4,25,25024
USER_009412,0.026390101609416017,-0.011609898390583982,1,1,31,2,1,4,2,1,1,11,11025
USER_009413,0.04838042924382729,0.010380429243827288,0,0,58,2,1,5,2,1,3,63,63009
USER_009414,0.03393042219938581,-0.004069577800614191,1,1,58,2,2,5,2,1,5,5,5095
USER_009415,0.021634190899630687,-0.016365809100369312,1,1,26,2,3,5,1,1,2,68,68061
USER_009416,0.026608400390857743,-0.011391599609142256,1,1,44,2,1,5,2,2,3,50,50030
USER_009417,0.06601062931633929,0.02801062931633929,0,0,37,2,1,5,1,1,3,68,68017
USER_009418,0.04576313832474194,0.0077631383247419375,0,0,55,1,2,3,0,1,5,11,11060
USER_009419,0.04161640083178814,0.003616400831788144,0,0,29,2,1,6,1,1,2,11,11010
USER_009420,0.03625159396281931,-0.00174840603718069,1,1,59,1,2,5,1,1,3,11,11019
USER_009421,0.04438223263178198,0.0063822326317819825,0,0,39,1,2,3,1,1,5,73,73038
USER_009422,0.04420353919003741,0.00620353919003741,0,0,54,2,2,4,3,1,3,11,11097
USER_009423,0.04438253242310989,0.006382532423109891,0,0,67,2,1,2,1,1,5,5,5028
USER_009424,0.041722676354166294,0.0037226763541662947,0,0,56,1,3,2,3,2,5,54,54008
USER_009425,0.05303197507458324,0.015031975074583238,0,0,48,1,2,1,5,1,3,66,66086
USER_009426,0.040346565190010966,0.002346565190010967,0,0,30,2,2,5,1,2,2,47,47068
USER_009427,0.02533091746671042,-0.012669082533289577,1,1,18,1,2,6,0,2,3,63,63093
USER_009428,0.03081365663648698,-0.00718634336351302,1,1,55,2,1,6,0,1,3,25,25055
USER_009429,0.010314719597654318,-0.02768528040234568,1,1,70,2,1,7,0,2,2,11,11083
USER_009430,0.07040225674063588,0.03240225674063588,0,0,70,2,1,4,0,1,2,47,47084
USER_009431,0.0529413188792903,0.014941318879290302,0,0,57,1,1,5,1,2,3,54,54062
USER_009432,0.027548942573061445,-0.010451057426938554,1,0,26,2,1,2,2,1,4,54,54041
USER_009433,0.0357723272590435,-0.0022276727409564975,1,1,56,1,2,6,2,2,3,63,63032
USER_009434,0.0304468528869035,-0.0075531471130965006,1,1,27,1,1,4,0,1,2,68,68056
USER_009435,0.06313820817061175,0.02513820817061175,0,0,46,2,2,5,3,1,4,5,5099
USER_009436,0.01870184253593607,-0.01929815746406393,1,1,57,1,1,5,0,2,4,54,54044
USER_009437,0.04171714088228169,0.003717140882281693,0,0,47,2,3,4,2,1,2,52,52065
USER_009438,0.03837208236152728,0.0003720823615272831,0,0,19,1,1,2,0,1,3,76,76009
USER_009439,0.052402579460636714,0.014402579460636715,0,1,35,2,2,6,2,2,2,11,11032
USER_009440,0.03843986158412958,0.00043986158412957777,0,0,45,1,2,6,1,1,4,25,25080
USER_009441,0.013626866850168475,-0.024373133149831524,1,1,64,2,1,3,2,1,2,13,13020
USER_009442,0.036233232480363385,-0.001766767519636614,1,1,49,2,2,3,3,1,4,11,11081
USER_009443,0.025417566730850126,-0.012582433269149873,1,1,41,2,1,6,0,1,2,25,25059
USER_009444,0.04119369319834841,0.0031936931983484115,0,0,55,2,1,4,0,1,1,50,50067
USER_009445,0.0615126555478049,0.0235126555478049,0,0,73,1,2,2,1,1,1,54,54062
USER_009446,0.013908621336515829,-0.02409137866348417,1,1,31,2,1,8,0,1,4,73,73053
USER_009447,0.027996658969001446,-0.010003341030998553,1,1,42,2,1,6,0,1,4,25,25006
USER_009448,0.031709605693247545,-0.0062903943067524545,1,1,42,2,1,3,2,1,3,68,68091
USER_009449,0.034275533568801836,-0.003724466431198163,1,1,49,2,1,5,1,2,4,68,68021
USER_009450,0.051101884961578664,0.013101884961578665,0,0,44,2,2,6,0,1,2,8,8035
USER_009451,0.03739683373657919,-0.0006031662634208082,1,1,71,2,1,5,1,2,2,25,25002
USER_009452,0.04623704088580668,0.008237040885806679,0,0,49,2,1,3,0,1,4,47,47001
USER_009453,0.030613404344023355,-0.007386595655976644,1,0,73,2,1,1,0,2,2,11,11036
USER_009454,0.043448865181269065,0.005448865181269066,0,0,48,2,1,2,0,1,3,50,50092
USER_009455,0.051666964463165724,0.013666964463165725,0,0,67,2,1,6,1,2,2,50,50055
USER_009456,0.029015506753943675,-0.008984493246056324,1,1,41,2,3,3,2,1,2,11,11066
USER_009457,0.05172037179709772,0.013720371797097723,0,0,52,2,1,3,0,1,3,73,73076
USER_009458,0.04078559153091353,0.0027855915309135323,0,0,47,2,1,1,0,1,4,68,68038
USER_009459,0.05568190360723379,0.01768190360723379,0,0,50,1,1,9,2,1,2,11,11008
USER_009460,0.0369787014988454,-0.0010212985011546008,1,1,72,2,1,6,1,1,4,54,54086
USER_009461,0.04571866982743148,0.007718669827431482,0,0,50,2,2,3,1,2,5,50,50017
USER_009462,0.03939090652482205,0.0013909065248220512,0,0,63,2,3,1,0,1,2,52,52068
USER_009463,0.03855681606939132,0.0005568160693913207,0,0,44,2,3,3,1,1,1,47,47015
USER_009464,0.04388395642338535,0.00588395642338535,0,0,50,2,2,5,4,1,3,11,11080
USER_009465,0.048052112038373555,0.010052112038373556,0,0,50,1,1,5,2,1,3,5,5057
USER_009466,0.021256526321139925,-0.016743473678860074,1,1,21,1,1,7,0,2,2,19,19094
USER_009467,0.06150450413226817,0.02350450413226817,0,0,47,1,1,4,0,2,2,68,68032
USER_009468,0.012105054391753025,-0.025894945608246976,1,1,61,1,1,4,1,1,1,5,5087
USER_009469,0.029727818353916562,-0.008272181646083437,1,1,32,1,1,6,1,2,3,52,52016
USER_009470,0.038585963938526494,0.0005859639385264945,0,0,46,1,1,6,2,1,4,8,8094
USER_009471,0.04618533953628922,0.008185339536289221,0,0,45,2,3,5,1,1,5,47,47013
USER_009472,0.06364258791612068,0.02564258791612068,0,0,49,1,2,2,0,1,3,19,19034
USER_009473,0.012125627676623391,-0.02587437232337661,1,1,53,1,1,5,2,1,4,47,47063
USER_009474,0.03238458807415434,-0.005615411925845658,1,0,47,2,1,4,3,1,4,25,25058
USER_009475,0.008097497683011021,-0.029902502316988978,1,1,59,2,1,3,1,1,5,11,11045
USER_009476,0.040474329608653714,0.002474329608653715,0,0,60,2,1,4,3,2,2,76,76025
USER_009477,0.04407525376750046,0.006075253767500462,0,0,55,1,1,2,4,1,4,76,76020
USER_009478,0.06386193613256878,0.025861936132568784,0,0,59,2,1,4,0,1,3,11,11070
USER_009479,0.041809521413401815,0.003809521413401816,0,0,29,2,1,5,1,1,4,66,66089
USER_009480,0.0556603769416357,0.0176603769416357,0,0,20,2,1,2,1,1,3,66,66038
USER_009481,0.048757556223085884,0.010757556223085885,0,1,32,2,1,5,0,1,1,25,25095
USER_009482,0.033471277044922476,-0.004528722955077523,1,1,65,2,1,5,1,1,4,68,68032
USER_009483,0.018865588798119413,-0.019134411201880586,1,1,27,1,1,4,0,2,3,66,66071
USER_009484,0.04412503447437716,0.006125034474377164,0,0,39,1,1,5,2,1,3,52,52060
USER_009485,0.017618469742819543,-0.020381530257180456,1,1,40,1,2,4,1,1,5,25,25081
USER_009486,0.05942810609004466,0.02142810609004466,0,0,28,2,1,5,4,2,4,50,50035
USER_009487,0.037569068469447645,-0.0004309315305523545,1,0,33,1,2,3,0,2,1,11,11036
USER_009488,0.057927661172671244,0.019927661172671245,0,0,66,2,2,3,1,1,3,73,73059
USER_009489,0.03279678348801401,-0.005203216511985992,1,1,63,2,1,5,0,1,2,68,68096
USER_009490,0.04403276179601488,0.0060327617960148835,0,0,33,1,1,6,2,1,2,52,52061
USER_009491,0.04314023286002033,0.005140232860020334,0,0,31,1,2,5,1,1,4,50,50012
USER_009492,0.039324338229836144,0.0013243382298361445,0,0,23,1,2,4,2,1,5,11,11040
USER_009493,0.03351010729905112,-0.004489892700948878,1,0,59,2,1,4,0,2,1,54,54023
USER_009494,0.045886840277057805,0.007886840277057806,0,0,34,2,3,7,1,1,2,76,76016
USER_009495,0.026107551047751875,-0.011892448952248124,1,1,72,2,3,3,2,1,4,19,19047
USER_009496,0.02185847006561412,-0.01614152993438588,1,1,48,1,2,5,1,1,4,54,54095
USER_009497,0.05864240339990241,0.020642403399902413,0,0,59,1,1,4,1,1,2,11,11035
USER_009498,0.05090751983338151,0.012907519833381509,0,0,70,2,2,3,1,1,3,11,11081
USER_009499,0.0409883741290336,0.0029883741290335983,0,0,27,1,2,3,0,2,3,63,63005
USER_009500,0.06497713573815672,0.026977135738156723,0,0,63,1,1,3,1,1,5,11,11059
USER_009501,0.03598351721912733,-0.002016482780872672,1,1,37,2,2,5,5,1,2,11,11035
USER_009502,0.05984054829983469,0.021840548299834693,0,0,66,1,1,4,2,1,4,25,25004
USER_009503,0.04263361127388733,0.004633611273887332,0,0,26,2,1,4,1,1,2,8,8068
USER_009504,0.02462873874885415,-0.01337126125114585,1,1,32,2,2,4,3,1,3,8,8090
USER_009505,0.06772060287656274,0.029720602876562745,0,0,56,2,2,7,3,2,4,5,5081
USER_009506,0.054860662699361275,0.016860662699361276,0,1,19,2,2,6,1,2,5,68,68088
USER_009507,0.03818468453485654,0.00018468453485653846,0,0,21,2,2,3,1,1,2,11,11033
USER_009508,0.050907568893009236,0.012907568893009237,0,0,69,2,1,3,1,1,2,5,5067
USER_009509,0.0339444484900314,-0.0040555515099686,1,1,41,2,2,3,1,2,3,73,73012
USER_009510,0.05243723552589313,0.014437235525893134,0,0,35,1,3,5,2,1,5,8,8043
USER_009511,0.0041338215207406106,-0.033866178479259386,1,0,28,2,1,5,1,1,3,66,66016
USER_009512,0.024702979994581094,-0.013297020005418905,1,1,54,1,2,4,1,1,3,25,25020
USER_009513,0.054688896164304446,0.016688896164304447,0,0,43,2,1,6,0,2,4,13,13063
USER_009514,0.03625516692671621,-0.00174483307328379,1,1,25,2,3,8,4,1,4,19,19080
USER_009515,0.04311313442333113,0.005113134423331132,0,0,39,1,2,5,0,1,2,11,11098
USER_009516,0.019798215068268482,-0.018201784931731517,1,1,69,1,1,5,2,2,3,52,52063
USER_009517,0.06771800493553154,0.02971800493553154,0,0,22,1,2,4,2,1,4,19,19005
USER_009518,0.05785794465576515,0.019857944655765153,0,0,19,2,2,5,2,1,4,52,52008
USER_009519,0.03698972172437005,-0.0010102782756299458,1,1,22,2,1,2,4,1,4,11,11018
USER_009520,0.03392956214705011,-0.0040704378529498875,1,1,52,2,1,4,0,1,3,11,11022
USER_009521,0.055444065421295395,0.017444065421295396,0,0,49,1,1,2,0,1,3,25,25031
USER_009522,0.06973705675253392,0.03173705675253392,0,0,61,1,1,6,0,1,3,11,11027
USER_009523,0.05430640383717031,0.01630640383717031,0,0,36,1,2,3,1,1,2,73,73015
USER_009524,0.07257704001094903,0.03457704001094903,0,0,56,2,1,3,0,2,5,11,11041
USER_009525,0.02616473006407123,-0.011835269935928767,1,1,68,2,2,4,1,1,1,11,11097
USER_009526,0.02770919754251814,-0.01029080245748186,1,0,21,2,1,4,1,1,1,11,11040
USER_009527,0.022165883229199768,-0.01583411677080023,1,1,40,2,1,4,0,1,4,68,68060
USER_009528,0.04662640974474219,0.008626409744742193,0,0,63,1,1,9,0,1,2,8,8083
USER_009529,0.04263405324706555,0.004634053247065548,0,0,36,2,1,7,1,1,1,73,73005
USER_009530,0.03772073314792022,-0.00027926685207978197,1,1,43,2,1,6,2,1,2,47,47062
USER_009531,0.05213887942184948,0.014138879421849479,0,0,67,2,1,9,0,1,2,47,47078
USER_009532,0.05848492907821996,0.020484929078219964,0,0,43,1,2,4,1,1,3,8,8030
USER_009533,0.01711506386069737,-0.020884936139302628,1,1,24,2,2,4,2,1,1,13,13004
USER_009534,0.03104541958148327,-0.00695458041851673,1,1,49,2,2,4,2,1,2,73,73084
USER_009535,0.0523021539118459,0.014302153911845902,0,1,64,1,1,6,1,1,2,5,5032
USER_009536,0.03298391974212127,-0.005016080257878731,1,1,70,2,1,6,0,1,2,13,13061
USER_009537,0.02802690885462769,-0.009973091145372308,1,1,50,1,1,6,3,1,4,25,25083
USER_009538,0.05527806141475592,0.01727806141475592,0,0,61,2,1,4,2,1,1,19,19072
USER_009539,0.0206574989541403,-0.017342501045859698,1,1,43,2,1,4,0,1,3,66,66088
USER_009540,0.03547630288313343,-0.0025236971168665703,1,1,41,2,1,5,1,1,3,25,25079
USER_009541,0.04492966038707213,0.0069296603870721285,0,1,68,1,2,8,1,1,4,50,50088
USER_009542,0.03139270129134822,-0.006607298708651781,1,1,40,2,2,7,2,1,4,8,8032
USER_009543,0.051747334840197626,0.013747334840197627,0,0,55,1,3,6,1,2,3,11,11053
USER_009544,0.03146684537203947,-0.00653315462796053,1,1,43,1,2,5,2,1,1,68,68097
USER_009545,0.06112929240168879,0.02312929240168879,0,0,62,2,3,7,1,1,3,25,25055
USER_009546,0.03811380553756341,0.000113805537563412,0,0,48,1,1,4,0,1,4,52,52072
USER_009547,0.05006905205058031,0.012069052050580308,0,0,23,2,1,6,0,2,1,11,11057
USER_009548,0.05119035929474224,0.013190359294742243,0,0,62,1,1,9,0,1,4,68,68060
USER_009549,0.030586899958838912,-0.007413100041161087,1,1,48,2,3,7,3,1,2,11,11086
USER_009550,0.009197701770161673,-0.028802298229838326,1,1,64,1,1,9,1,1,4,63,63053
USER_009551,0.04541133631995752,0.007411336319957523,0,0,65,2,1,4,0,1,1,11,11072
USER_009552,0.041084325206873044,0.0030843252068730453,0,0,57,2,1,3,1,1,3,63,63047
USER_009553,0.04833739041362691,0.010337390413626912,0,0,62,1,1,5,2,2,2,76,76044
USER_009554,0.03660208791425743,-0.001397912085742567,1,1,62,2,2,3,1,1,3,47,47090
USER_009555,0.033543584517989264,-0.004456415482010735,1,1,69,2,2,4,2,1,3,54,54080
USER_009556,0.0701270951647255,0.0321270951647255,0,0,69,2,2,3,2,1,3,52,52065
USER_009557,0.01791468907733833,-0.020085310922661668,1,1,29,2,2,4,2,1,3,13,13060
USER_009558,0.05100925717546358,0.013009257175463584,0,0,68,2,1,4,1,1,5,11,11069
USER_009559,0.031380972127249135,-0.006619027872750864,1,1,34,2,1,3,2,1,2,50,50001
USER_009560,0.03496332073389367,-0.003036679266106332,1,1,43,2,2,7,2,1,2,73,73091
USER_009561,0.03524345751139051,-0.002756542488609487,1,1,20,2,1,3,1,1,4,73,73010
USER_009562,0.02794848588743114,-0.010051514112568858,1,1,32,1,1,5,3,1,5,11,11098
USER_009563,0.04856836315354359,0.010568363153543592,0,0,66,1,2,5,0,1,3,68,68065
USER_009564,0.06085965393924936,0.02285965393924936,0,0,55,2,1,5,3,2,5,11,11086
USER_009565,0.04705020491869992,0.009050204918699921,0,0,41,1,1,3,0,1,4,50,50021
USER_009566,0.04155072994318143,0.0035507299431814313,0,0,68,1,2,7,1,1,4,25,25034
USER_009567,0.0252033925135113,-0.012796607486488698,1,1,47,2,1,5,0,1,4,11,11017
USER_009568,0.04775237898736676,0.009752378987366764,0,0,61,2,1,1,1,1,3,63,63011
USER_009569,0.07234524447593949,0.034345244475939486,0,0,53,1,2,6,3,2,2,54,54025
USER_009570,0.034289580643073615,-0.003710419356926384,1,1,70,2,2,5,1,1,1,68,68001
USER_009571,0.03436024630972201,-0.00363975369027799,1,0,72,1,1,4,1,1,3,50,50023
USER_009572,0.031583663035285044,-0.006416336964714955,1,1,61,2,2,4,2,1,5,11,11057
USER_009573,0.0326587864825837,-0.005341213517416302,1,1,44,2,1,3,1,1,2,25,25067
USER_009574,0.0,-0.038,1,0,39,2,1,3,1,1,3,11,11025
USER_009575,0.046075530787835696,0.008075530787835697,0,0,19,1,1,5,1,2,2,73,73081
USER_009576,0.027316717354680796,-0.010683282645319203,1,1,24,2,1,8,1,1,1,50,50029
USER_009577,0.015846053218122998,-0.022153946781877,1,1,33,2,1,5,0,2,2,19,19066
USER_009578,0.05129784924598823,0.01329784924598823,0,0,41,2,1,5,0,1,4,11,11070
USER_009579,0.02376973322437096,-0.014230266775629039,1,0,47,2,1,5,0,1,5,52,52053
USER_009580,0.03491996419174364,-0.0030800358082563595,1,0,61,1,2,2,2,1,2,8,8015
USER_009581,0.0619966358678287,0.0239966358678287,0,0,65,2,1,2,0,1,3,8,8054
USER_009582,0.0188617630296323,-0.0191382369703677,1,1,63,2,1,4,0,1,2,8,8091
USER_009583,0.01701102648103357,-0.02098897351896643,1,1,18,2,2,4,0,2,4,73,73063
USER_009584,0.044039592843435074,0.006039592843435075,0,0,71,1,1,5,0,1,3,19,19097
USER_009585,0.05724231046015553,0.01924231046015553,0,1,44,2,1,7,0,1,4,11,11008
USER_009586,0.016384874234020557,-0.021615125765979442,1,1,26,2,1,5,1,1,4,54,54047
USER_009587,0.046115346052557654,0.008115346052557655,0,0,24,2,1,5,0,1,3,19,19066
USER_009588,0.04871499309942538,0.010714993099425384,0,0,22,2,2,5,3,1,2,73,73079
USER_009589,0.009112592744615197,-0.0288874072553848,1,1,47,1,1,3,2,1,1,8,8055
USER_009590,0.051977520068608306,0.013977520068608307,0,0,59,2,1,5,2,1,5,11,11098
USER_009591,0.05314908819763269,0.015149088197632693,0,0,44,2,1,7,0,1,2,76,76083
USER_009592,0.03532321640115963,-0.002676783598840368,1,0,27,2,1,4,2,1,1,54,54065
USER_009593,0.058785195434470125,0.020785195434470126,0,0,42,1,1,2,2,1,4,25,25014
USER_009594,0.05704683361487268,0.01904683361487268,0,0,35,1,1,4,1,1,3,66,66035
USER_009595,0.041546768885758076,0.0035467688857580768,0,0,24,1,2,3,1,1,3,54,54088
USER_009596,0.033228319145125994,-0.004771680854874005,1,1,74,2,2,4,1,1,5,8,8048
USER_009597,0.025407581611255645,-0.012592418388744354,1,1,48,1,2,1,0,1,5,52,52057
USER_009598,0.039436547359507135,0.0014365473595071357,0,0,49,1,2,4,2,1,4,11,11029
USER_009599,0.048546383795562684,0.010546383795562685,0,0,67,1,1,2,0,1,2,11,11055
USER_009600,0.03513734708439038,-0.002862652915609616,1,1,62,1,1,4,4,1,1,5,5039
USER_009601,0.007037484921069554,-0.030962515078930445,1,1,28,1,1,6,1,1,4,25,25048
USER_009602,0.059030708418648555,0.021030708418648555,0,0,27,1,1,4,0,1,3,54,54037
USER_009603,0.04285334832767341,0.00485334832767341,0,1,39,2,1,4,3,1,4,11,11078
USER_009604,0.034305632549847496,-0.0036943674501525026,1,1,48,1,3,3,0,1,2,25,25041
USER_009605,0.05285737582634933,0.014857375826349328,0,0,58,1,2,3,0,1,1,25,25020
USER_009606,0.06286957894724134,0.024869578947241337,0,0,64,2,1,5,1,1,2,66,66046
USER_009607,0.0,-0.038,1,1,31,2,1,4,1,2,1,11,11064
USER_009608,0.04651395474883108,0.008513954748831078,0,0,20,1,2,5,2,1,3,11,11059
USER_009609,0.018600261837844793,-0.019399738162155206,1,1,41,1,1,3,2,1,3,11,11060
USER_009610,0.04748665760198412,0.009486657601984118,0,0,31,1,1,4,1,1,4,5,5076
USER_009611,0.041918908035618686,0.003918908035618687,0,0,70,2,1,3,1,1,3,11,11048
USER_009612,0.04953589789660825,0.01153589789660825,0,0,33,1,1,2,0,1,4,11,11034
USER_009613,0.03251128578258017,-0.005488714217419831,1,1,72,2,2,6,0,2,2,11,11064
USER_009614,0.01190139832271272,-0.02609860167728728,1,1,45,2,1,5,5,1,3,68,68030
USER_009615,0.03324447713114998,-0.004755522868850018,1,1,52,1,2,5,1,1,3,13,13034
USER_009616,0.046102714527096744,0.008102714527096745,0,0,57,2,1,9,1,1,2,13,13055
USER_009617,0.05523088493012835,0.01723088493012835,0,0,19,2,2,4,2,1,3,25,25087
USER_009618,0.022422530492912124,-0.015577469507087875,1,1,73,2,1,6,0,2,3,11,11017
USER_009619,0.05540590640309526,0.017405906403095264,0,0,51,2,2,5,1,1,2,11,11086
USER_009620,0.03028191565530218,-0.007718084344697819,1,1,72,2,2,5,1,1,4,11,11073
USER_009621,0.0454367482239179,0.007436748223917898,0,0,35,2,1,3,3,1,2,50,50083
USER_009622,0.03235159070701551,-0.005648409292984491,1,1,24,2,1,5,1,1,3,73,73021
USER_009623,0.04273255941568153,0.004732559415681528,0,1,66,2,3,10,1,1,2,13,13049
USER_009624,0.05337816451855412,0.015378164518554123,0,0,55,2,1,6,2,1,3,19,19043
USER_009625,0.021594788840671963,-0.016405211159328036,1,0,59,2,2,6,2,1,3,8,8053
USER_009626,0.029801411548797528,-0.008198588451202471,1,1,24,2,2,4,0,2,4,52,52023
USER_009627,0.0427744388101313,0.004774438810131301,0,0,21,2,1,2,1,1,3,52,52062
USER_009628,0.07602375491545528,0.03802375491545528,0,0,60,2,2,6,2,1,3,50,50062
USER_009629,0.027052154317497582,-0.010947845682502417,1,1,33,2,1,4,2,1,4,68,68002
USER_009630,0.07060200828995378,0.03260200828995378,0,0,66,1,1,5,0,1,1,11,11096
USER_009631,0.07006634955512757,0.03206634955512757,0,1,23,2,2,3,0,2,5,19,19062
USER_009632,0.03854033273947614,0.0005403327394761376,0,0,37,2,2,3,2,1,3,25,25019
USER_009633,0.0355277121070015,-0.002472287892998498,1,1,48,1,1,5,1,1,5,54,54070
USER_009634,0.02961902202002963,-0.00838097797997037,1,0,36,2,2,6,0,2,2,11,11044
USER_009635,0.038976962045009965,0.0009769620450099659,0,0,69,2,1,8,1,1,3,52,52087
USER_009636,0.018899208511606633,-0.019100791488393366,1,1,39,2,2,3,1,1,2,5,5071
USER_009637,0.03885641474019104,0.0008564147401910402,0,1,38,2,1,4,2,1,3,68,68076
USER_009638,0.062453204107762846,0.024453204107762846,0,0,35,1,1,6,3,1,1,50,50096
USER_009639,0.03083372406284924,-0.0071662759371507595,1,1,49,1,1,3,1,1,2,11,11053
USER_009640,0.03638913544016424,-0.0016108645598357577,1,1,64,2,1,2,0,1,2,11,11095
USER_009641,0.014482892885991375,-0.023517107114008624,1,1,51,1,1,7,0,1,3,11,11040
USER_009642,0.045610931321965656,0.007610931321965657,0,0,68,2,2,4,1,1,3,11,11032
USER_009643,0.04396722527427061,0.005967225274270613,0,0,44,1,3,3,3,1,4,68,68075
USER_009644,0.04095553539648657,0.002955535396486568,0,0,55,2,1,4,3,1,4,66,66055
USER_009645,0.03674759424666785,-0.0012524057533321517,1,0,61,1,1,3,2,1,4,11,11044
USER_009646,0.03560863121841318,-0.002391368781586821,1,1,47,2,1,4,1,1,5,54,54092
USER_009647,0.04752850350551008,0.009528503505510079,0,0,50,2,2,7,1,1,2,11,11002
USER_009648,0.03956775097617065,0.001567750976170651,0,0,44,2,1,5,1,1,4,68,68029
USER_009649,0.04472457807332998,0.006724578073329983,0,0,72,2,1,5,3,1,4,73,73096
USER_009650,0.04322474226181822,0.005224742261818224,0,0,73,2,2,1,1,1,3,19,19071
USER_009651,0.05685140930643643,0.01885140930643643,0,0,40,2,1,6,0,1,2,5,5029
USER_009652,0.05015491146062581,0.012154911460625813,0,0,60,2,1,2,1,2,1,11,11055
USER_009653,0.04289292764725286,0.004892927647252861,0,0,36,2,1,3,0,1,3,25,25005
USER_009654,0.06277633045978269,0.02477633045978269,0,0,71,2,3,5,0,1,3,8,8093
USER_009655,0.046304027935848424,0.008304027935848425,0,0,48,1,2,4,0,1,4,76,76002
USER_009656,0.059574440331856285,0.021574440331856286,0,0,21,2,2,4,0,2,4,11,11093
USER_009657,0.04910413912579957,0.011104139125799571,0,0,70,2,1,2,1,1,1,54,54042
USER_009658,0.012371213816026858,-0.025628786183973143,1,1,36,1,3,6,3,1,2,73,73021
USER_009659,0.059572521449789945,0.021572521449789946,0,0,70,1,2,6,1,1,3,8,8012
USER_009660,0.04202764362014004,0.004027643620140041,0,0,55,2,1,6,2,1,3,11,11026
USER_009661,0.03922067843648833,0.0012206784364883344,0,0,57,2,2,5,2,2,1,68,68096
USER_009662,0.04422022521234366,0.006220225212343659,0,0,39,2,2,2,0,1,3,5,5020
USER_009663,0.03482525257064399,-0.0031747474293560077,1,1,26,1,2,5,2,1,3,11,11005
USER_009664,0.04340543290583418,0.00540543290583418,0,0,48,1,2,4,1,2,1,50,50068
USER_009665,0.031121859004853616,-0.006878140995146383,1,1,27,2,2,7,4,1,2,8,8041
USER_009666,0.05911408388101555,0.02111408388101555,0,0,27,1,3,6,2,1,4,8,8074
USER_009667,0.03829617829568425,0.000296178295684249,0,0,47,1,1,6,1,1,2,19,19012
USER_009668,0.0342612423591635,-0.0037387576408364973,1,1,27,1,3,1,0,2,4,11,11064
USER_009669,0.026126112764210892,-0.011873887235789107,1,1,53,1,2,4,5,1,2,11,11051
USER_009670,0.044031636837229625,0.006031636837229626,0,0,35,2,1,3,1,1,3,19,19097
USER_009671,0.04280660650187638,0.004806606501876379,0,0,61,1,1,7,3,1,4,11,11046
USER_009672,0.045826369205162594,0.007826369205162595,0,0,74,2,1,4,1,1,3,25,25069
USER_009673,0.02459122168742307,-0.01340877831257693,1,0,60,2,2,7,1,1,5,11,11075
USER_009674,0.015982282017826407,-0.02201771798217359,1,1,65,2,2,2,1,2,3,11,11030
USER_009675,0.0493838695375984,0.011383869537598401,0,0,36,2,1,4,2,1,2,25,25027
USER_009676,0.062269627928147615,0.024269627928147616,0,0,60,2,1,2,1,2,4,5,5094
USER_009677,0.02460469566415156,-0.01339530433584844,1,1,40,2,3,3,1,1,3,73,73046
USER_009678,0.06384161925342548,0.025841619253425478,0,0,21,1,2,4,0,2,3,63,63077
USER_009679,0.04425866588104571,0.006258665881045712,0,0,29,1,1,5,1,1,3,19,19025
USER_009680,0.03989405643173755,0.0018940564317375536,0,1,66,2,1,1,1,1,2,5,5079
USER_009681,0.03403676955181333,-0.0039632304481866665,1,1,41,1,3,6,0,1,2,5,5066
USER_009682,0.01923222970862505,-0.018767770291374948,1,1,30,1,1,8,1,2,1,66,66075
USER_009683,0.054815927738868994,0.016815927738868995,0,1,21,2,1,6,0,1,2,11,11001
USER_009684,0.028365904578435956,-0.009634095421564043,1,1,44,2,2,4,5,1,1,11,11022
USER_009685,0.028302899863935995,-0.009697100136064004,1,1,55,2,1,7,1,1,3,13,13065
USER_009686,0.05487889464830432,0.01687889464830432,0,0,56,2,1,10,1,1,2,25,25044
USER_009687,0.011755248299924104,-0.026244751700075897,1,1,25,1,3,9,1,1,4,11,11099
USER_009688,0.017146032839977503,-0.020853967160022496,1,1,43,2,1,3,2,1,3,50,50057
USER_009689,0.03972798634737877,0.0017279863473787724,0,0,51,2,1,2,2,1,3,68,68054
USER_009690,0.04439926643507278,0.006399266435072784,0,0,26,1,1,3,2,2,4,19,19010
USER_009691,0.04727101971953386,0.009271019719533861,0,0,27,2,2,2,2,1,2,66,66032
USER_009692,0.03547302259905621,-0.0025269774009437918,1,1,68,2,1,2,1,1,2,11,11058
USER_009693,0.07795554502962534,0.039955545029625346,0,0,18,1,2,2,1,1,2,66,66077
USER_009694,0.03658161161851249,-0.0014183883814875078,1,1,65,1,1,3,2,2,1,8,8006
USER_009695,0.03653820771845917,-0.0014617922815408288,1,1,67,2,2,6,1,1,3,25,25098
USER_009696,0.028045199967791836,-0.009954800032208163,1,1,25,2,2,5,1,1,3,25,25009
USER_009697,0.04185860224781607,0.003858602247816069,0,0,27,2,2,6,2,1,3,11,11084
USER_009698,0.04922441848070162,0.011224418480701624,0,0,71,1,2,5,1,1,2,11,11009
USER_009699,0.0580536708180019,0.020053670818001898,0,0,60,2,1,4,0,2,5,11,11031
USER_009700,0.017660736033396733,-0.020339263966603266,1,1,66,1,1,11,4,1,1,19,19084
USER_009701,0.03631006992466449,-0.0016899300753355079,1,1,42,2,2,3,2,1,2,25,25043
USER_009702,0.04670055416213716,0.008700554162137164,0,0,48,2,1,6,2,1,4,19,19068
USER_009703,0.04880586301891803,0.010805863018918033,0,0,56,2,1,2,2,2,2,13,13038
USER_009704,0.04009822986706809,0.002098229867068091,0,0,20,2,1,6,1,2,4,25,25039
USER_009705,0.048136359542981524,0.010136359542981525,0,0,56,2,2,7,0,1,5,68,68093
USER_009706,0.027865541606112994,-0.010134458393887005,1,1,55,1,2,6,1,2,4,25,25038
USER_009707,0.06336858148477535,0.025368581484775353,0,0,52,2,2,9,0,1,4,76,76081
USER_009708,0.054889421544691445,0.016889421544691446,0,1,25,2,3,2,2,1,4,11,11040
USER_009709,0.019826083194022417,-0.01817391680597758,1,1,18,2,2,6,0,1,3,11,11081
USER_009710,0.023873454278248666,-0.014126545721751333,1,1,22,2,1,4,1,2,2,50,50034
USER_009711,0.024296173748396405,-0.013703826251603594,1,1,73,2,1,3,1,1,2,11,11099
USER_009712,0.05016954956344793,0.012169549563447929,0,0,68,2,1,9,0,2,5,25,25044
USER_009713,0.020729083503737995,-0.017270916496262004,1,0,44,2,2,7,2,1,1,11,11043
USER_009714,0.03503463498687879,-0.00296536501312121,1,1,62,1,1,6,1,1,3,11,11036
USER_009715,0.04682056594625161,0.008820565946251614,0,0,43,2,1,3,3,1,3,50,50022
USER_009716,0.03900751098180348,0.001007510981803482,0,0,60,2,3,5,2,1,2,76,76021
USER_009717,0.043883312735690586,0.0058833127356905865,0,0,71,1,1,3,2,1,2,11,11018
USER_009718,0.024012959329768626,-0.013987040670231373,1,0,43,2,1,8,3,1,3,13,13047
USER_009719,0.04892281560095867,0.010922815600958674,0,0,28,1,2,3,1,1,4,19,19014
USER_009720,0.030801821612860054,-0.007198178387139945,1,1,51,1,1,9,2,1,5,8,8028
USER_009721,0.03513070488403088,-0.002869295115969117,1,1,58,2,2,3,2,1,4,11,11062
USER_009722,0.043565975918589794,0.005565975918589795,0,0,19,2,1,6,4,1,4,68,68018
USER_009723,0.041546173322962725,0.0035461733229627257,0,0,38,2,2,3,0,1,5,68,68097
USER_009724,0.0403597002852339,0.0023597002852338983,0,0,68,2,1,3,1,1,3,76,76028
USER_009725,0.028740597670348665,-0.009259402329651334,1,1,43,2,1,5,1,1,5,25,25083
USER_009726,0.03550675883201212,-0.0024932411679878808,1,1,29,1,1,4,2,1,2,73,73034
USER_009727,0.04003275386255554,0.002032753862555539,0,0,26,2,1,5,0,1,3,76,76079
USER_009728,0.019373721502493727,-0.018626278497506272,1,0,58,2,1,2,1,1,4,25,25079
USER_009729,0.03306200550529932,-0.004937994494700677,1,1,40,1,1,6,1,1,4,8,8020
USER_009730,0.0458151981854927,0.0078151981854927,0,0,59,2,1,5,2,2,3,11,11037
USER_009731,0.020838450942319866,-0.017161549057680133,1,1,22,1,1,3,1,2,1,50,50092
USER_009732,0.0573487247739136,0.019348724773913598,0,0,26,1,2,2,0,1,3,66,66036
USER_009733,0.05904419893899764,0.021044198938997644,0,0,72,2,3,4,2,1,3,66,66050
USER_009734,0.021322741360598717,-0.016677258639401282,1,1,67,2,1,4,0,1,4,11,11077
USER_009735,0.06036429449575209,0.022364294495752092,0,0,27,1,1,4,2,1,2,73,73051
USER_009736,0.03784627616931799,-0.00015372383068201073,1,1,66,2,1,4,2,2,5,8,8071
USER_009737,0.04627771838735582,0.008277718387355824,0,0,27,1,2,6,0,2,3,63,63085
USER_009738,0.032550234218076304,-0.005449765781923695,1,1,31,2,3,6,1,1,2,68,68018
USER_009739,0.05384567240840143,0.01584567240840143,0,0,53,2,2,3,3,1,3,76,76064
USER_009740,0.046091410282730005,0.008091410282730006,0,0,27,2,1,4,0,1,2,5,5074
USER_009741,0.02778770115103595,-0.01021229884896405,1,1,73,2,2,7,0,1,3,11,11062
USER_009742,0.022521970000520673,-0.015478029999479326,1,1,71,2,2,4,1,1,3,13,13067
USER_009743,0.018095463471861663,-0.019904536528138336,1,1,67,2,1,4,1,2,4,8,8087
USER_009744,0.042819126646491346,0.0048191266464913465,0,0,54,2,1,1,3,1,4,19,19070
USER_009745,0.048587071176696035,0.010587071176696036,0,0,58,1,2,6,1,1,3,66,66059
USER_009746,0.049764485181691624,0.011764485181691625,0,0,55,2,2,7,2,2,3,66,66091
USER_009747,0.038230283580889333,0.00023028358088933443,0,0,65,2,2,3,1,2,4,54,54094
USER_009748,0.022645053165034543,-0.015354946834965456,1,1,39,2,2,3,3,1,2,54,54030
USER_009749,0.029768878029643255,-0.008231121970356744,1,1,40,2,3,3,1,1,3,47,47015
USER_009750,0.05728522958442889,0.019285229584428888,0,0,33,2,2,3,1,2,5,68,68002
USER_009751,0.03273057153099878,-0.005269428469001219,1,1,28,2,1,2,0,2,2,52,52003
USER_009752,0.042151264460222146,0.004151264460222147,0,0,70,1,2,7,1,1,1,13,13010
USER_009753,0.023865242746376688,-0.014134757253623311,1,1,64,2,1,4,0,1,1,63,63059
USER_009754,0.04504874568188552,0.007048745681885522,0,0,68,2,1,6,2,1,1,68,68094
USER_009755,0.033134731574813836,-0.004865268425186163,1,1,52,2,3,3,0,1,4,8,8020
USER_009756,0.055700690706636455,0.017700690706636456,0,0,65,2,3,4,0,1,4,73,73074
USER_009757,0.051603365593102205,0.013603365593102205,0,0,70,2,2,2,1,1,1,11,11016
USER_009758,0.03256441080137651,-0.00543558919862349,1,1,37,2,1,5,1,1,4,52,52004
USER_009759,0.03810003958978505,0.00010003958978505034,0,0,54,2,1,1,2,2,2,11,11024
USER_009760,0.03173325639939057,-0.0062667436006094285,1,1,58,2,1,5,2,1,3,19,19056
USER_009761,0.018708502051824855,-0.019291497948175144,1,1,22,2,1,2,2,1,5,11,11088
USER_009762,0.027138363556791754,-0.010861636443208245,1,1,53,2,1,8,0,2,4,11,11049
USER_009763,0.0429732599158123,0.004973259915812302,0,0,30,2,1,6,1,1,3,25,25006
USER_009764,0.04487889247344373,0.006878892473443733,0,0,69,2,1,7,1,1,3,11,11009
USER_009765,0.042228218553889585,0.004228218553889586,0,0,34,1,3,3,3,1,3,19,19002
USER_009766,0.03547400419062047,-0.0025259958093795318,1,1,43,2,1,4,1,1,2,52,52076
USER_009767,0.05399599908581478,0.015995999085814783,0,0,69,1,1,3,0,1,4,11,11083
USER_009768,0.040953128568414064,0.002953128568414065,0,0,61,2,1,4,1,1,2,68,68016
USER_009769,0.05054880742143921,0.012548807421439212,0,0,69,1,2,4,2,1,4,11,11096
USER_009770,0.013393373016962223,-0.024606626983037776,1,1,74,1,1,4,0,2,2,73,73010
USER_009771,0.0,-0.038,1,1,37,2,1,1,4,1,1,54,54048
USER_009772,0.0442568204175712,0.006256820417571203,0,0,56,2,1,4,3,1,4,11,11003
USER_009773,0.01862851519417766,-0.01937148480582234,1,1,50,2,2,4,1,1,4,19,19021
USER_009774,0.03681322445930416,-0.0011867755406958364,1,1,47,1,1,2,0,1,4,5,5044
USER_009775,0.035468544384630915,-0.002531455615369084,1,0,33,2,2,4,4,1,2,11,11096
USER_009776,0.06381100903623306,0.02581100903623306,0,0,24,2,1,8,0,2,2,25,25075
USER_009777,0.045999948294154096,0.007999948294154097,0,0,47,2,2,3,1,1,1,54,54075
USER_009778,0.04248788540198009,0.004487885401980092,0,0,19,2,2,5,0,1,1,8,8068
USER_009779,0.05255486731950511,0.014554867319505109,0,0,29,1,1,4,2,2,3,11,11053
USER_009780,0.045527463802585585,0.007527463802585586,0,0,60,2,1,7,0,2,2,19,19077
USER_009781,0.033134845105173505,-0.004865154894826494,1,1,57,2,2,4,2,1,5,11,11011
USER_009782,0.0560721389538184,0.0180721389538184,0,0,18,2,2,2,0,1,2,52,52034
USER_009783,0.02335374808167589,-0.01464625191832411,1,1,20,2,1,7,1,1,3,66,66001
USER_009784,0.04484870781300344,0.006848707813003438,0,0,25,2,1,2,3,1,5,11,11035
USER_009785,0.016786453087955334,-0.021213546912044665,1,1,43,1,1,5,0,1,3,19,19006
USER_009786,0.04305915786273993,0.00505915786273993,0,0,57,1,1,2,0,1,5,25,25018
USER_009787,0.042894844626593945,0.004894844626593946,0,0,28,1,2,5,0,1,4,76,76073
USER_009788,0.06514682442871994,0.02714682442871994,0,0,38,2,2,7,3,1,2,25,25023
USER_009789,0.01652539159837331,-0.02147460840162669,1,1,22,1,1,5,2,1,4,5,5025
USER_009790,0.030986692362192814,-0.007013307637807185,1,1,57,2,3,2,0,1,2,54,54042
USER_009791,0.052340236398612155,0.014340236398612156,0,0,43,2,1,6,4,2,2,5,5086
USER_009792,0.04502975884595962,0.007029758845959619,0,0,38,2,1,4,0,2,4,11,11017
USER_009793,0.04270457577006254,0.004704575770062544,0,0,26,2,1,3,0,1,3,11,11009
USER_009794,0.025657964455621914,-0.012342035544378085,1,1,34,1,1,3,2,2,1,52,52050
USER_009795,0.031137724778628563,-0.006862275221371436,1,1,54,2,1,3,3,1,4,66,66038
USER_009796,0.05867561512334885,0.020675615123348853,0,0,68,2,1,4,2,1,2,13,13041
USER_009797,0.039227362093691084,0.0012273620936910853,0,0,68,1,2,7,0,2,3,19,19013
USER_009798,0.0456303954421671,0.0076303954421671,0,0,19,2,1,2,1,1,3,54,54057
USER_009799,0.038272175068352815,0.00027217506835281596,0,0,68,1,1,2,0,2,2,68,68018
USER_009800,0.022253717271253522,-0.015746282728746477,1,1,72,1,2,10,1,1,1,73,73010
USER_009801,0.05400715639112495,0.016007156391124953,0,0,64,2,2,4,2,1,4,5,5079
USER_009802,0.047548485767987446,0.009548485767987447,0,0,57,2,1,3,2,2,5,68,68082
USER_009803,0.07458455256050783,0.036584552560507834,0,0,45,2,1,4,0,1,3,54,54069
USER_009804,0.024766279305241827,-0.013233720694758172,1,0,73,2,1,4,0,1,4,11,11036
USER_009805,0.052338593818007206,0.014338593818007207,0,0,44,1,1,6,3,1,4,73,73005
USER_009806,0.020326840509444985,-0.017673159490555014,1,1,57,1,1,4,3,1,3,11,11037
USER_009807,0.04236019851509617,0.00436019851509617,0,0,18,2,1,5,4,1,3,11,11008
USER_009808,0.05464759883594747,0.01664759883594747,0,0,63,2,1,6,1,1,4,19,19020
USER_009809,0.008917973258552698,-0.029082026741447303,1,1,28,1,2,6,1,2,4,19,19034
USER_009810,0.036926012886375884,-0.0010739871136241155,1,1,56,1,1,5,0,1,2,66,66051
USER_009811,0.031551853989360695,-0.006448146010639304,1,1,35,1,2,2,6,1,3,68,68090
USER_009812,0.029470640525573175,-0.008529359474426824,1,1,44,2,1,10,1,1,4,5,5047
USER_009813,0.04577818978389032,0.0077781897838903186,0,0,64,2,1,5,3,1,3,68,68042
USER_009814,0.05681028559633893,0.018810285596338933,0,0,27,2,2,4,1,1,3,25,25079
USER_009815,0.03800081927156267,8.192715626742508e-07,0,1,53,1,1,5,0,2,4,66,66025
USER_009816,0.0430822964134003,0.0050822964134003,0,0,38,1,1,10,0,1,1,47,47095
USER_009817,0.04171463129588872,0.0037146312958887193,0,0,45,1,3,6,1,1,5,11,11009
USER_009818,0.04002705259534621,0.0020270525953462112,0,0,18,2,2,4,0,1,4,68,68037
USER_009819,0.02365986043431841,-0.01434013956568159,1,1,31,2,2,3,0,2,2,68,68035
USER_009820,0.056626669025843394,0.018626669025843395,0,0,37,1,1,6,2,2,5,25,25090
USER_009821,0.04442793052238254,0.006427930522382538,0,0,69,1,1,7,0,1,2,73,73052
USER_009822,0.045923222350038664,0.007923222350038665,0,0,74,2,1,7,1,2,5,66,66004
USER_009823,0.027902355564616267,-0.010097644435383732,1,1,26,2,1,5,0,1,3,52,52090
USER_009824,0.03311169403016139,-0.004888305969838608,1,1,62,1,1,5,0,1,3,25,25011
USER_009825,0.037357987034338326,-0.000642012965661673,1,1,44,2,2,5,1,1,3,63,63039
USER_009826,0.016988129598267225,-0.021011870401732774,1,0,66,2,2,7,2,1,5,50,50005
USER_009827,0.014679485122034826,-0.023320514877965173,1,1,73,2,2,2,2,1,5,11,11020
USER_009828,0.030988781040421482,-0.007011218959578517,1,1,69,2,2,4,3,2,2,68,68058
USER_009829,0.04783781149663585,0.009837811496635852,0,0,21,1,1,1,1,1,2,25,25059
USER_009830,0.030202939151050885,-0.007797060848949114,1,1,54,2,2,5,2,1,3,19,19023
USER_009831,0.0247179220361393,-0.0132820779638607,1,1,35,2,3,3,0,1,4,76,76037
USER_009832,0.02777971520143495,-0.01022028479856505,1,1,48,1,2,3,1,1,3,63,63067
USER_009833,0.03316986365282031,-0.0048301363471796865,1,1,66,2,1,6,2,2,2,73,73051
USER_009834,0.034692115557698446,-0.0033078844423015535,1,1,70,2,2,5,5,1,3,54,54013
USER_009835,0.07248282178309835,0.034482821783098354,0,0,56,2,2,6,1,1,4,8,8033
USER_009836,0.055819309427309775,0.017819309427309776,0,0,27,1,1,4,2,1,1,11,11085
USER_009837,0.05537161168422592,0.01737161168422592,0,0,26,2,1,7,0,2,3,25,25020
USER_009838,0.05752870546410072,0.019528705464100723,0,0,45,2,1,5,1,1,2,11,11058
USER_009839,0.02501768695998926,-0.01298231304001074,1,1,45,1,2,6,1,1,3,8,8082
USER_009840,0.021664530775191416,-0.016335469224808583,1,1,30,2,1,3,1,2,1,13,13092
USER_009841,0.02339694562698915,-0.014603054373010849,1,0,35,2,1,4,0,2,3,73,73060
USER_009842,0.060017592000067566,0.022017592000067567,0,0,29,2,3,3,1,1,5,11,11091
USER_009843,0.03179212316676264,-0.006207876833237362,1,1,25,2,2,4,4,1,2,25,25088
USER_009844,0.021229657266410698,-0.0167703427335893,1,1,40,2,1,8,1,1,2,76,76033
USER_009845,0.033535056996702804,-0.004464943003297195,1,1,67,1,2,4,1,1,4,11,11006
USER_009846,0.03642091702428059,-0.0015790829757194105,1,1,22,2,2,8,1,2,2,11,11048
USER_009847,0.04402619910541843,0.006026199105418434,0,0,24,1,2,4,3,2,3,19,19055
USER_009848,0.043764265310680645,0.0057642653106806455,0,0,32,1,2,6,2,2,5,73,73074
USER_009849,0.027577291541897378,-0.010422708458102621,1,1,20,2,2,5,1,2,4,47,47091
USER_009850,0.05028484588770567,0.012284845887705668,0,0,35,1,1,4,0,1,4,11,11079
USER_009851,0.03041209699374763,-0.00758790300625237,1,1,55,1,1,5,0,1,3,66,66035
USER_009852,0.037655854949424354,-0.00034414505057564493,1,1,43,1,2,5,0,2,1,25,25032
USER_009853,0.05030161105755033,0.01230161105755033,0,0,55,2,2,7,1,1,4,25,25093
USER_009854,0.03037267894083488,-0.00762732105916512,1,1,69,2,2,7,1,1,4,25,25003
USER_009855,0.031459728646282936,-0.006540271353717063,1,1,50,2,2,4,0,1,4,76,76016
USER_009856,0.048875020745396965,0.010875020745396966,0,0,38,1,1,4,1,1,2,25,25036
USER_009857,0.02713400235092471,-0.010865997649075289,1,1,34,1,1,3,2,1,3,66,66076
USER_009858,0.03422811964593894,-0.0037718803540610565,1,1,60,2,1,5,1,1,2,11,11031
USER_009859,0.048336132670643385,0.010336132670643386,0,1,73,1,3,6,2,2,4,8,8034
USER_009860,0.07081138662153963,0.03281138662153963,0,0,19,2,2,1,1,1,5,63,63091
USER_009861,0.0490810675714412,0.0110810675714412,0,1,42,1,1,2,1,1,3,11,11005
USER_009862,0.047089596444850175,0.009089596444850176,0,0,58,2,1,5,1,2,2,68,68099
USER_009863,0.04796202375509095,0.009962023755090949,0,0,36,2,1,4,0,1,3,68,68075
USER_009864,0.02390214588899426,-0.01409785411100574,1,0,55,1,1,4,0,1,3,52,52019
USER_009865,0.041733951080198624,0.0037339510801986248,0,0,42,1,1,2,1,1,3,11,11014
USER_009866,0.03955350267495397,0.001553502674953973,0,0,56,2,3,7,2,1,3,13,13062
USER_009867,0.04482376810559134,0.006823768105591342,0,0,21,2,3,6,3,1,2,11,11034
USER_009868,0.04174762078713806,0.003747620787138063,0,0,20,2,1,7,1,2,3,11,11078
USER_009869,0.04569549516125669,0.007695495161256692,0,0,51,1,1,3,1,1,5,11,11014
USER_009870,0.03532799207651197,-0.002672007923488026,1,1,59,2,2,4,1,2,4,13,13085
USER_009871,0.04087913376057689,0.002879133760576892,0,0,27,1,2,4,3,2,4,54,54078
USER_009872,0.02158257150914512,-0.01641742849085488,1,1,66,1,2,7,4,1,4,25,25068
USER_009873,0.03520139082995629,-0.002798609170043709,1,1,44,1,2,6,2,1,3,8,8083
USER_009874,0.060862503222649654,0.022862503222649655,0,0,65,1,1,4,1,2,2,11,11036
USER_009875,0.044782125094423836,0.006782125094423837,0,1,43,2,3,4,3,1,2,76,76082
USER_009876,0.03968618443925385,0.0016861844392538489,0,0,44,1,2,5,0,1,2,50,50087
USER_009877,0.0684418491438152,0.030441849143815196,0,0,18,2,2,6,1,1,3,19,19083
USER_009878,0.019587475325483814,-0.018412524674516186,1,0,61,1,1,4,1,1,4,76,76028
USER_009879,0.023358166668306705,-0.014641833331693294,1,1,37,2,3,4,0,1,4,25,25012
USER_009880,0.0656906711691441,0.027690671169144095,0,0,69,2,1,7,2,1,5,66,66065
USER_009881,0.04068941404073401,0.0026894140407340075,0,1,42,2,3,6,1,1,2,19,19019
USER_009882,0.036361254455653094,-0.0016387455443469048,1,1,27,2,3,6,0,1,4,68,68094
USER_009883,0.022011935123565352,-0.015988064876434647,1,1,18,1,2,5,1,1,3,25,25053
USER_009884,0.04671544399592518,0.008715443995925179,0,0,33,1,2,4,6,2,3,63,63035
USER_009885,0.04816689804291194,0.010166898042911938,0,1,28,2,2,5,2,1,4,63,63064
USER_009886,0.023582584587476557,-0.014417415412523442,1,1,21,2,3,3,2,1,3,25,25071
USER_009887,0.037895866216743575,-0.0001041337832564243,1,1,52,1,3,5,3,1,4,11,11007
USER_009888,0.03496726251950401,-0.003032737480495991,1,0,74,2,2,5,0,1,2,11,11005
USER_009889,0.043839657196281565,0.0058396571962815655,0,0,30,2,1,5,2,2,3,5,5071
USER_009890,0.023211246366690343,-0.014788753633309656,1,1,38,2,1,4,3,1,4,5,5053
USER_009891,0.05877921181769736,0.02077921181769736,0,0,32,2,2,3,3,1,4,52,52054
USER_009892,0.05373735672396406,0.015737356723964063,0,0,74,2,2,5,2,2,2,76,76097
USER_009893,0.034552366619007756,-0.0034476333809922433,1,1,27,1,1,5,0,2,3,11,11045
USER_009894,0.036753719325424435,-0.0012462806745755645,1,0,55,2,1,7,1,1,2,54,54034
USER_009895,0.03795366774583576,-4.633225416424136e-05,1,1,28,2,1,2,0,2,3,25,25056
USER_009896,0.02832537170490245,-0.009674628295097548,1,1,74,2,2,2,1,1,5,25,25021
USER_009897,0.033348558726474464,-0.004651441273525535,1,0,49,1,2,4,2,2,3,66,66072
USER_009898,0.035945944484880865,-0.002054055515119134,1,1,50,2,1,5,1,2,3,25,25023
USER_009899,0.06419302556060692,0.026193025560606924,0,0,37,1,2,3,1,1,3,73,73054
USER_009900,0.05419927462495655,0.01619927462495655,0,0,53,2,3,4,0,2,5,76,76098
USER_009901,0.054019820610049354,0.016019820610049355,0,0,47,2,1,5,2,1,4,63,63087
USER_009902,0.04554888419506586,0.007548884195065858,0,0,27,2,1,4,0,1,3,8,8036
USER_009903,0.023240094866031482,-0.014759905133968517,1,1,71,2,1,2,0,2,3,52,52011
USER_009904,0.039377633431339314,0.0013776334313393146,0,0,32,2,2,8,1,1,3,76,76010
USER_009905,0.0545573268942007,0.016557326894200704,0,0,46,2,3,2,1,1,2,73,73038
USER_009906,0.021126030559490677,-0.016873969440509323,1,1,18,2,1,4,0,1,4,11,11052
USER_009907,0.049548298103098964,0.011548298103098965,0,0,38,2,1,3,2,1,2,68,68054
USER_009908,0.07483913837894149,0.03683913837894149,0,0,32,2,1,3,0,1,3,11,11002
USER_009909,0.05592724968984598,0.017927249689845978,0,0,20,2,2,2,0,2,2,8,8063
USER_009910,0.061210437033429814,0.023210437033429815,0,0,50,2,2,7,1,2,5,5,5067
USER_009911,0.04327508125663241,0.005275081256632411,0,0,55,2,1,5,0,1,3,76,76075
USER_009912,0.05451897923147485,0.01651897923147485,0,0,36,2,2,5,0,1,5,11,11044
USER_009913,0.02923220178468947,-0.00876779821531053,1,1,21,2,3,4,0,1,4,11,11026
USER_009914,0.0519379571851184,0.0139379571851184,0,0,29,2,1,5,1,1,4,11,11024
USER_009915,0.04981582201091145,0.011815822010911449,0,0,42,2,2,9,0,1,3,52,52051
USER_009916,0.04434866761056495,0.006348667610564948,0,0,51,2,1,2,2,2,5,11,11044
USER_009917,0.05974011129577748,0.02174011129577748,0,0,34,2,1,4,0,1,3,50,50037
USER_009918,0.03191822743228917,-0.006081772567710829,1,1,23,1,1,3,1,2,4,5,5014
USER_009919,0.03719413725289507,-0.0008058627471049309,1,1,29,2,2,5,2,1,2,13,13027
USER_009920,0.041431930620374445,0.003431930620374446,0,0,32,2,1,3,1,2,3,63,63007
USER_009921,0.024555835433658992,-0.013444164566341007,1,1,34,1,1,2,3,1,3,11,11002
USER_009922,0.04340397915700372,0.005403979157003719,0,0,18,2,1,3,0,2,3,11,11079
USER_009923,0.014216043805692297,-0.023783956194307704,1,1,31,1,2,7,1,1,2,8,8094
USER_009924,0.055704318016423136,0.017704318016423137,0,0,72,2,2,3,0,1,2,52,52070
USER_009925,0.04069956049848949,0.0026995604984894894,0,0,19,2,1,4,1,2,4,11,11091
USER_009926,0.032186606441443555,-0.005813393558556444,1,1,21,2,1,5,3,1,3,11,11086
USER_009927,0.027484395815573177,-0.010515604184426822,1,1,69,1,1,5,1,1,5,5,5069
USER_009928,0.036481314555712185,-0.0015186854442878137,1,1,19,2,1,2,1,1,1,47,47054
USER_009929,0.0503238956615862,0.012323895661586204,0,0,71,1,1,3,1,1,4,25,25029
USER_009930,0.048216084681063406,0.010216084681063407,0,1,43,2,1,4,2,1,1,54,54051
USER_009931,0.02941693079082309,-0.00858306920917691,1,0,63,2,1,5,3,2,1,25,25034
USER_009932,0.027309404910585488,-0.010690595089414511,1,1,67,2,1,3,1,1,2,13,13081
USER_009933,0.04985348059479471,0.011853480594794713,0,0,57,2,2,2,1,1,5,68,68072
USER_009934,0.02916478893077456,-0.00883521106922544,1,1,69,1,1,3,1,1,5,25,25015
USER_009935,0.04089864661119255,0.0028986466111925527,0,0,50,1,1,2,2,1,2,66,66016
USER_009936,0.04185631963786415,0.0038563196378641543,0,0,65,2,1,2,2,1,3,68,68026
USER_009937,0.044680931975901075,0.006680931975901076,0,0,56,2,2,9,1,2,2,25,25018
USER_009938,0.05287405645272808,0.01487405645272808,0,0,23,1,1,3,3,2,4,11,11036
USER_009939,0.02105555594699016,-0.01694444405300984,1,1,47,1,2,3,1,1,1,11,11007
USER_009940,0.011332610121092686,-0.026667389878907315,1,1,39,2,1,3,0,1,2,11,11029
USER_009941,0.031488290781574724,-0.006511709218425275,1,1,44,1,2,9,0,2,2,8,8067
USER_009942,0.06702292611748278,0.029022926117482785,0,0,36,2,1,5,0,2,2,63,63008
USER_009943,0.07033261150131068,0.03233261150131068,0,0,27,2,1,2,1,2,3,11,11021
USER_009944,0.06746765703348831,0.02946765703348831,0,0,72,2,2,3,0,1,2,68,68007
USER_009945,0.03710527948358966,-0.0008947205164103397,1,0,23,2,1,6,0,1,2,54,54092
USER_009946,0.01326827377022757,-0.02473172622977243,1,1,43,2,1,3,0,1,4,52,52032
USER_009947,0.00485441347522239,-0.03314558652477761,1,1,59,2,1,5,2,2,3,11,11048
USER_009948,0.030789427576758833,-0.007210572423241166,1,1,74,2,3,2,0,1,4,5,5034
USER_009949,0.0370288955477596,-0.0009711044522403983,1,1,68,2,1,3,1,1,2,50,50097
USER_009950,0.059509381015839385,0.021509381015839386,0,0,20,2,1,4,2,1,3,5,5093
USER_009951,0.05301708189313668,0.015017081893136684,0,0,69,1,2,3,1,1,3,11,11019
USER_009952,0.04341107618487431,0.005411076184874311,0,0,20,2,2,3,0,1,3,76,76087
USER_009953,0.026652328435882878,-0.011347671564117121,1,1,69,2,2,4,2,1,5,25,25084
USER_009954,0.02558830662632665,-0.01241169337367335,1,1,23,1,1,4,5,2,2,50,50024
USER_009955,0.04381191530607153,0.00581191530607153,0,0,66,2,1,3,1,1,5,11,11064
USER_009956,0.0504557646825959,0.012455764682595898,0,0,67,1,1,5,1,2,2,8,8067
USER_009957,0.04587821893368377,0.007878218933683769,0,1,27,2,2,6,1,2,2,25,25078
USER_009958,0.024481030605900178,-0.013518969394099821,1,1,55,1,1,8,2,1,4,54,54026
USER_009959,0.04976001443188129,0.011760014431881294,0,0,30,2,1,6,4,1,4,54,54001
USER_009960,0.04638866450652117,0.00838866450652117,0,0,55,2,1,4,2,2,3,68,68024
USER_009961,0.023940003907147327,-0.014059996092852672,1,1,29,2,1,3,4,2,4,52,52006
USER_009962,0.028235185445496167,-0.009764814554503832,1,1,63,1,1,3,1,2,3,5,5004
USER_009963,0.0503274396184235,0.012327439618423502,0,0,66,2,2,3,2,1,4,63,63058
USER_009964,0.036482386972811635,-0.0015176130271883637,1,1,71,2,1,3,1,1,4,76,76029
USER_009965,0.06383720952454686,0.025837209524546857,0,0,44,1,2,4,2,1,4,5,5073
USER_009966,0.04751693914096865,0.009516939140968649,0,0,74,1,1,5,0,1,3,8,8068
USER_009967,0.032700532177160964,-0.005299467822839035,1,1,25,2,1,5,4,1,1,11,11004
USER_009968,0.03984691599413601,0.0018469159941360141,0,0,22,2,1,8,2,1,3,63,63079
USER_009969,0.040950750889565776,0.002950750889565777,0,0,53,2,1,5,0,1,2,25,25095
USER_009970,0.02907414530137435,-0.008925854698625647,1,1,55,1,1,6,2,1,4,54,54047
USER_009971,0.026311177027335604,-0.011688822972664395,1,1,60,1,3,4,0,1,4,5,5088
USER_009972,0.050520848407142493,0.012520848407142494,0,0,47,2,1,4,1,1,2,11,11022
USER_009973,0.052679099455631435,0.014679099455631436,0,0,54,2,2,2,1,1,3,11,11030
USER_009974,0.04905672204329438,0.01105672204329438,0,0,46,2,2,3,1,1,3,66,66099
USER_009975,0.06272977141485703,0.02472977141485703,0,0,39,2,1,8,0,2,5,11,11090
USER_009976,0.03187340145982597,-0.0061265985401740275,1,1,31,2,2,5,1,1,3,19,19066
USER_009977,0.06511406149106695,0.027114061491066953,0,0,27,1,2,2,0,1,4,5,5079
USER_009978,0.02648618322168771,-0.01151381677831229,1,1,28,1,2,6,0,1,3,25,25050
USER_009979,0.02480971654947261,-0.01319028345052739,1,1,52,1,1,6,2,1,2,5,5028
USER_009980,0.013600616767761248,-0.024399383232238753,1,1,40,2,3,2,0,1,2,68,68093
USER_009981,0.033313070292597745,-0.004686929707402254,1,1,25,2,1,5,3,1,3,11,11028
USER_009982,0.032444164947558196,-0.005555835052441803,1,1,38,2,2,5,1,1,3,8,8078
USER_009983,0.04788905920381976,0.009889059203819758,0,0,54,1,1,6,2,1,4,5,5004
USER_009984,0.043658364124306764,0.005658364124306765,0,1,45,1,3,6,0,1,1,5,5086
USER_009985,0.02210539943471295,-0.015894600565287048,1,1,69,2,1,6,2,2,2,11,11089
USER_009986,0.034109106423612735,-0.0038908935763872637,1,0,48,2,2,3,3,1,5,11,11001
USER_009987,0.03442806968368472,-0.0035719303163152805,1,0,70,2,2,4,0,1,3,50,50080
USER_009988,0.013360266295571611,-0.024639733704428388,1,1,45,2,1,5,0,1,4,76,76077
USER_009989,0.025285799094799458,-0.012714200905200541,1,1,59,2,1,2,1,1,5,54,54089
USER_009990,0.028437795540788662,-0.009562204459211337,1,1,44,1,1,5,1,1,4,54,54059
USER_009991,0.061504375297314194,0.023504375297314195,0,0,57,2,1,5,1,1,1,25,25096
USER_009992,0.04287176073936029,0.004871760739360291,0,0,38,1,1,4,2,1,2,68,68087
USER_009993,0.0499325313092125,0.011932531309212499,0,0,26,1,1,4,0,1,4,5,5048
USER_009994,0.017520467542761823,-0.020479532457238176,1,1,46,2,1,5,1,2,4,11,11046
USER_009995,0.057913217245209876,0.019913217245209877,0,0,32,2,2,4,0,1,5,63,63087
USER_009996,0.05951653094536139,0.021516530945361392,0,0,50,1,1,6,0,1,1,54,54097
USER_009997,0.01002482549283061,-0.02797517450716939,1,1,72,1,2,3,1,1,1,63,63018
USER_009998,0.02942024914126228,-0.00857975085873772,1,0,54,2,2,5,3,1,3,54,54037
USER_009999,0.047436483595232656,0.009436483595232657,0,0,64,2,2,5,2,1,4,11,11061
USER_010000,0.049665826803072737,0.011665826803072737,0,0,53,2,2,7,1,1,3,73,73059
